relative_path,parent_dataset,extension,size_bytes,modified_at,detected_format,encoding,schema_or_fields,spatial_fields,detected_crs,time_fields,time_coverage,row_count_estimate,source_or_owner_hint,license_hint,sensitivity_or_risk,proposed_ingestion_route,decision,decision_reason,follow_up_required
全球生物多樣性資料庫(TaiBIF)生物調查資料.json,TaiBIF 全球生物多樣性資料庫（生物調查資料）,.json,434138427,2026-07-29T11:40:31+08:00,JSON,utf-8,type; version; comment,type,,,,large,TaiBIF 臺灣生物多樣性資訊機構,可能為 CC BY 4.0 或 OGL，需確認,中,structured_evidence_candidate,候選,大型生物調查 JSON（~414 MB）。歷史觀測不等於目前可見。需抽樣確認分類群與座標欄位。,確認授權（CC BY / OGL）；抽樣驗證欄位；評估臺灣近岸子集
珊瑚礁浮潛決策支援專題資料盤點與研究規劃.docx,珊瑚礁浮潛決策支援專題資料盤點與研究規劃,.docx,279214,2026-09-17T22:39:04+08:00,DOCX,binary,,,,,,,使用者提供,未確認，使用者提供,中,excluded_or_link_only,排除,內部研究規劃文件，不可作為對使用者問答的事實來源。,無
92_全球珊瑚礁位置\資料說明.txt,92_全球珊瑚礁位置,.txt,270,2023-03-21T15:03:28+08:00,Text,utf-8,,,,,,,可能來自 UNEP-WCMC 或類似全球珊瑚礁資料庫,未確認,中,pending_rights_review,待審核,全球範圍資料。可篩選臺灣範圍作為 structured_evidence_candidate，但需確認來源授權與 CRS。不可因與海洋相關就直接列為臺灣浮潛知識來源。,確認來源授權；確認 CRS 是否為 WGS84；篩選臺灣範圍
92_全球珊瑚礁位置\92_全球珊瑚礁位置\ReefLocations.csv,92_全球珊瑚礁位置,.csv,1216139,2022-04-26T18:09:04+08:00,CSV,utf-8-sig,ID; REGION; SUBREGION; COUNTRY; LOCATION; LAT; LON; REEF_SYSTEM; REEF_TYPE; REEF_NAME; WATER_DEPTH; ISLAND_NAME; PROTECTED; TOURISM; COUNTRY_CODE,COUNTRY; LAT; LON; REEF_SYSTEM; REEF_TYPE; COUNTRY_CODE,,,,16682,可能來自 UNEP-WCMC 或類似全球珊瑚礁資料庫,未確認,中,pending_rights_review,待審核,全球範圍資料。可篩選臺灣範圍作為 structured_evidence_candidate，但需確認來源授權與 CRS。不可因與海洋相關就直接列為臺灣浮潛知識來源。,確認來源授權；確認 CRS 是否為 WGS84；篩選臺灣範圍
92_全球珊瑚礁位置\92_全球珊瑚礁位置\schema.ini,92_全球珊瑚礁位置,.ini,47,2022-04-26T18:09:04+08:00,INI,utf-8,,,,,,,可能來自 UNEP-WCMC 或類似全球珊瑚礁資料庫,未確認,中,pending_rights_review,待審核,全球範圍資料。可篩選臺灣範圍作為 structured_evidence_candidate，但需確認來源授權與 CRS。不可因與海洋相關就直接列為臺灣浮潛知識來源。,確認來源授權；確認 CRS 是否為 WGS84；篩選臺灣範圍
92_全球珊瑚礁位置\92_全球珊瑚礁位置\SHP\全球珊瑚礁位置.cpg,92_全球珊瑚礁位置,.cpg,5,2022-04-26T18:09:04+08:00,Shapefile CPG,utf-8,,,EPSG:4326,,,,可能來自 UNEP-WCMC 或類似全球珊瑚礁資料庫,未確認,中,pending_rights_review,待審核,全球範圍資料。可篩選臺灣範圍作為 structured_evidence_candidate，但需確認來源授權與 CRS。不可因與海洋相關就直接列為臺灣浮潛知識來源。,確認來源授權；確認 CRS 是否為 WGS84；篩選臺灣範圍
92_全球珊瑚礁位置\92_全球珊瑚礁位置\SHP\全球珊瑚礁位置.dbf,92_全球珊瑚礁位置,.dbf,23764034,2022-04-26T18:09:06+08:00,Shapefile,binary,,,EPSG:4326,,,,可能來自 UNEP-WCMC 或類似全球珊瑚礁資料庫,未確認,中,pending_rights_review,待審核,全球範圍資料。可篩選臺灣範圍作為 structured_evidence_candidate，但需確認來源授權與 CRS。不可因與海洋相關就直接列為臺灣浮潛知識來源。,確認來源授權；確認 CRS 是否為 WGS84；篩選臺灣範圍
92_全球珊瑚礁位置\92_全球珊瑚礁位置\SHP\全球珊瑚礁位置.prj,92_全球珊瑚礁位置,.prj,145,2022-04-26T18:09:04+08:00,Shapefile PRJ,utf-8,,,EPSG:4326,,,,可能來自 UNEP-WCMC 或類似全球珊瑚礁資料庫,未確認,中,pending_rights_review,待審核,全球範圍資料。可篩選臺灣範圍作為 structured_evidence_candidate，但需確認來源授權與 CRS。不可因與海洋相關就直接列為臺灣浮潛知識來源。,確認來源授權；確認 CRS 是否為 WGS84；篩選臺灣範圍
92_全球珊瑚礁位置\92_全球珊瑚礁位置\SHP\全球珊瑚礁位置.sbn,92_全球珊瑚礁位置,.sbn,100356,2022-04-26T18:09:04+08:00,Shapefile,binary,,,EPSG:4326,,,,可能來自 UNEP-WCMC 或類似全球珊瑚礁資料庫,未確認,中,pending_rights_review,待審核,全球範圍資料。可篩選臺灣範圍作為 structured_evidence_candidate，但需確認來源授權與 CRS。不可因與海洋相關就直接列為臺灣浮潛知識來源。,確認來源授權；確認 CRS 是否為 WGS84；篩選臺灣範圍
92_全球珊瑚礁位置\92_全球珊瑚礁位置\SHP\全球珊瑚礁位置.sbx,92_全球珊瑚礁位置,.sbx,3596,2022-04-26T18:09:04+08:00,Shapefile,binary,,,EPSG:4326,,,,可能來自 UNEP-WCMC 或類似全球珊瑚礁資料庫,未確認,中,pending_rights_review,待審核,全球範圍資料。可篩選臺灣範圍作為 structured_evidence_candidate，但需確認來源授權與 CRS。不可因與海洋相關就直接列為臺灣浮潛知識來源。,確認來源授權；確認 CRS 是否為 WGS84；篩選臺灣範圍
92_全球珊瑚礁位置\92_全球珊瑚礁位置\SHP\全球珊瑚礁位置.shp,92_全球珊瑚礁位置,.shp,281444,2022-04-26T18:09:04+08:00,Shapefile,binary,,,EPSG:4326,,,,可能來自 UNEP-WCMC 或類似全球珊瑚礁資料庫,未確認,中,pending_rights_review,待審核,全球範圍資料。可篩選臺灣範圍作為 structured_evidence_candidate，但需確認來源授權與 CRS。不可因與海洋相關就直接列為臺灣浮潛知識來源。,確認來源授權；確認 CRS 是否為 WGS84；篩選臺灣範圍
92_全球珊瑚礁位置\92_全球珊瑚礁位置\SHP\全球珊瑚礁位置.shp.xml,92_全球珊瑚礁位置,.xml,1470,2022-04-26T18:09:04+08:00,XML,utf-8,,,EPSG:4326,,,,可能來自 UNEP-WCMC 或類似全球珊瑚礁資料庫,未確認,中,pending_rights_review,待審核,全球範圍資料。可篩選臺灣範圍作為 structured_evidence_candidate，但需確認來源授權與 CRS。不可因與海洋相關就直接列為臺灣浮潛知識來源。,確認來源授權；確認 CRS 是否為 WGS84；篩選臺灣範圍
92_全球珊瑚礁位置\92_全球珊瑚礁位置\SHP\全球珊瑚礁位置.shx,92_全球珊瑚礁位置,.shx,80484,2022-04-26T18:09:04+08:00,Shapefile,binary,,,EPSG:4326,,,,可能來自 UNEP-WCMC 或類似全球珊瑚礁資料庫,未確認,中,pending_rights_review,待審核,全球範圍資料。可篩選臺灣範圍作為 structured_evidence_candidate，但需確認來源授權與 CRS。不可因與海洋相關就直接列為臺灣浮潛知識來源。,確認來源授權；確認 CRS 是否為 WGS84；篩選臺灣範圍
tmp_work\audit_current_data.py,tmp_work（暫存工作）,.py,10905,2026-09-17T22:30:49+08:00,Python,utf-8,,,,,,,專案內部暫存,未確認,低,excluded_or_link_only,排除,暫存腳本與報告素材，非正式資料來源，不可作為事實依據。,無
tmp_work\build_report.py,tmp_work（暫存工作）,.py,54667,2026-09-17T22:38:56+08:00,Python,utf-8,,,,,,,專案內部暫存,未確認,低,excluded_or_link_only,排除,暫存腳本與報告素材，非正式資料來源，不可作為事實依據。,無
tmp_work\report_assets\rag_architecture.png,tmp_work（暫存工作）,.png,123120,2026-09-17T22:39:04+08:00,Image,binary,,,,,,,專案內部暫存,未確認,低,excluded_or_link_only,排除,暫存腳本與報告素材，非正式資料來源，不可作為事實依據。,無
tmp_work\report_assets\research_framework.png,tmp_work（暫存工作）,.png,104754,2026-09-17T22:39:04+08:00,Image,binary,,,,,,,專案內部暫存,未確認,低,excluded_or_link_only,排除,暫存腳本與報告素材，非正式資料來源，不可作為事實依據。,無
全台開放釣點位置\海灘資料-全台開放釣點位置\海灘資料-全台開放釣點位置\全台開放釣點位置.kml,全台開放釣點位置,.kml,38636,2026-09-17T18:51:41+08:00,KML,utf-8,,,,,,,可能來自海巡署或漁業署,未確認,低,structured_evidence_candidate,候選,GIS KML 釣點位置資料。可作為近岸活動地點參考，但釣點不等於潛點。,確認來源與授權；確認 CRS
全國海灘環境調查\海灘資料-(人造物類)突堤\海灘資料-(人造物類)突堤\海灘_突堤.cpg,全國海灘環境調查,.cpg,5,2026-09-17T18:49:37+08:00,Shapefile CPG,utf-8,,,EPSG:4326,,,,可能來自營建署或水利署海岸調查,未確認，需檢查政府開放資料授權,低,structured_evidence_candidate,候選,海灘 GIS Shapefile（沙灘、礁岩、突堤、防護工、高潮線、植生、海岸看板、安檢所）。可提供海岸地理環境結構化證據，不可轉成文字 RAG 文件。,確認 CRS（需檢查 .prj）；確認來源與授權
全國海灘環境調查\海灘資料-(人造物類)突堤\海灘資料-(人造物類)突堤\海灘_突堤.dbf,全國海灘環境調查,.dbf,91165,2026-09-17T18:49:37+08:00,Shapefile,binary,,,EPSG:4326,,,,可能來自營建署或水利署海岸調查,未確認，需檢查政府開放資料授權,低,structured_evidence_candidate,候選,海灘 GIS Shapefile（沙灘、礁岩、突堤、防護工、高潮線、植生、海岸看板、安檢所）。可提供海岸地理環境結構化證據，不可轉成文字 RAG 文件。,確認 CRS（需檢查 .prj）；確認來源與授權
全國海灘環境調查\海灘資料-(人造物類)突堤\海灘資料-(人造物類)突堤\海灘_突堤.prj,全國海灘環境調查,.prj,145,2026-09-17T18:49:37+08:00,Shapefile PRJ,utf-8,,,EPSG:4326,,,,可能來自營建署或水利署海岸調查,未確認，需檢查政府開放資料授權,低,structured_evidence_candidate,候選,海灘 GIS Shapefile（沙灘、礁岩、突堤、防護工、高潮線、植生、海岸看板、安檢所）。可提供海岸地理環境結構化證據，不可轉成文字 RAG 文件。,確認 CRS（需檢查 .prj）；確認來源與授權
全國海灘環境調查\海灘資料-(人造物類)突堤\海灘資料-(人造物類)突堤\海灘_突堤.shp,全國海灘環境調查,.shp,27264,2026-09-17T18:49:37+08:00,Shapefile,binary,,,EPSG:4326,,,,可能來自營建署或水利署海岸調查,未確認，需檢查政府開放資料授權,低,structured_evidence_candidate,候選,海灘 GIS Shapefile（沙灘、礁岩、突堤、防護工、高潮線、植生、海岸看板、安檢所）。可提供海岸地理環境結構化證據，不可轉成文字 RAG 文件。,確認 CRS（需檢查 .prj）；確認來源與授權
全國海灘環境調查\海灘資料-(人造物類)突堤\海灘資料-(人造物類)突堤\海灘_突堤.shx,全國海灘環境調查,.shx,2412,2026-09-17T18:49:37+08:00,Shapefile,binary,,,EPSG:4326,,,,可能來自營建署或水利署海岸調查,未確認，需檢查政府開放資料授權,低,structured_evidence_candidate,候選,海灘 GIS Shapefile（沙灘、礁岩、突堤、防護工、高潮線、植生、海岸看板、安檢所）。可提供海岸地理環境結構化證據，不可轉成文字 RAG 文件。,確認 CRS（需檢查 .prj）；確認來源與授權
全國海灘環境調查\海灘資料-(人造物類)防護工\海灘資料-(人造物類)防護工\海灘_保護工.cpg,全國海灘環境調查,.cpg,5,2026-09-17T18:49:23+08:00,Shapefile CPG,utf-8,,,EPSG:4326,,,,可能來自營建署或水利署海岸調查,未確認，需檢查政府開放資料授權,低,structured_evidence_candidate,候選,海灘 GIS Shapefile（沙灘、礁岩、突堤、防護工、高潮線、植生、海岸看板、安檢所）。可提供海岸地理環境結構化證據，不可轉成文字 RAG 文件。,確認 CRS（需檢查 .prj）；確認來源與授權
全國海灘環境調查\海灘資料-(人造物類)防護工\海灘資料-(人造物類)防護工\海灘_保護工.dbf,全國海灘環境調查,.dbf,97698,2026-09-17T18:49:23+08:00,Shapefile,binary,,,EPSG:4326,,,,可能來自營建署或水利署海岸調查,未確認，需檢查政府開放資料授權,低,structured_evidence_candidate,候選,海灘 GIS Shapefile（沙灘、礁岩、突堤、防護工、高潮線、植生、海岸看板、安檢所）。可提供海岸地理環境結構化證據，不可轉成文字 RAG 文件。,確認 CRS（需檢查 .prj）；確認來源與授權
全國海灘環境調查\海灘資料-(人造物類)防護工\海灘資料-(人造物類)防護工\海灘_保護工.prj,全國海灘環境調查,.prj,145,2026-09-17T18:49:23+08:00,Shapefile PRJ,utf-8,,,EPSG:4326,,,,可能來自營建署或水利署海岸調查,未確認，需檢查政府開放資料授權,低,structured_evidence_candidate,候選,海灘 GIS Shapefile（沙灘、礁岩、突堤、防護工、高潮線、植生、海岸看板、安檢所）。可提供海岸地理環境結構化證據，不可轉成文字 RAG 文件。,確認 CRS（需檢查 .prj）；確認來源與授權
全國海灘環境調查\海灘資料-(人造物類)防護工\海灘資料-(人造物類)防護工\海灘_保護工.shp,全國海灘環境調查,.shp,56692,2026-09-17T18:49:23+08:00,Shapefile,binary,,,EPSG:4326,,,,可能來自營建署或水利署海岸調查,未確認，需檢查政府開放資料授權,低,structured_evidence_candidate,候選,海灘 GIS Shapefile（沙灘、礁岩、突堤、防護工、高潮線、植生、海岸看板、安檢所）。可提供海岸地理環境結構化證據，不可轉成文字 RAG 文件。,確認 CRS（需檢查 .prj）；確認來源與授權
全國海灘環境調查\海灘資料-(人造物類)防護工\海灘資料-(人造物類)防護工\海灘_保護工.shx,全國海灘環境調查,.shx,2660,2026-09-17T18:49:23+08:00,Shapefile,binary,,,EPSG:4326,,,,可能來自營建署或水利署海岸調查,未確認，需檢查政府開放資料授權,低,structured_evidence_candidate,候選,海灘 GIS Shapefile（沙灘、礁岩、突堤、防護工、高潮線、植生、海岸看板、安檢所）。可提供海岸地理環境結構化證據，不可轉成文字 RAG 文件。,確認 CRS（需檢查 .prj）；確認來源與授權
全國海灘環境調查\海灘資料-全台開放釣點位置\海灘資料-全台開放釣點位置\全台開放釣點位置.kml,全台開放釣點位置,.kml,38636,2026-09-17T18:49:48+08:00,KML,utf-8,,,,,,,可能來自海巡署或漁業署,未確認,低,structured_evidence_candidate,候選,GIS KML 釣點位置資料。可作為近岸活動地點參考，但釣點不等於潛點。,確認來源與授權；確認 CRS
全國海灘環境調查\海灘資料-安檢所及海巡隊\海灘資料-安檢所及海巡隊\海灘_安檢所與海巡隊.cpg,全國海灘環境調查,.cpg,5,2026-09-17T18:49:53+08:00,Shapefile CPG,utf-8,,,EPSG:4326,,,,可能來自營建署或水利署海岸調查,未確認，需檢查政府開放資料授權,低,structured_evidence_candidate,候選,海灘 GIS Shapefile（沙灘、礁岩、突堤、防護工、高潮線、植生、海岸看板、安檢所）。可提供海岸地理環境結構化證據，不可轉成文字 RAG 文件。,確認 CRS（需檢查 .prj）；確認來源與授權
全國海灘環境調查\海灘資料-安檢所及海巡隊\海灘資料-安檢所及海巡隊\海灘_安檢所與海巡隊.dbf,全國海灘環境調查,.dbf,30547859,2026-09-17T18:49:53+08:00,Shapefile,binary,,,EPSG:4326,,,,可能來自營建署或水利署海岸調查,未確認，需檢查政府開放資料授權,低,structured_evidence_candidate,候選,海灘 GIS Shapefile（沙灘、礁岩、突堤、防護工、高潮線、植生、海岸看板、安檢所）。可提供海岸地理環境結構化證據，不可轉成文字 RAG 文件。,確認 CRS（需檢查 .prj）；確認來源與授權
全國海灘環境調查\海灘資料-安檢所及海巡隊\海灘資料-安檢所及海巡隊\海灘_安檢所與海巡隊.prj,全國海灘環境調查,.prj,145,2026-09-17T18:49:53+08:00,Shapefile PRJ,utf-8,,,EPSG:4326,,,,可能來自營建署或水利署海岸調查,未確認，需檢查政府開放資料授權,低,structured_evidence_candidate,候選,海灘 GIS Shapefile（沙灘、礁岩、突堤、防護工、高潮線、植生、海岸看板、安檢所）。可提供海岸地理環境結構化證據，不可轉成文字 RAG 文件。,確認 CRS（需檢查 .prj）；確認來源與授權
全國海灘環境調查\海灘資料-安檢所及海巡隊\海灘資料-安檢所及海巡隊\海灘_安檢所與海巡隊.shp,全國海灘環境調查,.shp,2318080,2026-09-17T18:49:53+08:00,Shapefile,binary,,,EPSG:4326,,,,可能來自營建署或水利署海岸調查,未確認，需檢查政府開放資料授權,低,structured_evidence_candidate,候選,海灘 GIS Shapefile（沙灘、礁岩、突堤、防護工、高潮線、植生、海岸看板、安檢所）。可提供海岸地理環境結構化證據，不可轉成文字 RAG 文件。,確認 CRS（需檢查 .prj）；確認來源與授權
全國海灘環境調查\海灘資料-安檢所及海巡隊\海灘資料-安檢所及海巡隊\海灘_安檢所與海巡隊.shx,全國海灘環境調查,.shx,662380,2026-09-17T18:49:53+08:00,Shapefile,binary,,,EPSG:4326,,,,可能來自營建署或水利署海岸調查,未確認，需檢查政府開放資料授權,低,structured_evidence_candidate,候選,海灘 GIS Shapefile（沙灘、礁岩、突堤、防護工、高潮線、植生、海岸看板、安檢所）。可提供海岸地理環境結構化證據，不可轉成文字 RAG 文件。,確認 CRS（需檢查 .prj）；確認來源與授權
全國海灘環境調查\海灘資料-平均高潮線\海灘資料-平均高潮線\海灘_平均高潮線.cpg,全國海灘環境調查,.cpg,5,2026-09-17T18:49:42+08:00,Shapefile CPG,utf-8,,,EPSG:4326,,,,可能來自營建署或水利署海岸調查,未確認，需檢查政府開放資料授權,低,structured_evidence_candidate,候選,海灘 GIS Shapefile（沙灘、礁岩、突堤、防護工、高潮線、植生、海岸看板、安檢所）。可提供海岸地理環境結構化證據，不可轉成文字 RAG 文件。,確認 CRS（需檢查 .prj）；確認來源與授權
全國海灘環境調查\海灘資料-平均高潮線\海灘資料-平均高潮線\海灘_平均高潮線.dbf,全國海灘環境調查,.dbf,1982048,2026-09-17T18:49:42+08:00,Shapefile,binary,,,EPSG:4326,,,,可能來自營建署或水利署海岸調查,未確認，需檢查政府開放資料授權,低,structured_evidence_candidate,候選,海灘 GIS Shapefile（沙灘、礁岩、突堤、防護工、高潮線、植生、海岸看板、安檢所）。可提供海岸地理環境結構化證據，不可轉成文字 RAG 文件。,確認 CRS（需檢查 .prj）；確認來源與授權
全國海灘環境調查\海灘資料-平均高潮線\海灘資料-平均高潮線\海灘_平均高潮線.prj,全國海灘環境調查,.prj,145,2026-09-17T18:49:42+08:00,Shapefile PRJ,utf-8,,,EPSG:4326,,,,可能來自營建署或水利署海岸調查,未確認，需檢查政府開放資料授權,低,structured_evidence_candidate,候選,海灘 GIS Shapefile（沙灘、礁岩、突堤、防護工、高潮線、植生、海岸看板、安檢所）。可提供海岸地理環境結構化證據，不可轉成文字 RAG 文件。,確認 CRS（需檢查 .prj）；確認來源與授權
全國海灘環境調查\海灘資料-平均高潮線\海灘資料-平均高潮線\海灘_平均高潮線.shp,全國海灘環境調查,.shp,247463916,2026-09-17T18:49:44+08:00,Shapefile,binary,,,EPSG:4326,,,,可能來自營建署或水利署海岸調查,未確認，需檢查政府開放資料授權,低,structured_evidence_candidate,候選,海灘 GIS Shapefile（沙灘、礁岩、突堤、防護工、高潮線、植生、海岸看板、安檢所）。可提供海岸地理環境結構化證據，不可轉成文字 RAG 文件。,確認 CRS（需檢查 .prj）；確認來源與授權
全國海灘環境調查\海灘資料-平均高潮線\海灘資料-平均高潮線\海灘_平均高潮線.shx,全國海灘環境調查,.shx,49492,2026-09-17T18:49:44+08:00,Shapefile,binary,,,EPSG:4326,,,,可能來自營建署或水利署海岸調查,未確認，需檢查政府開放資料授權,低,structured_evidence_candidate,候選,海灘 GIS Shapefile（沙灘、礁岩、突堤、防護工、高潮線、植生、海岸看板、安檢所）。可提供海岸地理環境結構化證據，不可轉成文字 RAG 文件。,確認 CRS（需檢查 .prj）；確認來源與授權
全國海灘環境調查\海灘資料-植生類\海灘資料-植生類\海灘_植生.cpg,全國海灘環境調查,.cpg,5,2026-09-17T18:50:07+08:00,Shapefile CPG,utf-8,,,EPSG:4326,,,,可能來自營建署或水利署海岸調查,未確認，需檢查政府開放資料授權,低,structured_evidence_candidate,候選,海灘 GIS Shapefile（沙灘、礁岩、突堤、防護工、高潮線、植生、海岸看板、安檢所）。可提供海岸地理環境結構化證據，不可轉成文字 RAG 文件。,確認 CRS（需檢查 .prj）；確認來源與授權
全國海灘環境調查\海灘資料-植生類\海灘資料-植生類\海灘_植生.dbf,全國海灘環境調查,.dbf,233545,2026-09-17T18:50:07+08:00,Shapefile,binary,,,EPSG:4326,,,,可能來自營建署或水利署海岸調查,未確認，需檢查政府開放資料授權,低,structured_evidence_candidate,候選,海灘 GIS Shapefile（沙灘、礁岩、突堤、防護工、高潮線、植生、海岸看板、安檢所）。可提供海岸地理環境結構化證據，不可轉成文字 RAG 文件。,確認 CRS（需檢查 .prj）；確認來源與授權
全國海灘環境調查\海灘資料-植生類\海灘資料-植生類\海灘_植生.prj,全國海灘環境調查,.prj,145,2026-09-17T18:50:07+08:00,Shapefile PRJ,utf-8,,,EPSG:4326,,,,可能來自營建署或水利署海岸調查,未確認，需檢查政府開放資料授權,低,structured_evidence_candidate,候選,海灘 GIS Shapefile（沙灘、礁岩、突堤、防護工、高潮線、植生、海岸看板、安檢所）。可提供海岸地理環境結構化證據，不可轉成文字 RAG 文件。,確認 CRS（需檢查 .prj）；確認來源與授權
全國海灘環境調查\海灘資料-植生類\海灘資料-植生類\海灘_植生.shp,全國海灘環境調查,.shp,517196,2026-09-17T18:50:07+08:00,Shapefile,binary,,,EPSG:4326,,,,可能來自營建署或水利署海岸調查,未確認，需檢查政府開放資料授權,低,structured_evidence_candidate,候選,海灘 GIS Shapefile（沙灘、礁岩、突堤、防護工、高潮線、植生、海岸看板、安檢所）。可提供海岸地理環境結構化證據，不可轉成文字 RAG 文件。,確認 CRS（需檢查 .prj）；確認來源與授權
全國海灘環境調查\海灘資料-植生類\海灘資料-植生類\海灘_植生.shx,全國海灘環境調查,.shx,6028,2026-09-17T18:50:07+08:00,Shapefile,binary,,,EPSG:4326,,,,可能來自營建署或水利署海岸調查,未確認，需檢查政府開放資料授權,低,structured_evidence_candidate,候選,海灘 GIS Shapefile（沙灘、礁岩、突堤、防護工、高潮線、植生、海岸看板、安檢所）。可提供海岸地理環境結構化證據，不可轉成文字 RAG 文件。,確認 CRS（需檢查 .prj）；確認來源與授權
全國海灘環境調查\海灘資料-沙灘\海灘資料-沙灘\全國海岸\全國海岸.dbf,全國海灘環境調查,.dbf,162004,2026-09-17T18:49:57+08:00,Shapefile,binary,,,,,,,可能來自營建署或水利署海岸調查,未確認，需檢查政府開放資料授權,低,structured_evidence_candidate,候選,海灘 GIS Shapefile（沙灘、礁岩、突堤、防護工、高潮線、植生、海岸看板、安檢所）。可提供海岸地理環境結構化證據，不可轉成文字 RAG 文件。,確認 CRS（需檢查 .prj）；確認來源與授權
全國海灘環境調查\海灘資料-沙灘\海灘資料-沙灘\全國海岸\全國海岸.shp,全國海灘環境調查,.shp,164460,2026-09-17T18:49:57+08:00,Shapefile,binary,,,,,,,可能來自營建署或水利署海岸調查,未確認，需檢查政府開放資料授權,低,structured_evidence_candidate,候選,海灘 GIS Shapefile（沙灘、礁岩、突堤、防護工、高潮線、植生、海岸看板、安檢所）。可提供海岸地理環境結構化證據，不可轉成文字 RAG 文件。,確認 CRS（需檢查 .prj）；確認來源與授權
全國海灘環境調查\海灘資料-沙灘\海灘資料-沙灘\全國海岸\全國海岸.shx,全國海灘環境調查,.shx,2548,2026-09-17T18:49:57+08:00,Shapefile,binary,,,,,,,可能來自營建署或水利署海岸調查,未確認，需檢查政府開放資料授權,低,structured_evidence_candidate,候選,海灘 GIS Shapefile（沙灘、礁岩、突堤、防護工、高潮線、植生、海岸看板、安檢所）。可提供海岸地理環境結構化證據，不可轉成文字 RAG 文件。,確認 CRS（需檢查 .prj）；確認來源與授權
全國海灘環境調查\海灘資料-海岸資訊看板\海灘資料-海岸資訊看板\海灘_海岸資訊看板.cpg,全國海灘環境調查,.cpg,5,2026-09-17T18:50:03+08:00,Shapefile CPG,utf-8,,,EPSG:4326,,,,可能來自營建署或水利署海岸調查,未確認，需檢查政府開放資料授權,低,structured_evidence_candidate,候選,海灘 GIS Shapefile（沙灘、礁岩、突堤、防護工、高潮線、植生、海岸看板、安檢所）。可提供海岸地理環境結構化證據，不可轉成文字 RAG 文件。,確認 CRS（需檢查 .prj）；確認來源與授權
全國海灘環境調查\海灘資料-海岸資訊看板\海灘資料-海岸資訊看板\海灘_海岸資訊看板.dbf,全國海灘環境調查,.dbf,4949,2026-09-17T18:50:03+08:00,Shapefile,binary,,,EPSG:4326,,,,可能來自營建署或水利署海岸調查,未確認，需檢查政府開放資料授權,低,structured_evidence_candidate,候選,海灘 GIS Shapefile（沙灘、礁岩、突堤、防護工、高潮線、植生、海岸看板、安檢所）。可提供海岸地理環境結構化證據，不可轉成文字 RAG 文件。,確認 CRS（需檢查 .prj）；確認來源與授權
全國海灘環境調查\海灘資料-海岸資訊看板\海灘資料-海岸資訊看板\海灘_海岸資訊看板.prj,全國海灘環境調查,.prj,145,2026-09-17T18:50:03+08:00,Shapefile PRJ,utf-8,,,EPSG:4326,,,,可能來自營建署或水利署海岸調查,未確認，需檢查政府開放資料授權,低,structured_evidence_candidate,候選,海灘 GIS Shapefile（沙灘、礁岩、突堤、防護工、高潮線、植生、海岸看板、安檢所）。可提供海岸地理環境結構化證據，不可轉成文字 RAG 文件。,確認 CRS（需檢查 .prj）；確認來源與授權
全國海灘環境調查\海灘資料-海岸資訊看板\海灘資料-海岸資訊看板\海灘_海岸資訊看板.shp,全國海灘環境調查,.shp,2872,2026-09-17T18:50:03+08:00,Shapefile,binary,,,EPSG:4326,,,,可能來自營建署或水利署海岸調查,未確認，需檢查政府開放資料授權,低,structured_evidence_candidate,候選,海灘 GIS Shapefile（沙灘、礁岩、突堤、防護工、高潮線、植生、海岸看板、安檢所）。可提供海岸地理環境結構化證據，不可轉成文字 RAG 文件。,確認 CRS（需檢查 .prj）；確認來源與授權
全國海灘環境調查\海灘資料-海岸資訊看板\海灘資料-海岸資訊看板\海灘_海岸資訊看板.shx,全國海灘環境調查,.shx,892,2026-09-17T18:50:03+08:00,Shapefile,binary,,,EPSG:4326,,,,可能來自營建署或水利署海岸調查,未確認，需檢查政府開放資料授權,低,structured_evidence_candidate,候選,海灘 GIS Shapefile（沙灘、礁岩、突堤、防護工、高潮線、植生、海岸看板、安檢所）。可提供海岸地理環境結構化證據，不可轉成文字 RAG 文件。,確認 CRS（需檢查 .prj）；確認來源與授權
全國海灘環境調查\海灘資料-礁岩\海灘資料-礁岩\礁岩1218.geojson,全國海灘環境調查,.geojson,772213,2026-09-17T18:50:12+08:00,GeoJSON,utf-8,,,,,,,可能來自營建署或水利署海岸調查,未確認，需檢查政府開放資料授權,低,structured_evidence_candidate,候選,海灘 GIS Shapefile（沙灘、礁岩、突堤、防護工、高潮線、植生、海岸看板、安檢所）。可提供海岸地理環境結構化證據，不可轉成文字 RAG 文件。,確認 CRS（需檢查 .prj）；確認來源與授權
全國海灘環境調查\海灘資料-礁岩\海灘資料-礁岩\礁岩1218.qmd,全國海灘環境調查,.qmd,1038,2026-09-17T18:50:12+08:00,QMD,utf-8,,,,,,,可能來自營建署或水利署海岸調查,未確認，需檢查政府開放資料授權,低,structured_evidence_candidate,候選,海灘 GIS Shapefile（沙灘、礁岩、突堤、防護工、高潮線、植生、海岸看板、安檢所）。可提供海岸地理環境結構化證據，不可轉成文字 RAG 文件。,確認 CRS（需檢查 .prj）；確認來源與授權
全國海灘環境調查\海灘資料-礁岩\海灘資料-礁岩\礁岩海岸範圍線段.dbf,全國海灘環境調查,.dbf,162585,2026-09-17T18:50:12+08:00,Shapefile,binary,,,,,,,可能來自營建署或水利署海岸調查,未確認，需檢查政府開放資料授權,低,structured_evidence_candidate,候選,海灘 GIS Shapefile（沙灘、礁岩、突堤、防護工、高潮線、植生、海岸看板、安檢所）。可提供海岸地理環境結構化證據，不可轉成文字 RAG 文件。,確認 CRS（需檢查 .prj）；確認來源與授權
全國海灘環境調查\海灘資料-礁岩\海灘資料-礁岩\礁岩海岸範圍線段.shp,全國海灘環境調查,.shp,260096,2026-09-17T18:50:12+08:00,Shapefile,binary,,,,,,,可能來自營建署或水利署海岸調查,未確認，需檢查政府開放資料授權,低,structured_evidence_candidate,候選,海灘 GIS Shapefile（沙灘、礁岩、突堤、防護工、高潮線、植生、海岸看板、安檢所）。可提供海岸地理環境結構化證據，不可轉成文字 RAG 文件。,確認 CRS（需檢查 .prj）；確認來源與授權
全國海灘環境調查\海灘資料-礁岩\海灘資料-礁岩\礁岩海岸範圍線段.shx,全國海灘環境調查,.shx,2156,2026-09-17T18:50:12+08:00,Shapefile,binary,,,,,,,可能來自營建署或水利署海岸調查,未確認，需檢查政府開放資料授權,低,structured_evidence_candidate,候選,海灘 GIS Shapefile（沙灘、礁岩、突堤、防護工、高潮線、植生、海岸看板、安檢所）。可提供海岸地理環境結構化證據，不可轉成文字 RAG 文件。,確認 CRS（需檢查 .prj）；確認來源與授權
全海域基礎生態調查\110.11.24_海生中心示範海域生態資料_全國海洋資料庫展示用(北部海域)\資料說明.txt,全海域基礎生態調查（海生中心示範海域）,.txt,190,2026-09-17T18:51:56+08:00,Text,utf-8,,,,,,,海洋生物研究中心（海生中心）,可能為政府開放資料，需確認,中,structured_evidence_candidate,候選,北部、南部、澎湖海域生態調查 Excel。含分類群、座標、調查方法等。歷史觀測不等於目前可見。不可轉成文字 RAG 文件。,確認欄位結構（需開啟 xlsx 表頭）；確認來源授權；確認 CRS
全海域基礎生態調查\110.11.24_海生中心示範海域生態資料_全國海洋資料庫展示用(北部海域)\110.11.24_海生中心示範海域生態資料_全國海洋資料庫展示用(北部海域)\110.11.24_海生中心示範海域生態資料_全國海洋資料庫展示用(北部海域).xlsx,全海域基礎生態調查（海生中心示範海域）,.xlsx,349618,2026-09-17T18:51:56+08:00,Excel,binary,,,,,,,海洋生物研究中心（海生中心）,可能為政府開放資料，需確認,中,structured_evidence_candidate,候選,北部、南部、澎湖海域生態調查 Excel。含分類群、座標、調查方法等。歷史觀測不等於目前可見。不可轉成文字 RAG 文件。,確認欄位結構（需開啟 xlsx 表頭）；確認來源授權；確認 CRS
全海域基礎生態調查\110.11.24_海生中心示範海域生態資料_全國海洋資料庫展示用(南部海域)\110.11.24_海生中心示範海域生態資料_全國海洋資料庫展示用(南部海域).xlsx,全海域基礎生態調查（海生中心示範海域）,.xlsx,498874,2026-09-17T18:52:03+08:00,Excel,binary,,,,,,,海洋生物研究中心（海生中心）,可能為政府開放資料，需確認,中,structured_evidence_candidate,候選,北部、南部、澎湖海域生態調查 Excel。含分類群、座標、調查方法等。歷史觀測不等於目前可見。不可轉成文字 RAG 文件。,確認欄位結構（需開啟 xlsx 表頭）；確認來源授權；確認 CRS
全海域基礎生態調查\110.11.24_海生中心示範海域生態資料_全國海洋資料庫展示用(南部海域)\資料說明.txt,全海域基礎生態調查（海生中心示範海域）,.txt,190,2026-09-17T18:52:03+08:00,Text,utf-8,,,,,,,海洋生物研究中心（海生中心）,可能為政府開放資料，需確認,中,structured_evidence_candidate,候選,北部、南部、澎湖海域生態調查 Excel。含分類群、座標、調查方法等。歷史觀測不等於目前可見。不可轉成文字 RAG 文件。,確認欄位結構（需開啟 xlsx 表頭）；確認來源授權；確認 CRS
全海域基礎生態調查\110.11.24_海生中心示範海域生態資料_全國海洋資料庫展示用(澎湖海域)\110.11.24_海生中心示範海域生態資料_全國海洋資料庫展示用(澎湖海域).xlsx,全海域基礎生態調查（海生中心示範海域）,.xlsx,369865,2026-09-17T18:52:08+08:00,Excel,binary,,,,,,,海洋生物研究中心（海生中心）,可能為政府開放資料，需確認,中,structured_evidence_candidate,候選,北部、南部、澎湖海域生態調查 Excel。含分類群、座標、調查方法等。歷史觀測不等於目前可見。不可轉成文字 RAG 文件。,確認欄位結構（需開啟 xlsx 表頭）；確認來源授權；確認 CRS
全海域基礎生態調查\110.11.24_海生中心示範海域生態資料_全國海洋資料庫展示用(澎湖海域)\資料說明.txt,全海域基礎生態調查（海生中心示範海域）,.txt,190,2026-09-17T18:52:08+08:00,Text,utf-8,,,,,,,海洋生物研究中心（海生中心）,可能為政府開放資料，需確認,中,structured_evidence_candidate,候選,北部、南部、澎湖海域生態調查 Excel。含分類群、座標、調查方法等。歷史觀測不等於目前可見。不可轉成文字 RAG 文件。,確認欄位結構（需開啟 xlsx 表頭）；確認來源授權；確認 CRS
全海域基礎生態調查環境DNA\109年冬季_12S.json,全海域基礎生態調查環境 DNA,.json,110590,2026-07-29T12:23:23+08:00,JSON,utf-8,,,,,2020–2020,,海保署／海洋委員會,可能為 OGL 1.0（需確認）,中,structured_evidence_candidate,候選,eDNA 採樣 JSON（12S/16S/18S 標記基因）。歷史觀測不等於目前可見。不可轉成文字 RAG 文件。,確認欄位結構；確認與已匯入 coral-reef-diving-rag eDNA 的重疊；確認授權
全海域基礎生態調查環境DNA\109年秋季_12S.json,全海域基礎生態調查環境 DNA,.json,110236,2026-07-29T12:22:00+08:00,JSON,utf-8,,,,,2020–2020,,海保署／海洋委員會,可能為 OGL 1.0（需確認）,中,structured_evidence_candidate,候選,eDNA 採樣 JSON（12S/16S/18S 標記基因）。歷史觀測不等於目前可見。不可轉成文字 RAG 文件。,確認欄位結構；確認與已匯入 coral-reef-diving-rag eDNA 的重疊；確認授權
全海域基礎生態調查環境DNA\110年夏季_12S.json,全海域基礎生態調查環境 DNA,.json,78543,2026-07-29T12:24:28+08:00,JSON,utf-8,,,,,2021–2021,,海保署／海洋委員會,可能為 OGL 1.0（需確認）,中,structured_evidence_candidate,候選,eDNA 採樣 JSON（12S/16S/18S 標記基因）。歷史觀測不等於目前可見。不可轉成文字 RAG 文件。,確認欄位結構；確認與已匯入 coral-reef-diving-rag eDNA 的重疊；確認授權
全海域基礎生態調查環境DNA\110年春季_12S.json,全海域基礎生態調查環境 DNA,.json,91439,2026-07-29T12:23:59+08:00,JSON,utf-8,,,,,2021–2021,,海保署／海洋委員會,可能為 OGL 1.0（需確認）,中,structured_evidence_candidate,候選,eDNA 採樣 JSON（12S/16S/18S 標記基因）。歷史觀測不等於目前可見。不可轉成文字 RAG 文件。,確認欄位結構；確認與已匯入 coral-reef-diving-rag eDNA 的重疊；確認授權
全海域基礎生態調查環境DNA\112年春季_16S.json,全海域基礎生態調查環境 DNA,.json,90919,2026-07-29T12:27:51+08:00,JSON,utf-8,,,,,2023–2023,,海保署／海洋委員會,可能為 OGL 1.0（需確認）,中,structured_evidence_candidate,候選,eDNA 採樣 JSON（12S/16S/18S 標記基因）。歷史觀測不等於目前可見。不可轉成文字 RAG 文件。,確認欄位結構；確認與已匯入 coral-reef-diving-rag eDNA 的重疊；確認授權
全海域基礎生態調查環境DNA\112年春季_18S.json,全海域基礎生態調查環境 DNA,.json,1047381,2026-07-29T13:46:27+08:00,JSON,utf-8,,,,,2023–2023,,海保署／海洋委員會,可能為 OGL 1.0（需確認）,中,structured_evidence_candidate,候選,eDNA 採樣 JSON（12S/16S/18S 標記基因）。歷史觀測不等於目前可見。不可轉成文字 RAG 文件。,確認欄位結構；確認與已匯入 coral-reef-diving-rag eDNA 的重疊；確認授權
全球深海珊瑚與海綿位置\全球深海珊瑚與海綿位置_20260416-1\DSCRTP_NatDB_20260416-1.csv,全球深海珊瑚與海綿位置（DSCRTP）,.csv,2753339081,2026-09-17T18:53:15+08:00,CSV,utf-8-sig,ShallowFlag; DatabaseVersion; DatasetID; CatalogNumber; SampleID; TrackingID; ImageURL; HighlightImageURL; Citation; Repository; ScientificName; VerbatimScientificName; VernacularNameCategory; VernacularName; TaxonRank,Repository; VernacularNameCategory; TaxonRank; Phylum; Family; Subfamily; TypeStatus; OperationalTaxonomicUnit,,IdentificationDate; ObservationDate; ObservationYear; ObservationTime,2026–2026,1801216,NOAA DSCRTP National Database,可能為公共領域（US Gov），需確認,低,pending_rights_review,待審核（out-of-scope 候選）,深海珊瑚資料。浮潛／休閒潛水範圍通常 <40m，深海資料用途有限。不可因與海洋相關就直接列為臺灣浮潛知識來源。,確認來源授權；評估臺灣範圍子集是否有潛水安全相關用途
歷史品管、即時海氣象水文觀測資料\CWA\七美潮位站\LonLat.csv,歷史品管與即時海氣象水文觀測資料（CWA）,.csv,52,2026-09-17T18:53:55+08:00,CSV,utf-8-sig,CenterLongitude; CenterLatitude,CenterLongitude; CenterLatitude,,,,2,CWA,需確認各提供者授權條件,高（涉及安全決策風險）,live_or_time_series_candidate,時序工具候選,CWA 座標或後設 資料。研究統計優先使用 qc 品管版本。不可列為 document_rag_candidate。歷史資料僅可回答歷史描述，不可提供當日下水安全判定。,確認時區（疑似 UTC+8）；確認授權（CWA）；確認 qc 與 realtime 時間範圍
歷史品管、即時海氣象水文觀測資料\CWA\七美潮位站\qc\2023.csv,歷史品管與即時海氣象水文觀測資料（CWA）,.csv,5152737,2026-09-17T18:53:55+08:00,CSV,utf-8-sig,測站編號; 時間; 陣風_風速; 風速; 風向; 氣壓; 氣溫; 海面溫度; 示性波高; 平均週期; 波向; 波浪尖峰週期; 流速; 分層流速{深度:流速}; 流向,中心經度; 中心緯度,,時間,2023–2023,54296,CWA,需確認各提供者授權條件,高（涉及安全決策風險）,live_or_time_series_candidate,時序工具候選,CWA qc（品管歷史） 資料。研究統計優先使用 qc 品管版本。不可列為 document_rag_candidate。歷史資料僅可回答歷史描述，不可提供當日下水安全判定。,確認時區（疑似 UTC+8）；確認授權（CWA）；確認 qc 與 realtime 時間範圍
歷史品管、即時海氣象水文觀測資料\CWA\七美潮位站\qc\2024.csv,歷史品管與即時海氣象水文觀測資料（CWA）,.csv,5534702,2026-09-17T18:53:55+08:00,CSV,utf-8-sig,測站編號; 時間; 陣風_風速; 風速; 風向; 氣壓; 氣溫; 海面溫度; 示性波高; 平均週期; 波向; 波浪尖峰週期; 流速; 分層流速{深度:流速}; 流向,中心經度; 中心緯度,,時間,2024–2024,58754,CWA,需確認各提供者授權條件,高（涉及安全決策風險）,live_or_time_series_candidate,時序工具候選,CWA qc（品管歷史） 資料。研究統計優先使用 qc 品管版本。不可列為 document_rag_candidate。歷史資料僅可回答歷史描述，不可提供當日下水安全判定。,確認時區（疑似 UTC+8）；確認授權（CWA）；確認 qc 與 realtime 時間範圍
歷史品管、即時海氣象水文觀測資料\CWA\七美潮位站\qc\2025.csv,歷史品管與即時海氣象水文觀測資料（CWA）,.csv,5864039,2026-09-17T18:53:55+08:00,CSV,utf-8-sig,測站編號; 時間; 陣風_風速; 風速; 風向; 氣壓; 氣溫; 海面溫度; 示性波高; 平均週期; 波向; 波浪尖峰週期; 流速; 分層流速{深度:流速}; 流向,中心經度; 中心緯度,,時間,2025–2025,62986,CWA,需確認各提供者授權條件,高（涉及安全決策風險）,live_or_time_series_candidate,時序工具候選,CWA qc（品管歷史） 資料。研究統計優先使用 qc 品管版本。不可列為 document_rag_candidate。歷史資料僅可回答歷史描述，不可提供當日下水安全判定。,確認時區（疑似 UTC+8）；確認授權（CWA）；確認 qc 與 realtime 時間範圍
歷史品管、即時海氣象水文觀測資料\CWA\七美潮位站\realtime\2023.csv,歷史品管與即時海氣象水文觀測資料（CWA）,.csv,577365,2026-09-17T18:53:55+08:00,CSV,utf-8-sig,測站編號; 時間; 陣風_風速; 風速; 風向; 氣壓; 氣溫; 海面溫度; 示性波高; 平均週期; 波向; 波浪尖峰週期; 流速; 分層流速{深度:流速}; 流向,中心經度; 中心緯度,,時間,2023–2023,6155,CWA,需確認各提供者授權條件,高（涉及安全決策風險）,live_or_time_series_candidate,時序工具候選,CWA realtime（即時） 資料。研究統計優先使用 qc 品管版本。不可列為 document_rag_candidate。歷史資料僅可回答歷史描述，不可提供當日下水安全判定。,確認時區（疑似 UTC+8）；確認授權（CWA）；確認 qc 與 realtime 時間範圍
歷史品管、即時海氣象水文觀測資料\CWA\七美潮位站\realtime\2024.csv,歷史品管與即時海氣象水文觀測資料（CWA）,.csv,558670,2026-09-17T18:53:55+08:00,CSV,utf-8-sig,測站編號; 時間; 陣風_風速; 風速; 風向; 氣壓; 氣溫; 海面溫度; 示性波高; 平均週期; 波向; 波浪尖峰週期; 流速; 分層流速{深度:流速}; 流向,中心經度; 中心緯度,,時間,2024–2024,5962,CWA,需確認各提供者授權條件,高（涉及安全決策風險）,live_or_time_series_candidate,時序工具候選,CWA realtime（即時） 資料。研究統計優先使用 qc 品管版本。不可列為 document_rag_candidate。歷史資料僅可回答歷史描述，不可提供當日下水安全判定。,確認時區（疑似 UTC+8）；確認授權（CWA）；確認 qc 與 realtime 時間範圍
歷史品管、即時海氣象水文觀測資料\CWA\七美潮位站\realtime\2025.csv,歷史品管與即時海氣象水文觀測資料（CWA）,.csv,587307,2026-09-17T18:53:55+08:00,CSV,utf-8-sig,測站編號; 時間; 陣風_風速; 風速; 風向; 氣壓; 氣溫; 海面溫度; 示性波高; 平均週期; 波向; 波浪尖峰週期; 流速; 分層流速{深度:流速}; 流向,中心經度; 中心緯度,,時間,2025–2025,6288,CWA,需確認各提供者授權條件,高（涉及安全決策風險）,live_or_time_series_candidate,時序工具候選,CWA realtime（即時） 資料。研究統計優先使用 qc 品管版本。不可列為 document_rag_candidate。歷史資料僅可回答歷史描述，不可提供當日下水安全判定。,確認時區（疑似 UTC+8）；確認授權（CWA）；確認 qc 與 realtime 時間範圍
歷史品管、即時海氣象水文觀測資料\CWA\七美資料浮標\LonLat.csv,歷史品管與即時海氣象水文觀測資料（CWA）,.csv,47,2026-09-17T18:53:55+08:00,CSV,utf-8-sig,CenterLongitude; CenterLatitude,CenterLongitude; CenterLatitude,,,,2,CWA,需確認各提供者授權條件,高（涉及安全決策風險）,live_or_time_series_candidate,時序工具候選,CWA 座標或後設 資料。研究統計優先使用 qc 品管版本。不可列為 document_rag_candidate。歷史資料僅可回答歷史描述，不可提供當日下水安全判定。,確認時區（疑似 UTC+8）；確認授權（CWA）；確認 qc 與 realtime 時間範圍
歷史品管、即時海氣象水文觀測資料\CWA\七美資料浮標\qc\2023.csv,歷史品管與即時海氣象水文觀測資料（CWA）,.csv,846107,2026-09-17T18:53:55+08:00,CSV,utf-8-sig,測站編號; 時間; 陣風_風速; 風速; 風向; 氣壓; 氣溫; 海面溫度; 示性波高; 平均週期; 波向; 波浪尖峰週期; 流速; 分層流速{深度:流速}; 流向,中心經度; 中心緯度,,時間,2023–2023,7534,CWA,需確認各提供者授權條件,高（涉及安全決策風險）,live_or_time_series_candidate,時序工具候選,CWA qc（品管歷史） 資料。研究統計優先使用 qc 品管版本。不可列為 document_rag_candidate。歷史資料僅可回答歷史描述，不可提供當日下水安全判定。,確認時區（疑似 UTC+8）；確認授權（CWA）；確認 qc 與 realtime 時間範圍
歷史品管、即時海氣象水文觀測資料\CWA\七美資料浮標\qc\2024.csv,歷史品管與即時海氣象水文觀測資料（CWA）,.csv,848712,2026-09-17T18:53:55+08:00,CSV,utf-8-sig,測站編號; 時間; 陣風_風速; 風速; 風向; 氣壓; 氣溫; 海面溫度; 示性波高; 平均週期; 波向; 波浪尖峰週期; 流速; 分層流速{深度:流速}; 流向,中心經度; 中心緯度,,時間,2024–2024,7260,CWA,需確認各提供者授權條件,高（涉及安全決策風險）,live_or_time_series_candidate,時序工具候選,CWA qc（品管歷史） 資料。研究統計優先使用 qc 品管版本。不可列為 document_rag_candidate。歷史資料僅可回答歷史描述，不可提供當日下水安全判定。,確認時區（疑似 UTC+8）；確認授權（CWA）；確認 qc 與 realtime 時間範圍
歷史品管、即時海氣象水文觀測資料\CWA\七美資料浮標\realtime\2023.csv,歷史品管與即時海氣象水文觀測資料（CWA）,.csv,785097,2026-09-17T18:53:55+08:00,CSV,utf-8-sig,測站編號; 時間; 陣風_風速; 風速; 風向; 氣壓; 氣溫; 海面溫度; 示性波高; 平均週期; 波向; 波浪尖峰週期; 流速; 分層流速{深度:流速}; 流向,中心經度; 中心緯度,,時間,2023–2023,7262,CWA,需確認各提供者授權條件,高（涉及安全決策風險）,live_or_time_series_candidate,時序工具候選,CWA realtime（即時） 資料。研究統計優先使用 qc 品管版本。不可列為 document_rag_candidate。歷史資料僅可回答歷史描述，不可提供當日下水安全判定。,確認時區（疑似 UTC+8）；確認授權（CWA）；確認 qc 與 realtime 時間範圍
歷史品管、即時海氣象水文觀測資料\CWA\七美資料浮標\realtime\2024.csv,歷史品管與即時海氣象水文觀測資料（CWA）,.csv,796415,2026-09-17T18:53:55+08:00,CSV,utf-8-sig,測站編號; 時間; 陣風_風速; 風速; 風向; 氣壓; 氣溫; 海面溫度; 示性波高; 平均週期; 波向; 波浪尖峰週期; 流速; 分層流速{深度:流速}; 流向,中心經度; 中心緯度,,時間,2024–2024,7149,CWA,需確認各提供者授權條件,高（涉及安全決策風險）,live_or_time_series_candidate,時序工具候選,CWA realtime（即時） 資料。研究統計優先使用 qc 品管版本。不可列為 document_rag_candidate。歷史資料僅可回答歷史描述，不可提供當日下水安全判定。,確認時區（疑似 UTC+8）；確認授權（CWA）；確認 qc 與 realtime 時間範圍
歷史品管、即時海氣象水文觀測資料\CWA\七美資料浮標\realtime\2025.csv,歷史品管與即時海氣象水文觀測資料（CWA）,.csv,746390,2026-09-17T18:53:55+08:00,CSV,utf-8-sig,測站編號; 時間; 陣風_風速; 風速; 風向; 氣壓; 氣溫; 海面溫度; 示性波高; 平均週期; 波向; 波浪尖峰週期; 流速; 分層流速{深度:流速}; 流向,中心經度; 中心緯度,,時間,2025–2025,6682,CWA,需確認各提供者授權條件,高（涉及安全決策風險）,live_or_time_series_candidate,時序工具候選,CWA realtime（即時） 資料。研究統計優先使用 qc 品管版本。不可列為 document_rag_candidate。歷史資料僅可回答歷史描述，不可提供當日下水安全判定。,確認時區（疑似 UTC+8）；確認授權（CWA）；確認 qc 與 realtime 時間範圍
歷史品管、即時海氣象水文觀測資料\CWA\南沙潮位站\LonLat.csv,歷史品管與即時海氣象水文觀測資料（CWA）,.csv,48,2026-09-17T18:53:55+08:00,CSV,utf-8-sig,CenterLongitude; CenterLatitude,CenterLongitude; CenterLatitude,,,,2,CWA,需確認各提供者授權條件,高（涉及安全決策風險）,live_or_time_series_candidate,時序工具候選,CWA 座標或後設 資料。研究統計優先使用 qc 品管版本。不可列為 document_rag_candidate。歷史資料僅可回答歷史描述，不可提供當日下水安全判定。,確認時區（疑似 UTC+8）；確認授權（CWA）；確認 qc 與 realtime 時間範圍
歷史品管、即時海氣象水文觀測資料\CWA\南沙潮位站\realtime\2023.csv,歷史品管與即時海氣象水文觀測資料（CWA）,.csv,403280,2026-09-17T18:53:55+08:00,CSV,utf-8-sig,測站編號; 時間; 陣風_風速; 風速; 風向; 氣壓; 氣溫; 海面溫度; 示性波高; 平均週期; 波向; 波浪尖峰週期; 流速; 分層流速{深度:流速}; 流向,中心經度; 中心緯度,,時間,2023–2023,4587,CWA,需確認各提供者授權條件,高（涉及安全決策風險）,live_or_time_series_candidate,時序工具候選,CWA realtime（即時） 資料。研究統計優先使用 qc 品管版本。不可列為 document_rag_candidate。歷史資料僅可回答歷史描述，不可提供當日下水安全判定。,確認時區（疑似 UTC+8）；確認授權（CWA）；確認 qc 與 realtime 時間範圍
歷史品管、即時海氣象水文觀測資料\CWA\吉貝潮位站\LonLat.csv,歷史品管與即時海氣象水文觀測資料（CWA）,.csv,48,2026-09-17T18:53:56+08:00,CSV,utf-8-sig,CenterLongitude; CenterLatitude,CenterLongitude; CenterLatitude,,,,2,CWA,需確認各提供者授權條件,高（涉及安全決策風險）,live_or_time_series_candidate,時序工具候選,CWA 座標或後設 資料。研究統計優先使用 qc 品管版本。不可列為 document_rag_candidate。歷史資料僅可回答歷史描述，不可提供當日下水安全判定。,確認時區（疑似 UTC+8）；確認授權（CWA）；確認 qc 與 realtime 時間範圍
歷史品管、即時海氣象水文觀測資料\CWA\吉貝潮位站\qc\2023.csv,歷史品管與即時海氣象水文觀測資料（CWA）,.csv,5958559,2026-09-17T18:53:56+08:00,CSV,utf-8-sig,測站編號; 時間; 陣風_風速; 風速; 風向; 氣壓; 氣溫; 海面溫度; 示性波高; 平均週期; 波向; 波浪尖峰週期; 流速; 分層流速{深度:流速}; 流向,中心經度; 中心緯度,,時間,2023–2023,62853,CWA,需確認各提供者授權條件,高（涉及安全決策風險）,live_or_time_series_candidate,時序工具候選,CWA qc（品管歷史） 資料。研究統計優先使用 qc 品管版本。不可列為 document_rag_candidate。歷史資料僅可回答歷史描述，不可提供當日下水安全判定。,確認時區（疑似 UTC+8）；確認授權（CWA）；確認 qc 與 realtime 時間範圍
歷史品管、即時海氣象水文觀測資料\CWA\吉貝潮位站\qc\2024.csv,歷史品管與即時海氣象水文觀測資料（CWA）,.csv,5896098,2026-09-17T18:53:56+08:00,CSV,utf-8-sig,測站編號; 時間; 陣風_風速; 風速; 風向; 氣壓; 氣溫; 海面溫度; 示性波高; 平均週期; 波向; 波浪尖峰週期; 流速; 分層流速{深度:流速}; 流向,中心經度; 中心緯度,,時間,2024–2024,62591,CWA,需確認各提供者授權條件,高（涉及安全決策風險）,live_or_time_series_candidate,時序工具候選,CWA qc（品管歷史） 資料。研究統計優先使用 qc 品管版本。不可列為 document_rag_candidate。歷史資料僅可回答歷史描述，不可提供當日下水安全判定。,確認時區（疑似 UTC+8）；確認授權（CWA）；確認 qc 與 realtime 時間範圍
歷史品管、即時海氣象水文觀測資料\CWA\吉貝潮位站\qc\2025.csv,歷史品管與即時海氣象水文觀測資料（CWA）,.csv,5880569,2026-09-17T18:53:56+08:00,CSV,utf-8-sig,測站編號; 時間; 陣風_風速; 風速; 風向; 氣壓; 氣溫; 海面溫度; 示性波高; 平均週期; 波向; 波浪尖峰週期; 流速; 分層流速{深度:流速}; 流向,中心經度; 中心緯度,,時間,2025–2025,62893,CWA,需確認各提供者授權條件,高（涉及安全決策風險）,live_or_time_series_candidate,時序工具候選,CWA qc（品管歷史） 資料。研究統計優先使用 qc 品管版本。不可列為 document_rag_candidate。歷史資料僅可回答歷史描述，不可提供當日下水安全判定。,確認時區（疑似 UTC+8）；確認授權（CWA）；確認 qc 與 realtime 時間範圍
歷史品管、即時海氣象水文觀測資料\CWA\吉貝潮位站\realtime\2023.csv,歷史品管與即時海氣象水文觀測資料（CWA）,.csv,588774,2026-09-17T18:53:56+08:00,CSV,utf-8-sig,測站編號; 時間; 陣風_風速; 風速; 風向; 氣壓; 氣溫; 海面溫度; 示性波高; 平均週期; 波向; 波浪尖峰週期; 流速; 分層流速{深度:流速}; 流向,中心經度; 中心緯度,,時間,2023–2023,6283,CWA,需確認各提供者授權條件,高（涉及安全決策風險）,live_or_time_series_candidate,時序工具候選,CWA realtime（即時） 資料。研究統計優先使用 qc 品管版本。不可列為 document_rag_candidate。歷史資料僅可回答歷史描述，不可提供當日下水安全判定。,確認時區（疑似 UTC+8）；確認授權（CWA）；確認 qc 與 realtime 時間範圍
歷史品管、即時海氣象水文觀測資料\CWA\吉貝潮位站\realtime\2024.csv,歷史品管與即時海氣象水文觀測資料（CWA）,.csv,587279,2026-09-17T18:53:56+08:00,CSV,utf-8-sig,測站編號; 時間; 陣風_風速; 風速; 風向; 氣壓; 氣溫; 海面溫度; 示性波高; 平均週期; 波向; 波浪尖峰週期; 流速; 分層流速{深度:流速}; 流向,中心經度; 中心緯度,,時間,2024–2024,6281,CWA,需確認各提供者授權條件,高（涉及安全決策風險）,live_or_time_series_candidate,時序工具候選,CWA realtime（即時） 資料。研究統計優先使用 qc 品管版本。不可列為 document_rag_candidate。歷史資料僅可回答歷史描述，不可提供當日下水安全判定。,確認時區（疑似 UTC+8）；確認授權（CWA）；確認 qc 與 realtime 時間範圍
歷史品管、即時海氣象水文觀測資料\CWA\吉貝潮位站\realtime\2025.csv,歷史品管與即時海氣象水文觀測資料（CWA）,.csv,586095,2026-09-17T18:53:56+08:00,CSV,utf-8-sig,測站編號; 時間; 陣風_風速; 風速; 風向; 氣壓; 氣溫; 海面溫度; 示性波高; 平均週期; 波向; 波浪尖峰週期; 流速; 分層流速{深度:流速}; 流向,中心經度; 中心緯度,,時間,2025–2025,6241,CWA,需確認各提供者授權條件,高（涉及安全決策風險）,live_or_time_series_candidate,時序工具候選,CWA realtime（即時） 資料。研究統計優先使用 qc 品管版本。不可列為 document_rag_candidate。歷史資料僅可回答歷史描述，不可提供當日下水安全判定。,確認時區（疑似 UTC+8）；確認授權（CWA）；確認 qc 與 realtime 時間範圍
歷史品管、即時海氣象水文觀測資料\CWA\和平港潮位站\LonLat.csv,歷史品管與即時海氣象水文觀測資料（CWA）,.csv,48,2026-09-17T18:53:56+08:00,CSV,utf-8-sig,CenterLongitude; CenterLatitude,CenterLongitude; CenterLatitude,,,,2,CWA,需確認各提供者授權條件,高（涉及安全決策風險）,live_or_time_series_candidate,時序工具候選,CWA 座標或後設 資料。研究統計優先使用 qc 品管版本。不可列為 document_rag_candidate。歷史資料僅可回答歷史描述，不可提供當日下水安全判定。,確認時區（疑似 UTC+8）；確認授權（CWA）；確認 qc 與 realtime 時間範圍
歷史品管、即時海氣象水文觀測資料\CWA\和平港潮位站\realtime\2023.csv,歷史品管與即時海氣象水文觀測資料（CWA）,.csv,574835,2026-09-17T18:53:56+08:00,CSV,utf-8-sig,測站編號; 時間; 陣風_風速; 風速; 風向; 氣壓; 氣溫; 海面溫度; 示性波高; 平均週期; 波向; 波浪尖峰週期; 流速; 分層流速{深度:流速}; 流向,中心經度; 中心緯度,,時間,2023–2023,6154,CWA,需確認各提供者授權條件,高（涉及安全決策風險）,live_or_time_series_candidate,時序工具候選,CWA realtime（即時） 資料。研究統計優先使用 qc 品管版本。不可列為 document_rag_candidate。歷史資料僅可回答歷史描述，不可提供當日下水安全判定。,確認時區（疑似 UTC+8）；確認授權（CWA）；確認 qc 與 realtime 時間範圍
歷史品管、即時海氣象水文觀測資料\CWA\和平港潮位站\realtime\2024.csv,歷史品管與即時海氣象水文觀測資料（CWA）,.csv,251943,2026-09-17T18:53:56+08:00,CSV,utf-8-sig,測站編號; 時間; 陣風_風速; 風速; 風向; 氣壓; 氣溫; 海面溫度; 示性波高; 平均週期; 波向; 波浪尖峰週期; 流速; 分層流速{深度:流速}; 流向,中心經度; 中心緯度,,時間,2024–2024,2774,CWA,需確認各提供者授權條件,高（涉及安全決策風險）,live_or_time_series_candidate,時序工具候選,CWA realtime（即時） 資料。研究統計優先使用 qc 品管版本。不可列為 document_rag_candidate。歷史資料僅可回答歷史描述，不可提供當日下水安全判定。,確認時區（疑似 UTC+8）；確認授權（CWA）；確認 qc 與 realtime 時間範圍
歷史品管、即時海氣象水文觀測資料\CWA\基隆潮位站\LonLat.csv,歷史品管與即時海氣象水文觀測資料（CWA）,.csv,47,2026-09-17T18:53:56+08:00,CSV,utf-8-sig,CenterLongitude; CenterLatitude,CenterLongitude; CenterLatitude,,,,2,CWA,需確認各提供者授權條件,高（涉及安全決策風險）,live_or_time_series_candidate,時序工具候選,CWA 座標或後設 資料。研究統計優先使用 qc 品管版本。不可列為 document_rag_candidate。歷史資料僅可回答歷史描述，不可提供當日下水安全判定。,確認時區（疑似 UTC+8）；確認授權（CWA）；確認 qc 與 realtime 時間範圍
歷史品管、即時海氣象水文觀測資料\CWA\基隆潮位站\qc\2023.csv,歷史品管與即時海氣象水文觀測資料（CWA）,.csv,5934399,2026-09-17T18:53:56+08:00,CSV,utf-8-sig,測站編號; 時間; 陣風_風速; 風速; 風向; 氣壓; 氣溫; 海面溫度; 示性波高; 平均週期; 波向; 波浪尖峰週期; 流速; 分層流速{深度:流速}; 流向,中心經度; 中心緯度,,時間,2023–2023,62533,CWA,需確認各提供者授權條件,高（涉及安全決策風險）,live_or_time_series_candidate,時序工具候選,CWA qc（品管歷史） 資料。研究統計優先使用 qc 品管版本。不可列為 document_rag_candidate。歷史資料僅可回答歷史描述，不可提供當日下水安全判定。,確認時區（疑似 UTC+8）；確認授權（CWA）；確認 qc 與 realtime 時間範圍
歷史品管、即時海氣象水文觀測資料\CWA\基隆潮位站\qc\2024.csv,歷史品管與即時海氣象水文觀測資料（CWA）,.csv,4993066,2026-09-17T18:53:56+08:00,CSV,utf-8-sig,測站編號; 時間; 陣風_風速; 風速; 風向; 氣壓; 氣溫; 海面溫度; 示性波高; 平均週期; 波向; 波浪尖峰週期; 流速; 分層流速{深度:流速}; 流向,中心經度; 中心緯度,,時間,2024–2024,53004,CWA,需確認各提供者授權條件,高（涉及安全決策風險）,live_or_time_series_candidate,時序工具候選,CWA qc（品管歷史） 資料。研究統計優先使用 qc 品管版本。不可列為 document_rag_candidate。歷史資料僅可回答歷史描述，不可提供當日下水安全判定。,確認時區（疑似 UTC+8）；確認授權（CWA）；確認 qc 與 realtime 時間範圍
歷史品管、即時海氣象水文觀測資料\CWA\基隆潮位站\qc\2025.csv,歷史品管與即時海氣象水文觀測資料（CWA）,.csv,5342890,2026-09-17T18:53:56+08:00,CSV,utf-8-sig,測站編號; 時間; 陣風_風速; 風速; 風向; 氣壓; 氣溫; 海面溫度; 示性波高; 平均週期; 波向; 波浪尖峰週期; 流速; 分層流速{深度:流速}; 流向,中心經度; 中心緯度,,時間,2025–2025,57204,CWA,需確認各提供者授權條件,高（涉及安全決策風險）,live_or_time_series_candidate,時序工具候選,CWA qc（品管歷史） 資料。研究統計優先使用 qc 品管版本。不可列為 document_rag_candidate。歷史資料僅可回答歷史描述，不可提供當日下水安全判定。,確認時區（疑似 UTC+8）；確認授權（CWA）；確認 qc 與 realtime 時間範圍
歷史品管、即時海氣象水文觀測資料\CWA\基隆潮位站\realtime\2023.csv,歷史品管與即時海氣象水文觀測資料（CWA）,.csv,683550,2026-09-17T18:53:56+08:00,CSV,utf-8-sig,測站編號; 時間; 陣風_風速; 風速; 風向; 氣壓; 氣溫; 海面溫度; 示性波高; 平均週期; 波向; 波浪尖峰週期; 流速; 分層流速{深度:流速}; 流向,中心經度; 中心緯度,,時間,2023–2023,6761,CWA,需確認各提供者授權條件,高（涉及安全決策風險）,live_or_time_series_candidate,時序工具候選,CWA realtime（即時） 資料。研究統計優先使用 qc 品管版本。不可列為 document_rag_candidate。歷史資料僅可回答歷史描述，不可提供當日下水安全判定。,確認時區（疑似 UTC+8）；確認授權（CWA）；確認 qc 與 realtime 時間範圍
歷史品管、即時海氣象水文觀測資料\CWA\基隆潮位站\realtime\2024.csv,歷史品管與即時海氣象水文觀測資料（CWA）,.csv,582493,2026-09-17T18:53:56+08:00,CSV,utf-8-sig,測站編號; 時間; 陣風_風速; 風速; 風向; 氣壓; 氣溫; 海面溫度; 示性波高; 平均週期; 波向; 波浪尖峰週期; 流速; 分層流速{深度:流速}; 流向,中心經度; 中心緯度,,時間,2024–2024,5755,CWA,需確認各提供者授權條件,高（涉及安全決策風險）,live_or_time_series_candidate,時序工具候選,CWA realtime（即時） 資料。研究統計優先使用 qc 品管版本。不可列為 document_rag_candidate。歷史資料僅可回答歷史描述，不可提供當日下水安全判定。,確認時區（疑似 UTC+8）；確認授權（CWA）；確認 qc 與 realtime 時間範圍
歷史品管、即時海氣象水文觀測資料\CWA\基隆潮位站\realtime\2025.csv,歷史品管與即時海氣象水文觀測資料（CWA）,.csv,625670,2026-09-17T18:53:56+08:00,CSV,utf-8-sig,測站編號; 時間; 陣風_風速; 風速; 風向; 氣壓; 氣溫; 海面溫度; 示性波高; 平均週期; 波向; 波浪尖峰週期; 流速; 分層流速{深度:流速}; 流向,中心經度; 中心緯度,,時間,2025–2025,6213,CWA,需確認各提供者授權條件,高（涉及安全決策風險）,live_or_time_series_candidate,時序工具候選,CWA realtime（即時） 資料。研究統計優先使用 qc 品管版本。不可列為 document_rag_candidate。歷史資料僅可回答歷史描述，不可提供當日下水安全判定。,確認時區（疑似 UTC+8）；確認授權（CWA）；確認 qc 與 realtime 時間範圍
歷史品管、即時海氣象水文觀測資料\CWA\塭港潮位站\LonLat.csv,歷史品管與即時海氣象水文觀測資料（CWA）,.csv,48,2026-09-17T18:53:56+08:00,CSV,utf-8-sig,CenterLongitude; CenterLatitude,CenterLongitude; CenterLatitude,,,,2,CWA,需確認各提供者授權條件,高（涉及安全決策風險）,live_or_time_series_candidate,時序工具候選,CWA 座標或後設 資料。研究統計優先使用 qc 品管版本。不可列為 document_rag_candidate。歷史資料僅可回答歷史描述，不可提供當日下水安全判定。,確認時區（疑似 UTC+8）；確認授權（CWA）；確認 qc 與 realtime 時間範圍
歷史品管、即時海氣象水文觀測資料\CWA\塭港潮位站\qc\2023.csv,歷史品管與即時海氣象水文觀測資料（CWA）,.csv,5953437,2026-09-17T18:53:56+08:00,CSV,utf-8-sig,測站編號; 時間; 陣風_風速; 風速; 風向; 氣壓; 氣溫; 海面溫度; 示性波高; 平均週期; 波向; 波浪尖峰週期; 流速; 分層流速{深度:流速}; 流向,中心經度; 中心緯度,,時間,2023–2023,62733,CWA,需確認各提供者授權條件,高（涉及安全決策風險）,live_or_time_series_candidate,時序工具候選,CWA qc（品管歷史） 資料。研究統計優先使用 qc 品管版本。不可列為 document_rag_candidate。歷史資料僅可回答歷史描述，不可提供當日下水安全判定。,確認時區（疑似 UTC+8）；確認授權（CWA）；確認 qc 與 realtime 時間範圍
歷史品管、即時海氣象水文觀測資料\CWA\塭港潮位站\qc\2024.csv,歷史品管與即時海氣象水文觀測資料（CWA）,.csv,5885224,2026-09-17T18:53:56+08:00,CSV,utf-8-sig,測站編號; 時間; 陣風_風速; 風速; 風向; 氣壓; 氣溫; 海面溫度; 示性波高; 平均週期; 波向; 波浪尖峰週期; 流速; 分層流速{深度:流速}; 流向,中心經度; 中心緯度,,時間,2024–2024,62542,CWA,需確認各提供者授權條件,高（涉及安全決策風險）,live_or_time_series_candidate,時序工具候選,CWA qc（品管歷史） 資料。研究統計優先使用 qc 品管版本。不可列為 document_rag_candidate。歷史資料僅可回答歷史描述，不可提供當日下水安全判定。,確認時區（疑似 UTC+8）；確認授權（CWA）；確認 qc 與 realtime 時間範圍
歷史品管、即時海氣象水文觀測資料\CWA\塭港潮位站\qc\2025.csv,歷史品管與即時海氣象水文觀測資料（CWA）,.csv,5864674,2026-09-17T18:53:56+08:00,CSV,utf-8-sig,測站編號; 時間; 陣風_風速; 風速; 風向; 氣壓; 氣溫; 海面溫度; 示性波高; 平均週期; 波向; 波浪尖峰週期; 流速; 分層流速{深度:流速}; 流向,中心經度; 中心緯度,,時間,2025–2025,62723,CWA,需確認各提供者授權條件,高（涉及安全決策風險）,live_or_time_series_candidate,時序工具候選,CWA qc（品管歷史） 資料。研究統計優先使用 qc 品管版本。不可列為 document_rag_candidate。歷史資料僅可回答歷史描述，不可提供當日下水安全判定。,確認時區（疑似 UTC+8）；確認授權（CWA）；確認 qc 與 realtime 時間範圍
歷史品管、即時海氣象水文觀測資料\CWA\塭港潮位站\realtime\2023.csv,歷史品管與即時海氣象水文觀測資料（CWA）,.csv,634131,2026-09-17T18:53:56+08:00,CSV,utf-8-sig,測站編號; 時間; 陣風_風速; 風速; 風向; 氣壓; 氣溫; 海面溫度; 示性波高; 平均週期; 波向; 波浪尖峰週期; 流速; 分層流速{深度:流速}; 流向,中心經度; 中心緯度,,時間,2023–2023,6557,CWA,需確認各提供者授權條件,高（涉及安全決策風險）,live_or_time_series_candidate,時序工具候選,CWA realtime（即時） 資料。研究統計優先使用 qc 品管版本。不可列為 document_rag_candidate。歷史資料僅可回答歷史描述，不可提供當日下水安全判定。,確認時區（疑似 UTC+8）；確認授權（CWA）；確認 qc 與 realtime 時間範圍
歷史品管、即時海氣象水文觀測資料\CWA\塭港潮位站\realtime\2024.csv,歷史品管與即時海氣象水文觀測資料（CWA）,.csv,632171,2026-09-17T18:53:56+08:00,CSV,utf-8-sig,測站編號; 時間; 陣風_風速; 風速; 風向; 氣壓; 氣溫; 海面溫度; 示性波高; 平均週期; 波向; 波浪尖峰週期; 流速; 分層流速{深度:流速}; 流向,中心經度; 中心緯度,,時間,2024–2024,6483,CWA,需確認各提供者授權條件,高（涉及安全決策風險）,live_or_time_series_candidate,時序工具候選,CWA realtime（即時） 資料。研究統計優先使用 qc 品管版本。不可列為 document_rag_candidate。歷史資料僅可回答歷史描述，不可提供當日下水安全判定。,確認時區（疑似 UTC+8）；確認授權（CWA）；確認 qc 與 realtime 時間範圍
歷史品管、即時海氣象水文觀測資料\CWA\塭港潮位站\realtime\2025.csv,歷史品管與即時海氣象水文觀測資料（CWA）,.csv,633437,2026-09-17T18:53:56+08:00,CSV,utf-8-sig,測站編號; 時間; 陣風_風速; 風速; 風向; 氣壓; 氣溫; 海面溫度; 示性波高; 平均週期; 波向; 波浪尖峰週期; 流速; 分層流速{深度:流速}; 流向,中心經度; 中心緯度,,時間,2025–2025,6510,CWA,需確認各提供者授權條件,高（涉及安全決策風險）,live_or_time_series_candidate,時序工具候選,CWA realtime（即時） 資料。研究統計優先使用 qc 品管版本。不可列為 document_rag_candidate。歷史資料僅可回答歷史描述，不可提供當日下水安全判定。,確認時區（疑似 UTC+8）；確認授權（CWA）；確認 qc 與 realtime 時間範圍
歷史品管、即時海氣象水文觀測資料\CWA\外埔潮位站\LonLat.csv,歷史品管與即時海氣象水文觀測資料（CWA）,.csv,48,2026-09-17T18:53:56+08:00,CSV,utf-8-sig,CenterLongitude; CenterLatitude,CenterLongitude; CenterLatitude,,,,2,CWA,需確認各提供者授權條件,高（涉及安全決策風險）,live_or_time_series_candidate,時序工具候選,CWA 座標或後設 資料。研究統計優先使用 qc 品管版本。不可列為 document_rag_candidate。歷史資料僅可回答歷史描述，不可提供當日下水安全判定。,確認時區（疑似 UTC+8）；確認授權（CWA）；確認 qc 與 realtime 時間範圍
歷史品管、即時海氣象水文觀測資料\CWA\外埔潮位站\qc\2023.csv,歷史品管與即時海氣象水文觀測資料（CWA）,.csv,5886692,2026-09-17T18:53:56+08:00,CSV,utf-8-sig,測站編號; 時間; 陣風_風速; 風速; 風向; 氣壓; 氣溫; 海面溫度; 示性波高; 平均週期; 波向; 波浪尖峰週期; 流速; 分層流速{深度:流速}; 流向,中心經度; 中心緯度,,時間,2023–2023,62491,CWA,需確認各提供者授權條件,高（涉及安全決策風險）,live_or_time_series_candidate,時序工具候選,CWA qc（品管歷史） 資料。研究統計優先使用 qc 品管版本。不可列為 document_rag_candidate。歷史資料僅可回答歷史描述，不可提供當日下水安全判定。,確認時區（疑似 UTC+8）；確認授權（CWA）；確認 qc 與 realtime 時間範圍
歷史品管、即時海氣象水文觀測資料\CWA\外埔潮位站\qc\2024.csv,歷史品管與即時海氣象水文觀測資料（CWA）,.csv,5573373,2026-09-17T18:53:56+08:00,CSV,utf-8-sig,測站編號; 時間; 陣風_風速; 風速; 風向; 氣壓; 氣溫; 海面溫度; 示性波高; 平均週期; 波向; 波浪尖峰週期; 流速; 分層流速{深度:流速}; 流向,中心經度; 中心緯度,,時間,2024–2024,61111,CWA,需確認各提供者授權條件,高（涉及安全決策風險）,live_or_time_series_candidate,時序工具候選,CWA qc（品管歷史） 資料。研究統計優先使用 qc 品管版本。不可列為 document_rag_candidate。歷史資料僅可回答歷史描述，不可提供當日下水安全判定。,確認時區（疑似 UTC+8）；確認授權（CWA）；確認 qc 與 realtime 時間範圍
歷史品管、即時海氣象水文觀測資料\CWA\外埔潮位站\qc\2025.csv,歷史品管與即時海氣象水文觀測資料（CWA）,.csv,5871547,2026-09-17T18:53:56+08:00,CSV,utf-8-sig,測站編號; 時間; 陣風_風速; 風速; 風向; 氣壓; 氣溫; 海面溫度; 示性波高; 平均週期; 波向; 波浪尖峰週期; 流速; 分層流速{深度:流速}; 流向,中心經度; 中心緯度,,時間,2025–2025,63751,CWA,需確認各提供者授權條件,高（涉及安全決策風險）,live_or_time_series_candidate,時序工具候選,CWA qc（品管歷史） 資料。研究統計優先使用 qc 品管版本。不可列為 document_rag_candidate。歷史資料僅可回答歷史描述，不可提供當日下水安全判定。,確認時區（疑似 UTC+8）；確認授權（CWA）；確認 qc 與 realtime 時間範圍
歷史品管、即時海氣象水文觀測資料\CWA\外埔潮位站\realtime\2023.csv,歷史品管與即時海氣象水文觀測資料（CWA）,.csv,635515,2026-09-17T18:53:56+08:00,CSV,utf-8-sig,測站編號; 時間; 陣風_風速; 風速; 風向; 氣壓; 氣溫; 海面溫度; 示性波高; 平均週期; 波向; 波浪尖峰週期; 流速; 分層流速{深度:流速}; 流向,中心經度; 中心緯度,,時間,2023–2023,6538,CWA,需確認各提供者授權條件,高（涉及安全決策風險）,live_or_time_series_candidate,時序工具候選,CWA realtime（即時） 資料。研究統計優先使用 qc 品管版本。不可列為 document_rag_candidate。歷史資料僅可回答歷史描述，不可提供當日下水安全判定。,確認時區（疑似 UTC+8）；確認授權（CWA）；確認 qc 與 realtime 時間範圍
歷史品管、即時海氣象水文觀測資料\CWA\外埔潮位站\realtime\2024.csv,歷史品管與即時海氣象水文觀測資料（CWA）,.csv,623226,2026-09-17T18:53:56+08:00,CSV,utf-8-sig,測站編號; 時間; 陣風_風速; 風速; 風向; 氣壓; 氣溫; 海面溫度; 示性波高; 平均週期; 波向; 波浪尖峰週期; 流速; 分層流速{深度:流速}; 流向,中心經度; 中心緯度,,時間,2024–2024,6438,CWA,需確認各提供者授權條件,高（涉及安全決策風險）,live_or_time_series_candidate,時序工具候選,CWA realtime（即時） 資料。研究統計優先使用 qc 品管版本。不可列為 document_rag_candidate。歷史資料僅可回答歷史描述，不可提供當日下水安全判定。,確認時區（疑似 UTC+8）；確認授權（CWA）；確認 qc 與 realtime 時間範圍
歷史品管、即時海氣象水文觀測資料\CWA\外埔潮位站\realtime\2025.csv,歷史品管與即時海氣象水文觀測資料（CWA）,.csv,634285,2026-09-17T18:53:56+08:00,CSV,utf-8-sig,測站編號; 時間; 陣風_風速; 風速; 風向; 氣壓; 氣溫; 海面溫度; 示性波高; 平均週期; 波向; 波浪尖峰週期; 流速; 分層流速{深度:流速}; 流向,中心經度; 中心緯度,,時間,2025–2025,6518,CWA,需確認各提供者授權條件,高（涉及安全決策風險）,live_or_time_series_candidate,時序工具候選,CWA realtime（即時） 資料。研究統計優先使用 qc 品管版本。不可列為 document_rag_candidate。歷史資料僅可回答歷史描述，不可提供當日下水安全判定。,確認時區（疑似 UTC+8）；確認授權（CWA）；確認 qc 與 realtime 時間範圍
歷史品管、即時海氣象水文觀測資料\CWA\富貴角資料浮標\LonLat.csv,歷史品管與即時海氣象水文觀測資料（CWA）,.csv,47,2026-09-17T18:53:56+08:00,CSV,utf-8-sig,CenterLongitude; CenterLatitude,CenterLongitude; CenterLatitude,,,,2,CWA,需確認各提供者授權條件,高（涉及安全決策風險）,live_or_time_series_candidate,時序工具候選,CWA 座標或後設 資料。研究統計優先使用 qc 品管版本。不可列為 document_rag_candidate。歷史資料僅可回答歷史描述，不可提供當日下水安全判定。,確認時區（疑似 UTC+8）；確認授權（CWA）；確認 qc 與 realtime 時間範圍
歷史品管、即時海氣象水文觀測資料\CWA\富貴角資料浮標\qc\2023.csv,歷史品管與即時海氣象水文觀測資料（CWA）,.csv,794770,2026-09-17T18:53:56+08:00,CSV,utf-8-sig,測站編號; 時間; 陣風_風速; 風速; 風向; 氣壓; 氣溫; 海面溫度; 示性波高; 平均週期; 波向; 波浪尖峰週期; 流速; 分層流速{深度:流速}; 流向,中心經度; 中心緯度,,時間,2023–2023,7199,CWA,需確認各提供者授權條件,高（涉及安全決策風險）,live_or_time_series_candidate,時序工具候選,CWA qc（品管歷史） 資料。研究統計優先使用 qc 品管版本。不可列為 document_rag_candidate。歷史資料僅可回答歷史描述，不可提供當日下水安全判定。,確認時區（疑似 UTC+8）；確認授權（CWA）；確認 qc 與 realtime 時間範圍
歷史品管、即時海氣象水文觀測資料\CWA\富貴角資料浮標\qc\2024.csv,歷史品管與即時海氣象水文觀測資料（CWA）,.csv,888600,2026-09-17T18:53:56+08:00,CSV,utf-8-sig,測站編號; 時間; 陣風_風速; 風速; 風向; 氣壓; 氣溫; 海面溫度; 示性波高; 平均週期; 波向; 波浪尖峰週期; 流速; 分層流速{深度:流速}; 流向,中心經度; 中心緯度,,時間,2024–2024,7640,CWA,需確認各提供者授權條件,高（涉及安全決策風險）,live_or_time_series_candidate,時序工具候選,CWA qc（品管歷史） 資料。研究統計優先使用 qc 品管版本。不可列為 document_rag_candidate。歷史資料僅可回答歷史描述，不可提供當日下水安全判定。,確認時區（疑似 UTC+8）；確認授權（CWA）；確認 qc 與 realtime 時間範圍
歷史品管、即時海氣象水文觀測資料\CWA\富貴角資料浮標\qc\2025.csv,歷史品管與即時海氣象水文觀測資料（CWA）,.csv,549064,2026-09-17T18:53:56+08:00,CSV,utf-8-sig,測站編號; 時間; 陣風_風速; 風速; 風向; 氣壓; 氣溫; 海面溫度; 示性波高; 平均週期; 波向; 波浪尖峰週期; 流速; 分層流速{深度:流速}; 流向,中心經度; 中心緯度,,時間,2025–2025,6107,CWA,需確認各提供者授權條件,高（涉及安全決策風險）,live_or_time_series_candidate,時序工具候選,CWA qc（品管歷史） 資料。研究統計優先使用 qc 品管版本。不可列為 document_rag_candidate。歷史資料僅可回答歷史描述，不可提供當日下水安全判定。,確認時區（疑似 UTC+8）；確認授權（CWA）；確認 qc 與 realtime 時間範圍
歷史品管、即時海氣象水文觀測資料\CWA\富貴角資料浮標\realtime\2023.csv,歷史品管與即時海氣象水文觀測資料（CWA）,.csv,752603,2026-09-17T18:53:56+08:00,CSV,utf-8-sig,測站編號; 時間; 陣風_風速; 風速; 風向; 氣壓; 氣溫; 海面溫度; 示性波高; 平均週期; 波向; 波浪尖峰週期; 流速; 分層流速{深度:流速}; 流向,中心經度; 中心緯度,,時間,2023–2023,7066,CWA,需確認各提供者授權條件,高（涉及安全決策風險）,live_or_time_series_candidate,時序工具候選,CWA realtime（即時） 資料。研究統計優先使用 qc 品管版本。不可列為 document_rag_candidate。歷史資料僅可回答歷史描述，不可提供當日下水安全判定。,確認時區（疑似 UTC+8）；確認授權（CWA）；確認 qc 與 realtime 時間範圍
歷史品管、即時海氣象水文觀測資料\CWA\富貴角資料浮標\realtime\2024.csv,歷史品管與即時海氣象水文觀測資料（CWA）,.csv,802732,2026-09-17T18:53:56+08:00,CSV,utf-8-sig,測站編號; 時間; 陣風_風速; 風速; 風向; 氣壓; 氣溫; 海面溫度; 示性波高; 平均週期; 波向; 波浪尖峰週期; 流速; 分層流速{深度:流速}; 流向,中心經度; 中心緯度,,時間,2024–2024,7244,CWA,需確認各提供者授權條件,高（涉及安全決策風險）,live_or_time_series_candidate,時序工具候選,CWA realtime（即時） 資料。研究統計優先使用 qc 品管版本。不可列為 document_rag_candidate。歷史資料僅可回答歷史描述，不可提供當日下水安全判定。,確認時區（疑似 UTC+8）；確認授權（CWA）；確認 qc 與 realtime 時間範圍
歷史品管、即時海氣象水文觀測資料\CWA\富貴角資料浮標\realtime\2025.csv,歷史品管與即時海氣象水文觀測資料（CWA）,.csv,797566,2026-09-17T18:53:56+08:00,CSV,utf-8-sig,測站編號; 時間; 陣風_風速; 風速; 風向; 氣壓; 氣溫; 海面溫度; 示性波高; 平均週期; 波向; 波浪尖峰週期; 流速; 分層流速{深度:流速}; 流向,中心經度; 中心緯度,,時間,2025–2025,7244,CWA,需確認各提供者授權條件,高（涉及安全決策風險）,live_or_time_series_candidate,時序工具候選,CWA realtime（即時） 資料。研究統計優先使用 qc 品管版本。不可列為 document_rag_candidate。歷史資料僅可回答歷史描述，不可提供當日下水安全判定。,確認時區（疑似 UTC+8）；確認授權（CWA）；確認 qc 與 realtime 時間範圍
歷史品管、即時海氣象水文觀測資料\CWA\將軍潮位站\LonLat.csv,歷史品管與即時海氣象水文觀測資料（CWA）,.csv,48,2026-09-17T18:53:56+08:00,CSV,utf-8-sig,CenterLongitude; CenterLatitude,CenterLongitude; CenterLatitude,,,,2,CWA,需確認各提供者授權條件,高（涉及安全決策風險）,live_or_time_series_candidate,時序工具候選,CWA 座標或後設 資料。研究統計優先使用 qc 品管版本。不可列為 document_rag_candidate。歷史資料僅可回答歷史描述，不可提供當日下水安全判定。,確認時區（疑似 UTC+8）；確認授權（CWA）；確認 qc 與 realtime 時間範圍
歷史品管、即時海氣象水文觀測資料\CWA\將軍潮位站\qc\2023.csv,歷史品管與即時海氣象水文觀測資料（CWA）,.csv,5935912,2026-09-17T18:53:56+08:00,CSV,utf-8-sig,測站編號; 時間; 陣風_風速; 風速; 風向; 氣壓; 氣溫; 海面溫度; 示性波高; 平均週期; 波向; 波浪尖峰週期; 流速; 分層流速{深度:流速}; 流向,中心經度; 中心緯度,,時間,2023–2023,62615,CWA,需確認各提供者授權條件,高（涉及安全決策風險）,live_or_time_series_candidate,時序工具候選,CWA qc（品管歷史） 資料。研究統計優先使用 qc 品管版本。不可列為 document_rag_candidate。歷史資料僅可回答歷史描述，不可提供當日下水安全判定。,確認時區（疑似 UTC+8）；確認授權（CWA）；確認 qc 與 realtime 時間範圍
歷史品管、即時海氣象水文觀測資料\CWA\將軍潮位站\qc\2024.csv,歷史品管與即時海氣象水文觀測資料（CWA）,.csv,5716747,2026-09-17T18:53:56+08:00,CSV,utf-8-sig,測站編號; 時間; 陣風_風速; 風速; 風向; 氣壓; 氣溫; 海面溫度; 示性波高; 平均週期; 波向; 波浪尖峰週期; 流速; 分層流速{深度:流速}; 流向,中心經度; 中心緯度,,時間,2024–2024,60687,CWA,需確認各提供者授權條件,高（涉及安全決策風險）,live_or_time_series_candidate,時序工具候選,CWA qc（品管歷史） 資料。研究統計優先使用 qc 品管版本。不可列為 document_rag_candidate。歷史資料僅可回答歷史描述，不可提供當日下水安全判定。,確認時區（疑似 UTC+8）；確認授權（CWA）；確認 qc 與 realtime 時間範圍
歷史品管、即時海氣象水文觀測資料\CWA\將軍潮位站\qc\2025.csv,歷史品管與即時海氣象水文觀測資料（CWA）,.csv,5755834,2026-09-17T18:53:56+08:00,CSV,utf-8-sig,測站編號; 時間; 陣風_風速; 風速; 風向; 氣壓; 氣溫; 海面溫度; 示性波高; 平均週期; 波向; 波浪尖峰週期; 流速; 分層流速{深度:流速}; 流向,中心經度; 中心緯度,,時間,2025–2025,61493,CWA,需確認各提供者授權條件,高（涉及安全決策風險）,live_or_time_series_candidate,時序工具候選,CWA qc（品管歷史） 資料。研究統計優先使用 qc 品管版本。不可列為 document_rag_candidate。歷史資料僅可回答歷史描述，不可提供當日下水安全判定。,確認時區（疑似 UTC+8）；確認授權（CWA）；確認 qc 與 realtime 時間範圍
歷史品管、即時海氣象水文觀測資料\CWA\將軍潮位站\realtime\2023.csv,歷史品管與即時海氣象水文觀測資料（CWA）,.csv,715934,2026-09-17T18:53:56+08:00,CSV,utf-8-sig,測站編號; 時間; 陣風_風速; 風速; 風向; 氣壓; 氣溫; 海面溫度; 示性波高; 平均週期; 波向; 波浪尖峰週期; 流速; 分層流速{深度:流速}; 流向,中心經度; 中心緯度,,時間,2023–2023,6897,CWA,需確認各提供者授權條件,高（涉及安全決策風險）,live_or_time_series_candidate,時序工具候選,CWA realtime（即時） 資料。研究統計優先使用 qc 品管版本。不可列為 document_rag_candidate。歷史資料僅可回答歷史描述，不可提供當日下水安全判定。,確認時區（疑似 UTC+8）；確認授權（CWA）；確認 qc 與 realtime 時間範圍
歷史品管、即時海氣象水文觀測資料\CWA\將軍潮位站\realtime\2024.csv,歷史品管與即時海氣象水文觀測資料（CWA）,.csv,711004,2026-09-17T18:53:56+08:00,CSV,utf-8-sig,測站編號; 時間; 陣風_風速; 風速; 風向; 氣壓; 氣溫; 海面溫度; 示性波高; 平均週期; 波向; 波浪尖峰週期; 流速; 分層流速{深度:流速}; 流向,中心經度; 中心緯度,,時間,2024–2024,6862,CWA,需確認各提供者授權條件,高（涉及安全決策風險）,live_or_time_series_candidate,時序工具候選,CWA realtime（即時） 資料。研究統計優先使用 qc 品管版本。不可列為 document_rag_candidate。歷史資料僅可回答歷史描述，不可提供當日下水安全判定。,確認時區（疑似 UTC+8）；確認授權（CWA）；確認 qc 與 realtime 時間範圍
歷史品管、即時海氣象水文觀測資料\CWA\將軍潮位站\realtime\2025.csv,歷史品管與即時海氣象水文觀測資料（CWA）,.csv,701929,2026-09-17T18:53:56+08:00,CSV,utf-8-sig,測站編號; 時間; 陣風_風速; 風速; 風向; 氣壓; 氣溫; 海面溫度; 示性波高; 平均週期; 波向; 波浪尖峰週期; 流速; 分層流速{深度:流速}; 流向,中心經度; 中心緯度,,時間,2025–2025,6762,CWA,需確認各提供者授權條件,高（涉及安全決策風險）,live_or_time_series_candidate,時序工具候選,CWA realtime（即時） 資料。研究統計優先使用 qc 品管版本。不可列為 document_rag_candidate。歷史資料僅可回答歷史描述，不可提供當日下水安全判定。,確認時區（疑似 UTC+8）；確認授權（CWA）；確認 qc 與 realtime 時間範圍
歷史品管、即時海氣象水文觀測資料\CWA\小琉球潮位站\LonLat.csv,歷史品管與即時海氣象水文觀測資料（CWA）,.csv,48,2026-09-17T18:53:56+08:00,CSV,utf-8-sig,CenterLongitude; CenterLatitude,CenterLongitude; CenterLatitude,,,,2,CWA,需確認各提供者授權條件,高（涉及安全決策風險）,live_or_time_series_candidate,時序工具候選,CWA 座標或後設 資料。研究統計優先使用 qc 品管版本。不可列為 document_rag_candidate。歷史資料僅可回答歷史描述，不可提供當日下水安全判定。,確認時區（疑似 UTC+8）；確認授權（CWA）；確認 qc 與 realtime 時間範圍
歷史品管、即時海氣象水文觀測資料\CWA\小琉球潮位站\qc\2023.csv,歷史品管與即時海氣象水文觀測資料（CWA）,.csv,5847961,2026-09-17T18:53:56+08:00,CSV,utf-8-sig,測站編號; 時間; 陣風_風速; 風速; 風向; 氣壓; 氣溫; 海面溫度; 示性波高; 平均週期; 波向; 波浪尖峰週期; 流速; 分層流速{深度:流速}; 流向,中心經度; 中心緯度,,時間,2023–2023,62080,CWA,需確認各提供者授權條件,高（涉及安全決策風險）,live_or_time_series_candidate,時序工具候選,CWA qc（品管歷史） 資料。研究統計優先使用 qc 品管版本。不可列為 document_rag_candidate。歷史資料僅可回答歷史描述，不可提供當日下水安全判定。,確認時區（疑似 UTC+8）；確認授權（CWA）；確認 qc 與 realtime 時間範圍
歷史品管、即時海氣象水文觀測資料\CWA\小琉球潮位站\qc\2024.csv,歷史品管與即時海氣象水文觀測資料（CWA）,.csv,5850316,2026-09-17T18:53:56+08:00,CSV,utf-8-sig,測站編號; 時間; 陣風_風速; 風速; 風向; 氣壓; 氣溫; 海面溫度; 示性波高; 平均週期; 波向; 波浪尖峰週期; 流速; 分層流速{深度:流速}; 流向,中心經度; 中心緯度,,時間,2024–2024,62105,CWA,需確認各提供者授權條件,高（涉及安全決策風險）,live_or_time_series_candidate,時序工具候選,CWA qc（品管歷史） 資料。研究統計優先使用 qc 品管版本。不可列為 document_rag_candidate。歷史資料僅可回答歷史描述，不可提供當日下水安全判定。,確認時區（疑似 UTC+8）；確認授權（CWA）；確認 qc 與 realtime 時間範圍
歷史品管、即時海氣象水文觀測資料\CWA\小琉球潮位站\qc\2025.csv,歷史品管與即時海氣象水文觀測資料（CWA）,.csv,5839871,2026-09-17T18:53:56+08:00,CSV,utf-8-sig,測站編號; 時間; 陣風_風速; 風速; 風向; 氣壓; 氣溫; 海面溫度; 示性波高; 平均週期; 波向; 波浪尖峰週期; 流速; 分層流速{深度:流速}; 流向,中心經度; 中心緯度,,時間,2025–2025,61994,CWA,需確認各提供者授權條件,高（涉及安全決策風險）,live_or_time_series_candidate,時序工具候選,CWA qc（品管歷史） 資料。研究統計優先使用 qc 品管版本。不可列為 document_rag_candidate。歷史資料僅可回答歷史描述，不可提供當日下水安全判定。,確認時區（疑似 UTC+8）；確認授權（CWA）；確認 qc 與 realtime 時間範圍
歷史品管、即時海氣象水文觀測資料\CWA\小琉球潮位站\realtime\2023.csv,歷史品管與即時海氣象水文觀測資料（CWA）,.csv,684179,2026-09-17T18:53:56+08:00,CSV,utf-8-sig,測站編號; 時間; 陣風_風速; 風速; 風向; 氣壓; 氣溫; 海面溫度; 示性波高; 平均週期; 波向; 波浪尖峰週期; 流速; 分層流速{深度:流速}; 流向,中心經度; 中心緯度,,時間,2023–2023,6740,CWA,需確認各提供者授權條件,高（涉及安全決策風險）,live_or_time_series_candidate,時序工具候選,CWA realtime（即時） 資料。研究統計優先使用 qc 品管版本。不可列為 document_rag_candidate。歷史資料僅可回答歷史描述，不可提供當日下水安全判定。,確認時區（疑似 UTC+8）；確認授權（CWA）；確認 qc 與 realtime 時間範圍
歷史品管、即時海氣象水文觀測資料\CWA\小琉球潮位站\realtime\2024.csv,歷史品管與即時海氣象水文觀測資料（CWA）,.csv,668585,2026-09-17T18:53:56+08:00,CSV,utf-8-sig,測站編號; 時間; 陣風_風速; 風速; 風向; 氣壓; 氣溫; 海面溫度; 示性波高; 平均週期; 波向; 波浪尖峰週期; 流速; 分層流速{深度:流速}; 流向,中心經度; 中心緯度,,時間,2024–2024,6580,CWA,需確認各提供者授權條件,高（涉及安全決策風險）,live_or_time_series_candidate,時序工具候選,CWA realtime（即時） 資料。研究統計優先使用 qc 品管版本。不可列為 document_rag_candidate。歷史資料僅可回答歷史描述，不可提供當日下水安全判定。,確認時區（疑似 UTC+8）；確認授權（CWA）；確認 qc 與 realtime 時間範圍
歷史品管、即時海氣象水文觀測資料\CWA\小琉球潮位站\realtime\2025.csv,歷史品管與即時海氣象水文觀測資料（CWA）,.csv,671052,2026-09-17T18:53:56+08:00,CSV,utf-8-sig,測站編號; 時間; 陣風_風速; 風速; 風向; 氣壓; 氣溫; 海面溫度; 示性波高; 平均週期; 波向; 波浪尖峰週期; 流速; 分層流速{深度:流速}; 流向,中心經度; 中心緯度,,時間,2025–2025,6771,CWA,需確認各提供者授權條件,高（涉及安全決策風險）,live_or_time_series_candidate,時序工具候選,CWA realtime（即時） 資料。研究統計優先使用 qc 品管版本。不可列為 document_rag_candidate。歷史資料僅可回答歷史描述，不可提供當日下水安全判定。,確認時區（疑似 UTC+8）；確認授權（CWA）；確認 qc 與 realtime 時間範圍
歷史品管、即時海氣象水文觀測資料\CWA\小琉球資料浮標\LonLat.csv,歷史品管與即時海氣象水文觀測資料（CWA）,.csv,48,2026-09-17T18:53:56+08:00,CSV,utf-8-sig,CenterLongitude; CenterLatitude,CenterLongitude; CenterLatitude,,,,2,CWA,需確認各提供者授權條件,高（涉及安全決策風險）,live_or_time_series_candidate,時序工具候選,CWA 座標或後設 資料。研究統計優先使用 qc 品管版本。不可列為 document_rag_candidate。歷史資料僅可回答歷史描述，不可提供當日下水安全判定。,確認時區（疑似 UTC+8）；確認授權（CWA）；確認 qc 與 realtime 時間範圍
歷史品管、即時海氣象水文觀測資料\CWA\小琉球資料浮標\qc\2023.csv,歷史品管與即時海氣象水文觀測資料（CWA）,.csv,829232,2026-09-17T18:53:57+08:00,CSV,utf-8-sig,測站編號; 時間; 陣風_風速; 風速; 風向; 氣壓; 氣溫; 海面溫度; 示性波高; 平均週期; 波向; 波浪尖峰週期; 流速; 分層流速{深度:流速}; 流向,中心經度; 中心緯度,,時間,2023–2023,7179,CWA,需確認各提供者授權條件,高（涉及安全決策風險）,live_or_time_series_candidate,時序工具候選,CWA qc（品管歷史） 資料。研究統計優先使用 qc 品管版本。不可列為 document_rag_candidate。歷史資料僅可回答歷史描述，不可提供當日下水安全判定。,確認時區（疑似 UTC+8）；確認授權（CWA）；確認 qc 與 realtime 時間範圍
歷史品管、即時海氣象水文觀測資料\CWA\小琉球資料浮標\qc\2024.csv,歷史品管與即時海氣象水文觀測資料（CWA）,.csv,888492,2026-09-17T18:53:57+08:00,CSV,utf-8-sig,測站編號; 時間; 陣風_風速; 風速; 風向; 氣壓; 氣溫; 海面溫度; 示性波高; 平均週期; 波向; 波浪尖峰週期; 流速; 分層流速{深度:流速}; 流向,中心經度; 中心緯度,,時間,2024–2024,7561,CWA,需確認各提供者授權條件,高（涉及安全決策風險）,live_or_time_series_candidate,時序工具候選,CWA qc（品管歷史） 資料。研究統計優先使用 qc 品管版本。不可列為 document_rag_candidate。歷史資料僅可回答歷史描述，不可提供當日下水安全判定。,確認時區（疑似 UTC+8）；確認授權（CWA）；確認 qc 與 realtime 時間範圍
歷史品管、即時海氣象水文觀測資料\CWA\小琉球資料浮標\qc\2025.csv,歷史品管與即時海氣象水文觀測資料（CWA）,.csv,844400,2026-09-17T18:53:57+08:00,CSV,utf-8-sig,測站編號; 時間; 陣風_風速; 風速; 風向; 氣壓; 氣溫; 海面溫度; 示性波高; 平均週期; 波向; 波浪尖峰週期; 流速; 分層流速{深度:流速}; 流向,中心經度; 中心緯度,,時間,2025–2025,7155,CWA,需確認各提供者授權條件,高（涉及安全決策風險）,live_or_time_series_candidate,時序工具候選,CWA qc（品管歷史） 資料。研究統計優先使用 qc 品管版本。不可列為 document_rag_candidate。歷史資料僅可回答歷史描述，不可提供當日下水安全判定。,確認時區（疑似 UTC+8）；確認授權（CWA）；確認 qc 與 realtime 時間範圍
歷史品管、即時海氣象水文觀測資料\CWA\小琉球資料浮標\realtime\2023.csv,歷史品管與即時海氣象水文觀測資料（CWA）,.csv,800491,2026-09-17T18:53:57+08:00,CSV,utf-8-sig,測站編號; 時間; 陣風_風速; 風速; 風向; 氣壓; 氣溫; 海面溫度; 示性波高; 平均週期; 波向; 波浪尖峰週期; 流速; 分層流速{深度:流速}; 流向,中心經度; 中心緯度,,時間,2023–2023,7147,CWA,需確認各提供者授權條件,高（涉及安全決策風險）,live_or_time_series_candidate,時序工具候選,CWA realtime（即時） 資料。研究統計優先使用 qc 品管版本。不可列為 document_rag_candidate。歷史資料僅可回答歷史描述，不可提供當日下水安全判定。,確認時區（疑似 UTC+8）；確認授權（CWA）；確認 qc 與 realtime 時間範圍
歷史品管、即時海氣象水文觀測資料\CWA\小琉球資料浮標\realtime\2024.csv,歷史品管與即時海氣象水文觀測資料（CWA）,.csv,807928,2026-09-17T18:53:57+08:00,CSV,utf-8-sig,測站編號; 時間; 陣風_風速; 風速; 風向; 氣壓; 氣溫; 海面溫度; 示性波高; 平均週期; 波向; 波浪尖峰週期; 流速; 分層流速{深度:流速}; 流向,中心經度; 中心緯度,,時間,2024–2024,7162,CWA,需確認各提供者授權條件,高（涉及安全決策風險）,live_or_time_series_candidate,時序工具候選,CWA realtime（即時） 資料。研究統計優先使用 qc 品管版本。不可列為 document_rag_candidate。歷史資料僅可回答歷史描述，不可提供當日下水安全判定。,確認時區（疑似 UTC+8）；確認授權（CWA）；確認 qc 與 realtime 時間範圍
歷史品管、即時海氣象水文觀測資料\CWA\小琉球資料浮標\realtime\2025.csv,歷史品管與即時海氣象水文觀測資料（CWA）,.csv,797389,2026-09-17T18:53:57+08:00,CSV,utf-8-sig,測站編號; 時間; 陣風_風速; 風速; 風向; 氣壓; 氣溫; 海面溫度; 示性波高; 平均週期; 波向; 波浪尖峰週期; 流速; 分層流速{深度:流速}; 流向,中心經度; 中心緯度,,時間,2025–2025,7025,CWA,需確認各提供者授權條件,高（涉及安全決策風險）,live_or_time_series_candidate,時序工具候選,CWA realtime（即時） 資料。研究統計優先使用 qc 品管版本。不可列為 document_rag_candidate。歷史資料僅可回答歷史描述，不可提供當日下水安全判定。,確認時區（疑似 UTC+8）；確認授權（CWA）；確認 qc 與 realtime 時間範圍
歷史品管、即時海氣象水文觀測資料\CWA\彭佳嶼資料浮標\LonLat.csv,歷史品管與即時海氣象水文觀測資料（CWA）,.csv,48,2026-09-17T18:53:57+08:00,CSV,utf-8-sig,CenterLongitude; CenterLatitude,CenterLongitude; CenterLatitude,,,,2,CWA,需確認各提供者授權條件,高（涉及安全決策風險）,live_or_time_series_candidate,時序工具候選,CWA 座標或後設 資料。研究統計優先使用 qc 品管版本。不可列為 document_rag_candidate。歷史資料僅可回答歷史描述，不可提供當日下水安全判定。,確認時區（疑似 UTC+8）；確認授權（CWA）；確認 qc 與 realtime 時間範圍
歷史品管、即時海氣象水文觀測資料\CWA\彭佳嶼資料浮標\qc\2023.csv,歷史品管與即時海氣象水文觀測資料（CWA）,.csv,762717,2026-09-17T18:53:57+08:00,CSV,utf-8-sig,測站編號; 時間; 陣風_風速; 風速; 風向; 氣壓; 氣溫; 海面溫度; 示性波高; 平均週期; 波向; 波浪尖峰週期; 流速; 分層流速{深度:流速}; 流向,中心經度; 中心緯度,,時間,2023–2023,6803,CWA,需確認各提供者授權條件,高（涉及安全決策風險）,live_or_time_series_candidate,時序工具候選,CWA qc（品管歷史） 資料。研究統計優先使用 qc 品管版本。不可列為 document_rag_candidate。歷史資料僅可回答歷史描述，不可提供當日下水安全判定。,確認時區（疑似 UTC+8）；確認授權（CWA）；確認 qc 與 realtime 時間範圍
歷史品管、即時海氣象水文觀測資料\CWA\彭佳嶼資料浮標\qc\2024.csv,歷史品管與即時海氣象水文觀測資料（CWA）,.csv,879983,2026-09-17T18:53:57+08:00,CSV,utf-8-sig,測站編號; 時間; 陣風_風速; 風速; 風向; 氣壓; 氣溫; 海面溫度; 示性波高; 平均週期; 波向; 波浪尖峰週期; 流速; 分層流速{深度:流速}; 流向,中心經度; 中心緯度,,時間,2024–2024,7540,CWA,需確認各提供者授權條件,高（涉及安全決策風險）,live_or_time_series_candidate,時序工具候選,CWA qc（品管歷史） 資料。研究統計優先使用 qc 品管版本。不可列為 document_rag_candidate。歷史資料僅可回答歷史描述，不可提供當日下水安全判定。,確認時區（疑似 UTC+8）；確認授權（CWA）；確認 qc 與 realtime 時間範圍
歷史品管、即時海氣象水文觀測資料\CWA\彭佳嶼資料浮標\qc\2025.csv,歷史品管與即時海氣象水文觀測資料（CWA）,.csv,785481,2026-09-17T18:53:57+08:00,CSV,utf-8-sig,測站編號; 時間; 陣風_風速; 風速; 風向; 氣壓; 氣溫; 海面溫度; 示性波高; 平均週期; 波向; 波浪尖峰週期; 流速; 分層流速{深度:流速}; 流向,中心經度; 中心緯度,,時間,2025–2025,6800,CWA,需確認各提供者授權條件,高（涉及安全決策風險）,live_or_time_series_candidate,時序工具候選,CWA qc（品管歷史） 資料。研究統計優先使用 qc 品管版本。不可列為 document_rag_candidate。歷史資料僅可回答歷史描述，不可提供當日下水安全判定。,確認時區（疑似 UTC+8）；確認授權（CWA）；確認 qc 與 realtime 時間範圍
歷史品管、即時海氣象水文觀測資料\CWA\彭佳嶼資料浮標\realtime\2023.csv,歷史品管與即時海氣象水文觀測資料（CWA）,.csv,728955,2026-09-17T18:53:57+08:00,CSV,utf-8-sig,測站編號; 時間; 陣風_風速; 風速; 風向; 氣壓; 氣溫; 海面溫度; 示性波高; 平均週期; 波向; 波浪尖峰週期; 流速; 分層流速{深度:流速}; 流向,中心經度; 中心緯度,,時間,2023–2023,6857,CWA,需確認各提供者授權條件,高（涉及安全決策風險）,live_or_time_series_candidate,時序工具候選,CWA realtime（即時） 資料。研究統計優先使用 qc 品管版本。不可列為 document_rag_candidate。歷史資料僅可回答歷史描述，不可提供當日下水安全判定。,確認時區（疑似 UTC+8）；確認授權（CWA）；確認 qc 與 realtime 時間範圍
歷史品管、即時海氣象水文觀測資料\CWA\彭佳嶼資料浮標\realtime\2024.csv,歷史品管與即時海氣象水文觀測資料（CWA）,.csv,804699,2026-09-17T18:53:57+08:00,CSV,utf-8-sig,測站編號; 時間; 陣風_風速; 風速; 風向; 氣壓; 氣溫; 海面溫度; 示性波高; 平均週期; 波向; 波浪尖峰週期; 流速; 分層流速{深度:流速}; 流向,中心經度; 中心緯度,,時間,2024–2024,7223,CWA,需確認各提供者授權條件,高（涉及安全決策風險）,live_or_time_series_candidate,時序工具候選,CWA realtime（即時） 資料。研究統計優先使用 qc 品管版本。不可列為 document_rag_candidate。歷史資料僅可回答歷史描述，不可提供當日下水安全判定。,確認時區（疑似 UTC+8）；確認授權（CWA）；確認 qc 與 realtime 時間範圍
歷史品管、即時海氣象水文觀測資料\CWA\彭佳嶼資料浮標\realtime\2025.csv,歷史品管與即時海氣象水文觀測資料（CWA）,.csv,737242,2026-09-17T18:53:57+08:00,CSV,utf-8-sig,測站編號; 時間; 陣風_風速; 風速; 風向; 氣壓; 氣溫; 海面溫度; 示性波高; 平均週期; 波向; 波浪尖峰週期; 流速; 分層流速{深度:流速}; 流向,中心經度; 中心緯度,,時間,2025–2025,6702,CWA,需確認各提供者授權條件,高（涉及安全決策風險）,live_or_time_series_candidate,時序工具候選,CWA realtime（即時） 資料。研究統計優先使用 qc 品管版本。不可列為 document_rag_candidate。歷史資料僅可回答歷史描述，不可提供當日下水安全判定。,確認時區（疑似 UTC+8）；確認授權（CWA）；確認 qc 與 realtime 時間範圍
歷史品管、即時海氣象水文觀測資料\CWA\後壁湖潮位站\LonLat.csv,歷史品管與即時海氣象水文觀測資料（CWA）,.csv,48,2026-09-17T18:53:57+08:00,CSV,utf-8-sig,CenterLongitude; CenterLatitude,CenterLongitude; CenterLatitude,,,,2,CWA,需確認各提供者授權條件,高（涉及安全決策風險）,live_or_time_series_candidate,時序工具候選,CWA 座標或後設 資料。研究統計優先使用 qc 品管版本。不可列為 document_rag_candidate。歷史資料僅可回答歷史描述，不可提供當日下水安全判定。,確認時區（疑似 UTC+8）；確認授權（CWA）；確認 qc 與 realtime 時間範圍
歷史品管、即時海氣象水文觀測資料\CWA\後壁湖潮位站\qc\2023.csv,歷史品管與即時海氣象水文觀測資料（CWA）,.csv,5919848,2026-09-17T18:53:57+08:00,CSV,utf-8-sig,測站編號; 時間; 陣風_風速; 風速; 風向; 氣壓; 氣溫; 海面溫度; 示性波高; 平均週期; 波向; 波浪尖峰週期; 流速; 分層流速{深度:流速}; 流向,中心經度; 中心緯度,,時間,2023–2023,62843,CWA,需確認各提供者授權條件,高（涉及安全決策風險）,live_or_time_series_candidate,時序工具候選,CWA qc（品管歷史） 資料。研究統計優先使用 qc 品管版本。不可列為 document_rag_candidate。歷史資料僅可回答歷史描述，不可提供當日下水安全判定。,確認時區（疑似 UTC+8）；確認授權（CWA）；確認 qc 與 realtime 時間範圍
歷史品管、即時海氣象水文觀測資料\CWA\後壁湖潮位站\qc\2024.csv,歷史品管與即時海氣象水文觀測資料（CWA）,.csv,5870535,2026-09-17T18:53:57+08:00,CSV,utf-8-sig,測站編號; 時間; 陣風_風速; 風速; 風向; 氣壓; 氣溫; 海面溫度; 示性波高; 平均週期; 波向; 波浪尖峰週期; 流速; 分層流速{深度:流速}; 流向,中心經度; 中心緯度,,時間,2024–2024,62319,CWA,需確認各提供者授權條件,高（涉及安全決策風險）,live_or_time_series_candidate,時序工具候選,CWA qc（品管歷史） 資料。研究統計優先使用 qc 品管版本。不可列為 document_rag_candidate。歷史資料僅可回答歷史描述，不可提供當日下水安全判定。,確認時區（疑似 UTC+8）；確認授權（CWA）；確認 qc 與 realtime 時間範圍
歷史品管、即時海氣象水文觀測資料\CWA\後壁湖潮位站\qc\2025.csv,歷史品管與即時海氣象水文觀測資料（CWA）,.csv,5853046,2026-09-17T18:53:57+08:00,CSV,utf-8-sig,測站編號; 時間; 陣風_風速; 風速; 風向; 氣壓; 氣溫; 海面溫度; 示性波高; 平均週期; 波向; 波浪尖峰週期; 流速; 分層流速{深度:流速}; 流向,中心經度; 中心緯度,,時間,2025–2025,62200,CWA,需確認各提供者授權條件,高（涉及安全決策風險）,live_or_time_series_candidate,時序工具候選,CWA qc（品管歷史） 資料。研究統計優先使用 qc 品管版本。不可列為 document_rag_candidate。歷史資料僅可回答歷史描述，不可提供當日下水安全判定。,確認時區（疑似 UTC+8）；確認授權（CWA）；確認 qc 與 realtime 時間範圍
歷史品管、即時海氣象水文觀測資料\CWA\後壁湖潮位站\realtime\2023.csv,歷史品管與即時海氣象水文觀測資料（CWA）,.csv,586403,2026-09-17T18:53:57+08:00,CSV,utf-8-sig,測站編號; 時間; 陣風_風速; 風速; 風向; 氣壓; 氣溫; 海面溫度; 示性波高; 平均週期; 波向; 波浪尖峰週期; 流速; 分層流速{深度:流速}; 流向,中心經度; 中心緯度,,時間,2023–2023,6271,CWA,需確認各提供者授權條件,高（涉及安全決策風險）,live_or_time_series_candidate,時序工具候選,CWA realtime（即時） 資料。研究統計優先使用 qc 品管版本。不可列為 document_rag_candidate。歷史資料僅可回答歷史描述，不可提供當日下水安全判定。,確認時區（疑似 UTC+8）；確認授權（CWA）；確認 qc 與 realtime 時間範圍
歷史品管、即時海氣象水文觀測資料\CWA\後壁湖潮位站\realtime\2024.csv,歷史品管與即時海氣象水文觀測資料（CWA）,.csv,583459,2026-09-17T18:53:57+08:00,CSV,utf-8-sig,測站編號; 時間; 陣風_風速; 風速; 風向; 氣壓; 氣溫; 海面溫度; 示性波高; 平均週期; 波向; 波浪尖峰週期; 流速; 分層流速{深度:流速}; 流向,中心經度; 中心緯度,,時間,2024–2024,6207,CWA,需確認各提供者授權條件,高（涉及安全決策風險）,live_or_time_series_candidate,時序工具候選,CWA realtime（即時） 資料。研究統計優先使用 qc 品管版本。不可列為 document_rag_candidate。歷史資料僅可回答歷史描述，不可提供當日下水安全判定。,確認時區（疑似 UTC+8）；確認授權（CWA）；確認 qc 與 realtime 時間範圍
歷史品管、即時海氣象水文觀測資料\CWA\後壁湖潮位站\realtime\2025.csv,歷史品管與即時海氣象水文觀測資料（CWA）,.csv,583714,2026-09-17T18:53:57+08:00,CSV,utf-8-sig,測站編號; 時間; 陣風_風速; 風速; 風向; 氣壓; 氣溫; 海面溫度; 示性波高; 平均週期; 波向; 波浪尖峰週期; 流速; 分層流速{深度:流速}; 流向,中心經度; 中心緯度,,時間,2025–2025,6196,CWA,需確認各提供者授權條件,高（涉及安全決策風險）,live_or_time_series_candidate,時序工具候選,CWA realtime（即時） 資料。研究統計優先使用 qc 品管版本。不可列為 document_rag_candidate。歷史資料僅可回答歷史描述，不可提供當日下水安全判定。,確認時區（疑似 UTC+8）；確認授權（CWA）；確認 qc 與 realtime 時間範圍
歷史品管、即時海氣象水文觀測資料\CWA\成功浮球式波浪站\LonLat.csv,歷史品管與即時海氣象水文觀測資料（CWA）,.csv,48,2026-09-17T18:53:57+08:00,CSV,utf-8-sig,CenterLongitude; CenterLatitude,CenterLongitude; CenterLatitude,,,,2,CWA,需確認各提供者授權條件,高（涉及安全決策風險）,live_or_time_series_candidate,時序工具候選,CWA 座標或後設 資料。研究統計優先使用 qc 品管版本。不可列為 document_rag_candidate。歷史資料僅可回答歷史描述，不可提供當日下水安全判定。,確認時區（疑似 UTC+8）；確認授權（CWA）；確認 qc 與 realtime 時間範圍
歷史品管、即時海氣象水文觀測資料\CWA\成功浮球式波浪站\qc\2023.csv,歷史品管與即時海氣象水文觀測資料（CWA）,.csv,305824,2026-09-17T18:53:57+08:00,CSV,utf-8-sig,測站編號; 時間; 陣風_風速; 風速; 風向; 氣壓; 氣溫; 海面溫度; 示性波高; 平均週期; 波向; 波浪尖峰週期; 流速; 分層流速{深度:流速}; 流向,中心經度; 中心緯度,,時間,2023–2023,3371,CWA,需確認各提供者授權條件,高（涉及安全決策風險）,live_or_time_series_candidate,時序工具候選,CWA qc（品管歷史） 資料。研究統計優先使用 qc 品管版本。不可列為 document_rag_candidate。歷史資料僅可回答歷史描述，不可提供當日下水安全判定。,確認時區（疑似 UTC+8）；確認授權（CWA）；確認 qc 與 realtime 時間範圍
歷史品管、即時海氣象水文觀測資料\CWA\成功浮球式波浪站\qc\2024.csv,歷史品管與即時海氣象水文觀測資料（CWA）,.csv,254836,2026-09-17T18:53:57+08:00,CSV,utf-8-sig,測站編號; 時間; 陣風_風速; 風速; 風向; 氣壓; 氣溫; 海面溫度; 示性波高; 平均週期; 波向; 波浪尖峰週期; 流速; 分層流速{深度:流速}; 流向,中心經度; 中心緯度,,時間,2024–2024,2746,CWA,需確認各提供者授權條件,高（涉及安全決策風險）,live_or_time_series_candidate,時序工具候選,CWA qc（品管歷史） 資料。研究統計優先使用 qc 品管版本。不可列為 document_rag_candidate。歷史資料僅可回答歷史描述，不可提供當日下水安全判定。,確認時區（疑似 UTC+8）；確認授權（CWA）；確認 qc 與 realtime 時間範圍
歷史品管、即時海氣象水文觀測資料\CWA\成功浮球式波浪站\qc\2025.csv,歷史品管與即時海氣象水文觀測資料（CWA）,.csv,326768,2026-09-17T18:53:57+08:00,CSV,utf-8-sig,測站編號; 時間; 陣風_風速; 風速; 風向; 氣壓; 氣溫; 海面溫度; 示性波高; 平均週期; 波向; 波浪尖峰週期; 流速; 分層流速{深度:流速}; 流向,中心經度; 中心緯度,,時間,2025–2025,3575,CWA,需確認各提供者授權條件,高（涉及安全決策風險）,live_or_time_series_candidate,時序工具候選,CWA qc（品管歷史） 資料。研究統計優先使用 qc 品管版本。不可列為 document_rag_candidate。歷史資料僅可回答歷史描述，不可提供當日下水安全判定。,確認時區（疑似 UTC+8）；確認授權（CWA）；確認 qc 與 realtime 時間範圍
歷史品管、即時海氣象水文觀測資料\CWA\成功浮球式波浪站\realtime\2023.csv,歷史品管與即時海氣象水文觀測資料（CWA）,.csv,256462,2026-09-17T18:53:57+08:00,CSV,utf-8-sig,測站編號; 時間; 陣風_風速; 風速; 風向; 氣壓; 氣溫; 海面溫度; 示性波高; 平均週期; 波向; 波浪尖峰週期; 流速; 分層流速{深度:流速}; 流向,中心經度; 中心緯度,,時間,2023–2023,2616,CWA,需確認各提供者授權條件,高（涉及安全決策風險）,live_or_time_series_candidate,時序工具候選,CWA realtime（即時） 資料。研究統計優先使用 qc 品管版本。不可列為 document_rag_candidate。歷史資料僅可回答歷史描述，不可提供當日下水安全判定。,確認時區（疑似 UTC+8）；確認授權（CWA）；確認 qc 與 realtime 時間範圍
歷史品管、即時海氣象水文觀測資料\CWA\成功浮球式波浪站\realtime\2024.csv,歷史品管與即時海氣象水文觀測資料（CWA）,.csv,280881,2026-09-17T18:53:57+08:00,CSV,utf-8-sig,測站編號; 時間; 陣風_風速; 風速; 風向; 氣壓; 氣溫; 海面溫度; 示性波高; 平均週期; 波向; 波浪尖峰週期; 流速; 分層流速{深度:流速}; 流向,中心經度; 中心緯度,,時間,2024–2024,2866,CWA,需確認各提供者授權條件,高（涉及安全決策風險）,live_or_time_series_candidate,時序工具候選,CWA realtime（即時） 資料。研究統計優先使用 qc 品管版本。不可列為 document_rag_candidate。歷史資料僅可回答歷史描述，不可提供當日下水安全判定。,確認時區（疑似 UTC+8）；確認授權（CWA）；確認 qc 與 realtime 時間範圍
歷史品管、即時海氣象水文觀測資料\CWA\成功浮球式波浪站\realtime\2025.csv,歷史品管與即時海氣象水文觀測資料（CWA）,.csv,363647,2026-09-17T18:53:57+08:00,CSV,utf-8-sig,測站編號; 時間; 陣風_風速; 風速; 風向; 氣壓; 氣溫; 海面溫度; 示性波高; 平均週期; 波向; 波浪尖峰週期; 流速; 分層流速{深度:流速}; 流向,中心經度; 中心緯度,,時間,2025–2025,3978,CWA,需確認各提供者授權條件,高（涉及安全決策風險）,live_or_time_series_candidate,時序工具候選,CWA realtime（即時） 資料。研究統計優先使用 qc 品管版本。不可列為 document_rag_candidate。歷史資料僅可回答歷史描述，不可提供當日下水安全判定。,確認時區（疑似 UTC+8）；確認授權（CWA）；確認 qc 與 realtime 時間範圍
歷史品管、即時海氣象水文觀測資料\CWA\成功潮位站\LonLat.csv,歷史品管與即時海氣象水文觀測資料（CWA）,.csv,48,2026-09-17T18:53:57+08:00,CSV,utf-8-sig,CenterLongitude; CenterLatitude,CenterLongitude; CenterLatitude,,,,2,CWA,需確認各提供者授權條件,高（涉及安全決策風險）,live_or_time_series_candidate,時序工具候選,CWA 座標或後設 資料。研究統計優先使用 qc 品管版本。不可列為 document_rag_candidate。歷史資料僅可回答歷史描述，不可提供當日下水安全判定。,確認時區（疑似 UTC+8）；確認授權（CWA）；確認 qc 與 realtime 時間範圍
歷史品管、即時海氣象水文觀測資料\CWA\成功潮位站\qc\2023.csv,歷史品管與即時海氣象水文觀測資料（CWA）,.csv,5945325,2026-09-17T18:53:57+08:00,CSV,utf-8-sig,測站編號; 時間; 陣風_風速; 風速; 風向; 氣壓; 氣溫; 海面溫度; 示性波高; 平均週期; 波向; 波浪尖峰週期; 流速; 分層流速{深度:流速}; 流向,中心經度; 中心緯度,,時間,2023–2023,63113,CWA,需確認各提供者授權條件,高（涉及安全決策風險）,live_or_time_series_candidate,時序工具候選,CWA qc（品管歷史） 資料。研究統計優先使用 qc 品管版本。不可列為 document_rag_candidate。歷史資料僅可回答歷史描述，不可提供當日下水安全判定。,確認時區（疑似 UTC+8）；確認授權（CWA）；確認 qc 與 realtime 時間範圍
歷史品管、即時海氣象水文觀測資料\CWA\成功潮位站\qc\2024.csv,歷史品管與即時海氣象水文觀測資料（CWA）,.csv,5876366,2026-09-17T18:53:57+08:00,CSV,utf-8-sig,測站編號; 時間; 陣風_風速; 風速; 風向; 氣壓; 氣溫; 海面溫度; 示性波高; 平均週期; 波向; 波浪尖峰週期; 流速; 分層流速{深度:流速}; 流向,中心經度; 中心緯度,,時間,2024–2024,62183,CWA,需確認各提供者授權條件,高（涉及安全決策風險）,live_or_time_series_candidate,時序工具候選,CWA qc（品管歷史） 資料。研究統計優先使用 qc 品管版本。不可列為 document_rag_candidate。歷史資料僅可回答歷史描述，不可提供當日下水安全判定。,確認時區（疑似 UTC+8）；確認授權（CWA）；確認 qc 與 realtime 時間範圍
歷史品管、即時海氣象水文觀測資料\CWA\成功潮位站\qc\2025.csv,歷史品管與即時海氣象水文觀測資料（CWA）,.csv,5834803,2026-09-17T18:53:57+08:00,CSV,utf-8-sig,測站編號; 時間; 陣風_風速; 風速; 風向; 氣壓; 氣溫; 海面溫度; 示性波高; 平均週期; 波向; 波浪尖峰週期; 流速; 分層流速{深度:流速}; 流向,中心經度; 中心緯度,,時間,2025–2025,61940,CWA,需確認各提供者授權條件,高（涉及安全決策風險）,live_or_time_series_candidate,時序工具候選,CWA qc（品管歷史） 資料。研究統計優先使用 qc 品管版本。不可列為 document_rag_candidate。歷史資料僅可回答歷史描述，不可提供當日下水安全判定。,確認時區（疑似 UTC+8）；確認授權（CWA）；確認 qc 與 realtime 時間範圍
歷史品管、即時海氣象水文觀測資料\CWA\成功潮位站\realtime\2023.csv,歷史品管與即時海氣象水文觀測資料（CWA）,.csv,680691,2026-09-17T18:53:57+08:00,CSV,utf-8-sig,測站編號; 時間; 陣風_風速; 風速; 風向; 氣壓; 氣溫; 海面溫度; 示性波高; 平均週期; 波向; 波浪尖峰週期; 流速; 分層流速{深度:流速}; 流向,中心經度; 中心緯度,,時間,2023–2023,6732,CWA,需確認各提供者授權條件,高（涉及安全決策風險）,live_or_time_series_candidate,時序工具候選,CWA realtime（即時） 資料。研究統計優先使用 qc 品管版本。不可列為 document_rag_candidate。歷史資料僅可回答歷史描述，不可提供當日下水安全判定。,確認時區（疑似 UTC+8）；確認授權（CWA）；確認 qc 與 realtime 時間範圍
歷史品管、即時海氣象水文觀測資料\CWA\成功潮位站\realtime\2024.csv,歷史品管與即時海氣象水文觀測資料（CWA）,.csv,676656,2026-09-17T18:53:57+08:00,CSV,utf-8-sig,測站編號; 時間; 陣風_風速; 風速; 風向; 氣壓; 氣溫; 海面溫度; 示性波高; 平均週期; 波向; 波浪尖峰週期; 流速; 分層流速{深度:流速}; 流向,中心經度; 中心緯度,,時間,2024–2024,6653,CWA,需確認各提供者授權條件,高（涉及安全決策風險）,live_or_time_series_candidate,時序工具候選,CWA realtime（即時） 資料。研究統計優先使用 qc 品管版本。不可列為 document_rag_candidate。歷史資料僅可回答歷史描述，不可提供當日下水安全判定。,確認時區（疑似 UTC+8）；確認授權（CWA）；確認 qc 與 realtime 時間範圍
歷史品管、即時海氣象水文觀測資料\CWA\成功潮位站\realtime\2025.csv,歷史品管與即時海氣象水文觀測資料（CWA）,.csv,648886,2026-09-17T18:53:57+08:00,CSV,utf-8-sig,測站編號; 時間; 陣風_風速; 風速; 風向; 氣壓; 氣溫; 海面溫度; 示性波高; 平均週期; 波向; 波浪尖峰週期; 流速; 分層流速{深度:流速}; 流向,中心經度; 中心緯度,,時間,2025–2025,6430,CWA,需確認各提供者授權條件,高（涉及安全決策風險）,live_or_time_series_candidate,時序工具候選,CWA realtime（即時） 資料。研究統計優先使用 qc 品管版本。不可列為 document_rag_candidate。歷史資料僅可回答歷史描述，不可提供當日下水安全判定。,確認時區（疑似 UTC+8）；確認授權（CWA）；確認 qc 與 realtime 時間範圍
歷史品管、即時海氣象水文觀測資料\CWA\新竹潮位站\LonLat.csv,歷史品管與即時海氣象水文觀測資料（CWA）,.csv,48,2026-09-17T18:53:57+08:00,CSV,utf-8-sig,CenterLongitude; CenterLatitude,CenterLongitude; CenterLatitude,,,,2,CWA,需確認各提供者授權條件,高（涉及安全決策風險）,live_or_time_series_candidate,時序工具候選,CWA 座標或後設 資料。研究統計優先使用 qc 品管版本。不可列為 document_rag_candidate。歷史資料僅可回答歷史描述，不可提供當日下水安全判定。,確認時區（疑似 UTC+8）；確認授權（CWA）；確認 qc 與 realtime 時間範圍
歷史品管、即時海氣象水文觀測資料\CWA\新竹潮位站\qc\2023.csv,歷史品管與即時海氣象水文觀測資料（CWA）,.csv,5611777,2026-09-17T18:53:57+08:00,CSV,utf-8-sig,測站編號; 時間; 陣風_風速; 風速; 風向; 氣壓; 氣溫; 海面溫度; 示性波高; 平均週期; 波向; 波浪尖峰週期; 流速; 分層流速{深度:流速}; 流向,中心經度; 中心緯度,,時間,2023–2023,61063,CWA,需確認各提供者授權條件,高（涉及安全決策風險）,live_or_time_series_candidate,時序工具候選,CWA qc（品管歷史） 資料。研究統計優先使用 qc 品管版本。不可列為 document_rag_candidate。歷史資料僅可回答歷史描述，不可提供當日下水安全判定。,確認時區（疑似 UTC+8）；確認授權（CWA）；確認 qc 與 realtime 時間範圍
歷史品管、即時海氣象水文觀測資料\CWA\新竹潮位站\qc\2024.csv,歷史品管與即時海氣象水文觀測資料（CWA）,.csv,5209236,2026-09-17T18:53:57+08:00,CSV,utf-8-sig,測站編號; 時間; 陣風_風速; 風速; 風向; 氣壓; 氣溫; 海面溫度; 示性波高; 平均週期; 波向; 波浪尖峰週期; 流速; 分層流速{深度:流速}; 流向,中心經度; 中心緯度,,時間,2024–2024,57181,CWA,需確認各提供者授權條件,高（涉及安全決策風險）,live_or_time_series_candidate,時序工具候選,CWA qc（品管歷史） 資料。研究統計優先使用 qc 品管版本。不可列為 document_rag_candidate。歷史資料僅可回答歷史描述，不可提供當日下水安全判定。,確認時區（疑似 UTC+8）；確認授權（CWA）；確認 qc 與 realtime 時間範圍
歷史品管、即時海氣象水文觀測資料\CWA\新竹潮位站\qc\2025.csv,歷史品管與即時海氣象水文觀測資料（CWA）,.csv,5489959,2026-09-17T18:53:57+08:00,CSV,utf-8-sig,測站編號; 時間; 陣風_風速; 風速; 風向; 氣壓; 氣溫; 海面溫度; 示性波高; 平均週期; 波向; 波浪尖峰週期; 流速; 分層流速{深度:流速}; 流向,中心經度; 中心緯度,,時間,2025–2025,60595,CWA,需確認各提供者授權條件,高（涉及安全決策風險）,live_or_time_series_candidate,時序工具候選,CWA qc（品管歷史） 資料。研究統計優先使用 qc 品管版本。不可列為 document_rag_candidate。歷史資料僅可回答歷史描述，不可提供當日下水安全判定。,確認時區（疑似 UTC+8）；確認授權（CWA）；確認 qc 與 realtime 時間範圍
歷史品管、即時海氣象水文觀測資料\CWA\新竹潮位站\realtime\2023.csv,歷史品管與即時海氣象水文觀測資料（CWA）,.csv,650781,2026-09-17T18:53:57+08:00,CSV,utf-8-sig,測站編號; 時間; 陣風_風速; 風速; 風向; 氣壓; 氣溫; 海面溫度; 示性波高; 平均週期; 波向; 波浪尖峰週期; 流速; 分層流速{深度:流速}; 流向,中心經度; 中心緯度,,時間,2023–2023,6613,CWA,需確認各提供者授權條件,高（涉及安全決策風險）,live_or_time_series_candidate,時序工具候選,CWA realtime（即時） 資料。研究統計優先使用 qc 品管版本。不可列為 document_rag_candidate。歷史資料僅可回答歷史描述，不可提供當日下水安全判定。,確認時區（疑似 UTC+8）；確認授權（CWA）；確認 qc 與 realtime 時間範圍
歷史品管、即時海氣象水文觀測資料\CWA\新竹潮位站\realtime\2024.csv,歷史品管與即時海氣象水文觀測資料（CWA）,.csv,611598,2026-09-17T18:53:57+08:00,CSV,utf-8-sig,測站編號; 時間; 陣風_風速; 風速; 風向; 氣壓; 氣溫; 海面溫度; 示性波高; 平均週期; 波向; 波浪尖峰週期; 流速; 分層流速{深度:流速}; 流向,中心經度; 中心緯度,,時間,2024–2024,6234,CWA,需確認各提供者授權條件,高（涉及安全決策風險）,live_or_time_series_candidate,時序工具候選,CWA realtime（即時） 資料。研究統計優先使用 qc 品管版本。不可列為 document_rag_candidate。歷史資料僅可回答歷史描述，不可提供當日下水安全判定。,確認時區（疑似 UTC+8）；確認授權（CWA）；確認 qc 與 realtime 時間範圍
歷史品管、即時海氣象水文觀測資料\CWA\新竹潮位站\realtime\2025.csv,歷史品管與即時海氣象水文觀測資料（CWA）,.csv,649101,2026-09-17T18:53:57+08:00,CSV,utf-8-sig,測站編號; 時間; 陣風_風速; 風速; 風向; 氣壓; 氣溫; 海面溫度; 示性波高; 平均週期; 波向; 波浪尖峰週期; 流速; 分層流速{深度:流速}; 流向,中心經度; 中心緯度,,時間,2025–2025,6589,CWA,需確認各提供者授權條件,高（涉及安全決策風險）,live_or_time_series_candidate,時序工具候選,CWA realtime（即時） 資料。研究統計優先使用 qc 品管版本。不可列為 document_rag_candidate。歷史資料僅可回答歷史描述，不可提供當日下水安全判定。,確認時區（疑似 UTC+8）；確認授權（CWA）；確認 qc 與 realtime 時間範圍
歷史品管、即時海氣象水文觀測資料\CWA\新竹資料浮標\LonLat.csv,歷史品管與即時海氣象水文觀測資料（CWA）,.csv,48,2026-09-17T18:53:57+08:00,CSV,utf-8-sig,CenterLongitude; CenterLatitude,CenterLongitude; CenterLatitude,,,,2,CWA,需確認各提供者授權條件,高（涉及安全決策風險）,live_or_time_series_candidate,時序工具候選,CWA 座標或後設 資料。研究統計優先使用 qc 品管版本。不可列為 document_rag_candidate。歷史資料僅可回答歷史描述，不可提供當日下水安全判定。,確認時區（疑似 UTC+8）；確認授權（CWA）；確認 qc 與 realtime 時間範圍
歷史品管、即時海氣象水文觀測資料\CWA\新竹資料浮標\qc\2023.csv,歷史品管與即時海氣象水文觀測資料（CWA）,.csv,823267,2026-09-17T18:53:57+08:00,CSV,utf-8-sig,測站編號; 時間; 陣風_風速; 風速; 風向; 氣壓; 氣溫; 海面溫度; 示性波高; 平均週期; 波向; 波浪尖峰週期; 流速; 分層流速{深度:流速}; 流向,中心經度; 中心緯度,,時間,2023–2023,7227,CWA,需確認各提供者授權條件,高（涉及安全決策風險）,live_or_time_series_candidate,時序工具候選,CWA qc（品管歷史） 資料。研究統計優先使用 qc 品管版本。不可列為 document_rag_candidate。歷史資料僅可回答歷史描述，不可提供當日下水安全判定。,確認時區（疑似 UTC+8）；確認授權（CWA）；確認 qc 與 realtime 時間範圍
歷史品管、即時海氣象水文觀測資料\CWA\新竹資料浮標\qc\2024.csv,歷史品管與即時海氣象水文觀測資料（CWA）,.csv,865238,2026-09-17T18:53:57+08:00,CSV,utf-8-sig,測站編號; 時間; 陣風_風速; 風速; 風向; 氣壓; 氣溫; 海面溫度; 示性波高; 平均週期; 波向; 波浪尖峰週期; 流速; 分層流速{深度:流速}; 流向,中心經度; 中心緯度,,時間,2024–2024,7395,CWA,需確認各提供者授權條件,高（涉及安全決策風險）,live_or_time_series_candidate,時序工具候選,CWA qc（品管歷史） 資料。研究統計優先使用 qc 品管版本。不可列為 document_rag_candidate。歷史資料僅可回答歷史描述，不可提供當日下水安全判定。,確認時區（疑似 UTC+8）；確認授權（CWA）；確認 qc 與 realtime 時間範圍
歷史品管、即時海氣象水文觀測資料\CWA\新竹資料浮標\qc\2025.csv,歷史品管與即時海氣象水文觀測資料（CWA）,.csv,852895,2026-09-17T18:53:57+08:00,CSV,utf-8-sig,測站編號; 時間; 陣風_風速; 風速; 風向; 氣壓; 氣溫; 海面溫度; 示性波高; 平均週期; 波向; 波浪尖峰週期; 流速; 分層流速{深度:流速}; 流向,中心經度; 中心緯度,,時間,2025–2025,7416,CWA,需確認各提供者授權條件,高（涉及安全決策風險）,live_or_time_series_candidate,時序工具候選,CWA qc（品管歷史） 資料。研究統計優先使用 qc 品管版本。不可列為 document_rag_candidate。歷史資料僅可回答歷史描述，不可提供當日下水安全判定。,確認時區（疑似 UTC+8）；確認授權（CWA）；確認 qc 與 realtime 時間範圍
歷史品管、即時海氣象水文觀測資料\CWA\新竹資料浮標\realtime\2023.csv,歷史品管與即時海氣象水文觀測資料（CWA）,.csv,801450,2026-09-17T18:53:57+08:00,CSV,utf-8-sig,測站編號; 時間; 陣風_風速; 風速; 風向; 氣壓; 氣溫; 海面溫度; 示性波高; 平均週期; 波向; 波浪尖峰週期; 流速; 分層流速{深度:流速}; 流向,中心經度; 中心緯度,,時間,2023–2023,7200,CWA,需確認各提供者授權條件,高（涉及安全決策風險）,live_or_time_series_candidate,時序工具候選,CWA realtime（即時） 資料。研究統計優先使用 qc 品管版本。不可列為 document_rag_candidate。歷史資料僅可回答歷史描述，不可提供當日下水安全判定。,確認時區（疑似 UTC+8）；確認授權（CWA）；確認 qc 與 realtime 時間範圍
歷史品管、即時海氣象水文觀測資料\CWA\新竹資料浮標\realtime\2024.csv,歷史品管與即時海氣象水文觀測資料（CWA）,.csv,806719,2026-09-17T18:53:57+08:00,CSV,utf-8-sig,測站編號; 時間; 陣風_風速; 風速; 風向; 氣壓; 氣溫; 海面溫度; 示性波高; 平均週期; 波向; 波浪尖峰週期; 流速; 分層流速{深度:流速}; 流向,中心經度; 中心緯度,,時間,2024–2024,7235,CWA,需確認各提供者授權條件,高（涉及安全決策風險）,live_or_time_series_candidate,時序工具候選,CWA realtime（即時） 資料。研究統計優先使用 qc 品管版本。不可列為 document_rag_candidate。歷史資料僅可回答歷史描述，不可提供當日下水安全判定。,確認時區（疑似 UTC+8）；確認授權（CWA）；確認 qc 與 realtime 時間範圍
歷史品管、即時海氣象水文觀測資料\CWA\新竹資料浮標\realtime\2025.csv,歷史品管與即時海氣象水文觀測資料（CWA）,.csv,801811,2026-09-17T18:53:57+08:00,CSV,utf-8-sig,測站編號; 時間; 陣風_風速; 風速; 風向; 氣壓; 氣溫; 海面溫度; 示性波高; 平均週期; 波向; 波浪尖峰週期; 流速; 分層流速{深度:流速}; 流向,中心經度; 中心緯度,,時間,2025–2025,7269,CWA,需確認各提供者授權條件,高（涉及安全決策風險）,live_or_time_series_candidate,時序工具候選,CWA realtime（即時） 資料。研究統計優先使用 qc 品管版本。不可列為 document_rag_candidate。歷史資料僅可回答歷史描述，不可提供當日下水安全判定。,確認時區（疑似 UTC+8）；確認授權（CWA）；確認 qc 與 realtime 時間範圍
歷史品管、即時海氣象水文觀測資料\CWA\東吉潮位站\LonLat.csv,歷史品管與即時海氣象水文觀測資料（CWA）,.csv,48,2026-09-17T18:53:57+08:00,CSV,utf-8-sig,CenterLongitude; CenterLatitude,CenterLongitude; CenterLatitude,,,,2,CWA,需確認各提供者授權條件,高（涉及安全決策風險）,live_or_time_series_candidate,時序工具候選,CWA 座標或後設 資料。研究統計優先使用 qc 品管版本。不可列為 document_rag_candidate。歷史資料僅可回答歷史描述，不可提供當日下水安全判定。,確認時區（疑似 UTC+8）；確認授權（CWA）；確認 qc 與 realtime 時間範圍
歷史品管、即時海氣象水文觀測資料\CWA\東吉潮位站\qc\2023.csv,歷史品管與即時海氣象水文觀測資料（CWA）,.csv,5952783,2026-09-17T18:53:57+08:00,CSV,utf-8-sig,測站編號; 時間; 陣風_風速; 風速; 風向; 氣壓; 氣溫; 海面溫度; 示性波高; 平均週期; 波向; 波浪尖峰週期; 流速; 分層流速{深度:流速}; 流向,中心經度; 中心緯度,,時間,2023–2023,62793,CWA,需確認各提供者授權條件,高（涉及安全決策風險）,live_or_time_series_candidate,時序工具候選,CWA qc（品管歷史） 資料。研究統計優先使用 qc 品管版本。不可列為 document_rag_candidate。歷史資料僅可回答歷史描述，不可提供當日下水安全判定。,確認時區（疑似 UTC+8）；確認授權（CWA）；確認 qc 與 realtime 時間範圍
歷史品管、即時海氣象水文觀測資料\CWA\東吉潮位站\qc\2024.csv,歷史品管與即時海氣象水文觀測資料（CWA）,.csv,5882100,2026-09-17T18:53:57+08:00,CSV,utf-8-sig,測站編號; 時間; 陣風_風速; 風速; 風向; 氣壓; 氣溫; 海面溫度; 示性波高; 平均週期; 波向; 波浪尖峰週期; 流速; 分層流速{深度:流速}; 流向,中心經度; 中心緯度,,時間,2024–2024,62442,CWA,需確認各提供者授權條件,高（涉及安全決策風險）,live_or_time_series_candidate,時序工具候選,CWA qc（品管歷史） 資料。研究統計優先使用 qc 品管版本。不可列為 document_rag_candidate。歷史資料僅可回答歷史描述，不可提供當日下水安全判定。,確認時區（疑似 UTC+8）；確認授權（CWA）；確認 qc 與 realtime 時間範圍
歷史品管、即時海氣象水文觀測資料\CWA\東吉潮位站\qc\2025.csv,歷史品管與即時海氣象水文觀測資料（CWA）,.csv,5181708,2026-09-17T18:53:57+08:00,CSV,utf-8-sig,測站編號; 時間; 陣風_風速; 風速; 風向; 氣壓; 氣溫; 海面溫度; 示性波高; 平均週期; 波向; 波浪尖峰週期; 流速; 分層流速{深度:流速}; 流向,中心經度; 中心緯度,,時間,2025–2025,55538,CWA,需確認各提供者授權條件,高（涉及安全決策風險）,live_or_time_series_candidate,時序工具候選,CWA qc（品管歷史） 資料。研究統計優先使用 qc 品管版本。不可列為 document_rag_candidate。歷史資料僅可回答歷史描述，不可提供當日下水安全判定。,確認時區（疑似 UTC+8）；確認授權（CWA）；確認 qc 與 realtime 時間範圍
歷史品管、即時海氣象水文觀測資料\CWA\東吉潮位站\realtime\2023.csv,歷史品管與即時海氣象水文觀測資料（CWA）,.csv,587785,2026-09-17T18:53:57+08:00,CSV,utf-8-sig,測站編號; 時間; 陣風_風速; 風速; 風向; 氣壓; 氣溫; 海面溫度; 示性波高; 平均週期; 波向; 波浪尖峰週期; 流速; 分層流速{深度:流速}; 流向,中心經度; 中心緯度,,時間,2023–2023,6259,CWA,需確認各提供者授權條件,高（涉及安全決策風險）,live_or_time_series_candidate,時序工具候選,CWA realtime（即時） 資料。研究統計優先使用 qc 品管版本。不可列為 document_rag_candidate。歷史資料僅可回答歷史描述，不可提供當日下水安全判定。,確認時區（疑似 UTC+8）；確認授權（CWA）；確認 qc 與 realtime 時間範圍
歷史品管、即時海氣象水文觀測資料\CWA\東吉潮位站\realtime\2024.csv,歷史品管與即時海氣象水文觀測資料（CWA）,.csv,582783,2026-09-17T18:53:57+08:00,CSV,utf-8-sig,測站編號; 時間; 陣風_風速; 風速; 風向; 氣壓; 氣溫; 海面溫度; 示性波高; 平均週期; 波向; 波浪尖峰週期; 流速; 分層流速{深度:流速}; 流向,中心經度; 中心緯度,,時間,2024–2024,6226,CWA,需確認各提供者授權條件,高（涉及安全決策風險）,live_or_time_series_candidate,時序工具候選,CWA realtime（即時） 資料。研究統計優先使用 qc 品管版本。不可列為 document_rag_candidate。歷史資料僅可回答歷史描述，不可提供當日下水安全判定。,確認時區（疑似 UTC+8）；確認授權（CWA）；確認 qc 與 realtime 時間範圍
歷史品管、即時海氣象水文觀測資料\CWA\東吉潮位站\realtime\2025.csv,歷史品管與即時海氣象水文觀測資料（CWA）,.csv,515879,2026-09-17T18:53:57+08:00,CSV,utf-8-sig,測站編號; 時間; 陣風_風速; 風速; 風向; 氣壓; 氣溫; 海面溫度; 示性波高; 平均週期; 波向; 波浪尖峰週期; 流速; 分層流速{深度:流速}; 流向,中心經度; 中心緯度,,時間,2025–2025,5488,CWA,需確認各提供者授權條件,高（涉及安全決策風險）,live_or_time_series_candidate,時序工具候選,CWA realtime（即時） 資料。研究統計優先使用 qc 品管版本。不可列為 document_rag_candidate。歷史資料僅可回答歷史描述，不可提供當日下水安全判定。,確認時區（疑似 UTC+8）；確認授權（CWA）；確認 qc 與 realtime 時間範圍
歷史品管、即時海氣象水文觀測資料\CWA\東沙島資料浮標\LonLat.csv,歷史品管與即時海氣象水文觀測資料（CWA）,.csv,48,2026-09-17T18:53:57+08:00,CSV,utf-8-sig,CenterLongitude; CenterLatitude,CenterLongitude; CenterLatitude,,,,2,CWA,需確認各提供者授權條件,高（涉及安全決策風險）,live_or_time_series_candidate,時序工具候選,CWA 座標或後設 資料。研究統計優先使用 qc 品管版本。不可列為 document_rag_candidate。歷史資料僅可回答歷史描述，不可提供當日下水安全判定。,確認時區（疑似 UTC+8）；確認授權（CWA）；確認 qc 與 realtime 時間範圍
歷史品管、即時海氣象水文觀測資料\CWA\東沙島資料浮標\qc\2023.csv,歷史品管與即時海氣象水文觀測資料（CWA）,.csv,854672,2026-09-17T18:53:57+08:00,CSV,utf-8-sig,測站編號; 時間; 陣風_風速; 風速; 風向; 氣壓; 氣溫; 海面溫度; 示性波高; 平均週期; 波向; 波浪尖峰週期; 流速; 分層流速{深度:流速}; 流向,中心經度; 中心緯度,,時間,2023–2023,7412,CWA,需確認各提供者授權條件,高（涉及安全決策風險）,live_or_time_series_candidate,時序工具候選,CWA qc（品管歷史） 資料。研究統計優先使用 qc 品管版本。不可列為 document_rag_candidate。歷史資料僅可回答歷史描述，不可提供當日下水安全判定。,確認時區（疑似 UTC+8）；確認授權（CWA）；確認 qc 與 realtime 時間範圍
歷史品管、即時海氣象水文觀測資料\CWA\東沙島資料浮標\qc\2024.csv,歷史品管與即時海氣象水文觀測資料（CWA）,.csv,758568,2026-09-17T18:53:57+08:00,CSV,utf-8-sig,測站編號; 時間; 陣風_風速; 風速; 風向; 氣壓; 氣溫; 海面溫度; 示性波高; 平均週期; 波向; 波浪尖峰週期; 流速; 分層流速{深度:流速}; 流向,中心經度; 中心緯度,,時間,2024–2024,6516,CWA,需確認各提供者授權條件,高（涉及安全決策風險）,live_or_time_series_candidate,時序工具候選,CWA qc（品管歷史） 資料。研究統計優先使用 qc 品管版本。不可列為 document_rag_candidate。歷史資料僅可回答歷史描述，不可提供當日下水安全判定。,確認時區（疑似 UTC+8）；確認授權（CWA）；確認 qc 與 realtime 時間範圍
歷史品管、即時海氣象水文觀測資料\CWA\東沙島資料浮標\qc\2025.csv,歷史品管與即時海氣象水文觀測資料（CWA）,.csv,486838,2026-09-17T18:53:57+08:00,CSV,utf-8-sig,測站編號; 時間; 陣風_風速; 風速; 風向; 氣壓; 氣溫; 海面溫度; 示性波高; 平均週期; 波向; 波浪尖峰週期; 流速; 分層流速{深度:流速}; 流向,中心經度; 中心緯度,,時間,2025–2025,5538,CWA,需確認各提供者授權條件,高（涉及安全決策風險）,live_or_time_series_candidate,時序工具候選,CWA qc（品管歷史） 資料。研究統計優先使用 qc 品管版本。不可列為 document_rag_candidate。歷史資料僅可回答歷史描述，不可提供當日下水安全判定。,確認時區（疑似 UTC+8）；確認授權（CWA）；確認 qc 與 realtime 時間範圍
歷史品管、即時海氣象水文觀測資料\CWA\東沙島資料浮標\realtime\2023.csv,歷史品管與即時海氣象水文觀測資料（CWA）,.csv,804158,2026-09-17T18:53:57+08:00,CSV,utf-8-sig,測站編號; 時間; 陣風_風速; 風速; 風向; 氣壓; 氣溫; 海面溫度; 示性波高; 平均週期; 波向; 波浪尖峰週期; 流速; 分層流速{深度:流速}; 流向,中心經度; 中心緯度,,時間,2023–2023,7238,CWA,需確認各提供者授權條件,高（涉及安全決策風險）,live_or_time_series_candidate,時序工具候選,CWA realtime（即時） 資料。研究統計優先使用 qc 品管版本。不可列為 document_rag_candidate。歷史資料僅可回答歷史描述，不可提供當日下水安全判定。,確認時區（疑似 UTC+8）；確認授權（CWA）；確認 qc 與 realtime 時間範圍
歷史品管、即時海氣象水文觀測資料\CWA\東沙島資料浮標\realtime\2024.csv,歷史品管與即時海氣象水文觀測資料（CWA）,.csv,698907,2026-09-17T18:53:57+08:00,CSV,utf-8-sig,測站編號; 時間; 陣風_風速; 風速; 風向; 氣壓; 氣溫; 海面溫度; 示性波高; 平均週期; 波向; 波浪尖峰週期; 流速; 分層流速{深度:流速}; 流向,中心經度; 中心緯度,,時間,2024–2024,6262,CWA,需確認各提供者授權條件,高（涉及安全決策風險）,live_or_time_series_candidate,時序工具候選,CWA realtime（即時） 資料。研究統計優先使用 qc 品管版本。不可列為 document_rag_candidate。歷史資料僅可回答歷史描述，不可提供當日下水安全判定。,確認時區（疑似 UTC+8）；確認授權（CWA）；確認 qc 與 realtime 時間範圍
歷史品管、即時海氣象水文觀測資料\CWA\東沙島資料浮標\realtime\2025.csv,歷史品管與即時海氣象水文觀測資料（CWA）,.csv,395605,2026-09-17T18:53:57+08:00,CSV,utf-8-sig,測站編號; 時間; 陣風_風速; 風速; 風向; 氣壓; 氣溫; 海面溫度; 示性波高; 平均週期; 波向; 波浪尖峰週期; 流速; 分層流速{深度:流速}; 流向,中心經度; 中心緯度,,時間,2025–2025,3548,CWA,需確認各提供者授權條件,高（涉及安全決策風險）,live_or_time_series_candidate,時序工具候選,CWA realtime（即時） 資料。研究統計優先使用 qc 品管版本。不可列為 document_rag_candidate。歷史資料僅可回答歷史描述，不可提供當日下水安全判定。,確認時區（疑似 UTC+8）；確認授權（CWA）；確認 qc 與 realtime 時間範圍
歷史品管、即時海氣象水文觀測資料\CWA\東沙潮位站\LonLat.csv,歷史品管與即時海氣象水文觀測資料（CWA）,.csv,43,2026-09-17T18:53:57+08:00,CSV,utf-8-sig,CenterLongitude; CenterLatitude,CenterLongitude; CenterLatitude,,,,2,CWA,需確認各提供者授權條件,高（涉及安全決策風險）,live_or_time_series_candidate,時序工具候選,CWA 座標或後設 資料。研究統計優先使用 qc 品管版本。不可列為 document_rag_candidate。歷史資料僅可回答歷史描述，不可提供當日下水安全判定。,確認時區（疑似 UTC+8）；確認授權（CWA）；確認 qc 與 realtime 時間範圍
歷史品管、即時海氣象水文觀測資料\CWA\東沙潮位站\realtime\2023.csv,歷史品管與即時海氣象水文觀測資料（CWA）,.csv,586694,2026-09-17T18:53:57+08:00,CSV,utf-8-sig,測站編號; 時間; 陣風_風速; 風速; 風向; 氣壓; 氣溫; 海面溫度; 示性波高; 平均週期; 波向; 波浪尖峰週期; 流速; 分層流速{深度:流速}; 流向,中心經度; 中心緯度,,時間,2023–2023,6254,CWA,需確認各提供者授權條件,高（涉及安全決策風險）,live_or_time_series_candidate,時序工具候選,CWA realtime（即時） 資料。研究統計優先使用 qc 品管版本。不可列為 document_rag_candidate。歷史資料僅可回答歷史描述，不可提供當日下水安全判定。,確認時區（疑似 UTC+8）；確認授權（CWA）；確認 qc 與 realtime 時間範圍
歷史品管、即時海氣象水文觀測資料\CWA\東沙潮位站\realtime\2024.csv,歷史品管與即時海氣象水文觀測資料（CWA）,.csv,358352,2026-09-17T18:53:57+08:00,CSV,utf-8-sig,測站編號; 時間; 陣風_風速; 風速; 風向; 氣壓; 氣溫; 海面溫度; 示性波高; 平均週期; 波向; 波浪尖峰週期; 流速; 分層流速{深度:流速}; 流向,中心經度; 中心緯度,,時間,2024–2024,3824,CWA,需確認各提供者授權條件,高（涉及安全決策風險）,live_or_time_series_candidate,時序工具候選,CWA realtime（即時） 資料。研究統計優先使用 qc 品管版本。不可列為 document_rag_candidate。歷史資料僅可回答歷史描述，不可提供當日下水安全判定。,確認時區（疑似 UTC+8）；確認授權（CWA）；確認 qc 與 realtime 時間範圍
歷史品管、即時海氣象水文觀測資料\CWA\東沙潮位站\realtime\2025.csv,歷史品管與即時海氣象水文觀測資料（CWA）,.csv,350845,2026-09-17T18:53:57+08:00,CSV,utf-8-sig,測站編號; 時間; 陣風_風速; 風速; 風向; 氣壓; 氣溫; 海面溫度; 示性波高; 平均週期; 波向; 波浪尖峰週期; 流速; 分層流速{深度:流速}; 流向,中心經度; 中心緯度,,時間,2025–2025,3784,CWA,需確認各提供者授權條件,高（涉及安全決策風險）,live_or_time_series_candidate,時序工具候選,CWA realtime（即時） 資料。研究統計優先使用 qc 品管版本。不可列為 document_rag_candidate。歷史資料僅可回答歷史描述，不可提供當日下水安全判定。,確認時區（疑似 UTC+8）；確認授權（CWA）；確認 qc 與 realtime 時間範圍
歷史品管、即時海氣象水文觀測資料\CWA\東港潮位站\LonLat.csv,歷史品管與即時海氣象水文觀測資料（CWA）,.csv,48,2026-09-17T18:53:57+08:00,CSV,utf-8-sig,CenterLongitude; CenterLatitude,CenterLongitude; CenterLatitude,,,,2,CWA,需確認各提供者授權條件,高（涉及安全決策風險）,live_or_time_series_candidate,時序工具候選,CWA 座標或後設 資料。研究統計優先使用 qc 品管版本。不可列為 document_rag_candidate。歷史資料僅可回答歷史描述，不可提供當日下水安全判定。,確認時區（疑似 UTC+8）；確認授權（CWA）；確認 qc 與 realtime 時間範圍
歷史品管、即時海氣象水文觀測資料\CWA\東港潮位站\qc\2023.csv,歷史品管與即時海氣象水文觀測資料（CWA）,.csv,5929370,2026-09-17T18:53:58+08:00,CSV,utf-8-sig,測站編號; 時間; 陣風_風速; 風速; 風向; 氣壓; 氣溫; 海面溫度; 示性波高; 平均週期; 波向; 波浪尖峰週期; 流速; 分層流速{深度:流速}; 流向,中心經度; 中心緯度,,時間,2023–2023,62944,CWA,需確認各提供者授權條件,高（涉及安全決策風險）,live_or_time_series_candidate,時序工具候選,CWA qc（品管歷史） 資料。研究統計優先使用 qc 品管版本。不可列為 document_rag_candidate。歷史資料僅可回答歷史描述，不可提供當日下水安全判定。,確認時區（疑似 UTC+8）；確認授權（CWA）；確認 qc 與 realtime 時間範圍
歷史品管、即時海氣象水文觀測資料\CWA\東港潮位站\qc\2024.csv,歷史品管與即時海氣象水文觀測資料（CWA）,.csv,5782693,2026-09-17T18:53:58+08:00,CSV,utf-8-sig,測站編號; 時間; 陣風_風速; 風速; 風向; 氣壓; 氣溫; 海面溫度; 示性波高; 平均週期; 波向; 波浪尖峰週期; 流速; 分層流速{深度:流速}; 流向,中心經度; 中心緯度,,時間,2024–2024,61387,CWA,需確認各提供者授權條件,高（涉及安全決策風險）,live_or_time_series_candidate,時序工具候選,CWA qc（品管歷史） 資料。研究統計優先使用 qc 品管版本。不可列為 document_rag_candidate。歷史資料僅可回答歷史描述，不可提供當日下水安全判定。,確認時區（疑似 UTC+8）；確認授權（CWA）；確認 qc 與 realtime 時間範圍
歷史品管、即時海氣象水文觀測資料\CWA\東港潮位站\qc\2025.csv,歷史品管與即時海氣象水文觀測資料（CWA）,.csv,5837092,2026-09-17T18:53:58+08:00,CSV,utf-8-sig,測站編號; 時間; 陣風_風速; 風速; 風向; 氣壓; 氣溫; 海面溫度; 示性波高; 平均週期; 波向; 波浪尖峰週期; 流速; 分層流速{深度:流速}; 流向,中心經度; 中心緯度,,時間,2025–2025,62495,CWA,需確認各提供者授權條件,高（涉及安全決策風險）,live_or_time_series_candidate,時序工具候選,CWA qc（品管歷史） 資料。研究統計優先使用 qc 品管版本。不可列為 document_rag_candidate。歷史資料僅可回答歷史描述，不可提供當日下水安全判定。,確認時區（疑似 UTC+8）；確認授權（CWA）；確認 qc 與 realtime 時間範圍
歷史品管、即時海氣象水文觀測資料\CWA\東港潮位站\realtime\2023.csv,歷史品管與即時海氣象水文觀測資料（CWA）,.csv,682865,2026-09-17T18:53:58+08:00,CSV,utf-8-sig,測站編號; 時間; 陣風_風速; 風速; 風向; 氣壓; 氣溫; 海面溫度; 示性波高; 平均週期; 波向; 波浪尖峰週期; 流速; 分層流速{深度:流速}; 流向,中心經度; 中心緯度,,時間,2023–2023,6767,CWA,需確認各提供者授權條件,高（涉及安全決策風險）,live_or_time_series_candidate,時序工具候選,CWA realtime（即時） 資料。研究統計優先使用 qc 品管版本。不可列為 document_rag_candidate。歷史資料僅可回答歷史描述，不可提供當日下水安全判定。,確認時區（疑似 UTC+8）；確認授權（CWA）；確認 qc 與 realtime 時間範圍
歷史品管、即時海氣象水文觀測資料\CWA\東港潮位站\realtime\2024.csv,歷史品管與即時海氣象水文觀測資料（CWA）,.csv,669820,2026-09-17T18:53:58+08:00,CSV,utf-8-sig,測站編號; 時間; 陣風_風速; 風速; 風向; 氣壓; 氣溫; 海面溫度; 示性波高; 平均週期; 波向; 波浪尖峰週期; 流速; 分層流速{深度:流速}; 流向,中心經度; 中心緯度,,時間,2024–2024,6612,CWA,需確認各提供者授權條件,高（涉及安全決策風險）,live_or_time_series_candidate,時序工具候選,CWA realtime（即時） 資料。研究統計優先使用 qc 品管版本。不可列為 document_rag_candidate。歷史資料僅可回答歷史描述，不可提供當日下水安全判定。,確認時區（疑似 UTC+8）；確認授權（CWA）；確認 qc 與 realtime 時間範圍
歷史品管、即時海氣象水文觀測資料\CWA\東港潮位站\realtime\2025.csv,歷史品管與即時海氣象水文觀測資料（CWA）,.csv,679424,2026-09-17T18:53:58+08:00,CSV,utf-8-sig,測站編號; 時間; 陣風_風速; 風速; 風向; 氣壓; 氣溫; 海面溫度; 示性波高; 平均週期; 波向; 波浪尖峰週期; 流速; 分層流速{深度:流速}; 流向,中心經度; 中心緯度,,時間,2025–2025,6713,CWA,需確認各提供者授權條件,高（涉及安全決策風險）,live_or_time_series_candidate,時序工具候選,CWA realtime（即時） 資料。研究統計優先使用 qc 品管版本。不可列為 document_rag_candidate。歷史資料僅可回答歷史描述，不可提供當日下水安全判定。,確認時區（疑似 UTC+8）；確認授權（CWA）；確認 qc 與 realtime 時間範圍
歷史品管、即時海氣象水文觀測資料\CWA\東石潮位站\LonLat.csv,歷史品管與即時海氣象水文觀測資料（CWA）,.csv,55,2026-09-17T18:53:58+08:00,CSV,utf-8-sig,CenterLongitude; CenterLatitude,CenterLongitude; CenterLatitude,,,,2,CWA,需確認各提供者授權條件,高（涉及安全決策風險）,live_or_time_series_candidate,時序工具候選,CWA 座標或後設 資料。研究統計優先使用 qc 品管版本。不可列為 document_rag_candidate。歷史資料僅可回答歷史描述，不可提供當日下水安全判定。,確認時區（疑似 UTC+8）；確認授權（CWA）；確認 qc 與 realtime 時間範圍
歷史品管、即時海氣象水文觀測資料\CWA\東石潮位站\qc\2023.csv,歷史品管與即時海氣象水文觀測資料（CWA）,.csv,5940555,2026-09-17T18:53:58+08:00,CSV,utf-8-sig,測站編號; 時間; 陣風_風速; 風速; 風向; 氣壓; 氣溫; 海面溫度; 示性波高; 平均週期; 波向; 波浪尖峰週期; 流速; 分層流速{深度:流速}; 流向,中心經度; 中心緯度,,時間,2023–2023,62730,CWA,需確認各提供者授權條件,高（涉及安全決策風險）,live_or_time_series_candidate,時序工具候選,CWA qc（品管歷史） 資料。研究統計優先使用 qc 品管版本。不可列為 document_rag_candidate。歷史資料僅可回答歷史描述，不可提供當日下水安全判定。,確認時區（疑似 UTC+8）；確認授權（CWA）；確認 qc 與 realtime 時間範圍
歷史品管、即時海氣象水文觀測資料\CWA\東石潮位站\qc\2024.csv,歷史品管與即時海氣象水文觀測資料（CWA）,.csv,5767744,2026-09-17T18:53:58+08:00,CSV,utf-8-sig,測站編號; 時間; 陣風_風速; 風速; 風向; 氣壓; 氣溫; 海面溫度; 示性波高; 平均週期; 波向; 波浪尖峰週期; 流速; 分層流速{深度:流速}; 流向,中心經度; 中心緯度,,時間,2024–2024,61293,CWA,需確認各提供者授權條件,高（涉及安全決策風險）,live_or_time_series_candidate,時序工具候選,CWA qc（品管歷史） 資料。研究統計優先使用 qc 品管版本。不可列為 document_rag_candidate。歷史資料僅可回答歷史描述，不可提供當日下水安全判定。,確認時區（疑似 UTC+8）；確認授權（CWA）；確認 qc 與 realtime 時間範圍
歷史品管、即時海氣象水文觀測資料\CWA\東石潮位站\qc\2025.csv,歷史品管與即時海氣象水文觀測資料（CWA）,.csv,5857277,2026-09-17T18:53:58+08:00,CSV,utf-8-sig,測站編號; 時間; 陣風_風速; 風速; 風向; 氣壓; 氣溫; 海面溫度; 示性波高; 平均週期; 波向; 波浪尖峰週期; 流速; 分層流速{深度:流速}; 流向,中心經度; 中心緯度,,時間,2025–2025,62711,CWA,需確認各提供者授權條件,高（涉及安全決策風險）,live_or_time_series_candidate,時序工具候選,CWA qc（品管歷史） 資料。研究統計優先使用 qc 品管版本。不可列為 document_rag_candidate。歷史資料僅可回答歷史描述，不可提供當日下水安全判定。,確認時區（疑似 UTC+8）；確認授權（CWA）；確認 qc 與 realtime 時間範圍
歷史品管、即時海氣象水文觀測資料\CWA\東石潮位站\realtime\2023.csv,歷史品管與即時海氣象水文觀測資料（CWA）,.csv,635956,2026-09-17T18:53:58+08:00,CSV,utf-8-sig,測站編號; 時間; 陣風_風速; 風速; 風向; 氣壓; 氣溫; 海面溫度; 示性波高; 平均週期; 波向; 波浪尖峰週期; 流速; 分層流速{深度:流速}; 流向,中心經度; 中心緯度,,時間,2023–2023,6515,CWA,需確認各提供者授權條件,高（涉及安全決策風險）,live_or_time_series_candidate,時序工具候選,CWA realtime（即時） 資料。研究統計優先使用 qc 品管版本。不可列為 document_rag_candidate。歷史資料僅可回答歷史描述，不可提供當日下水安全判定。,確認時區（疑似 UTC+8）；確認授權（CWA）；確認 qc 與 realtime 時間範圍
歷史品管、即時海氣象水文觀測資料\CWA\東石潮位站\realtime\2024.csv,歷史品管與即時海氣象水文觀測資料（CWA）,.csv,625888,2026-09-17T18:53:58+08:00,CSV,utf-8-sig,測站編號; 時間; 陣風_風速; 風速; 風向; 氣壓; 氣溫; 海面溫度; 示性波高; 平均週期; 波向; 波浪尖峰週期; 流速; 分層流速{深度:流速}; 流向,中心經度; 中心緯度,,時間,2024–2024,6412,CWA,需確認各提供者授權條件,高（涉及安全決策風險）,live_or_time_series_candidate,時序工具候選,CWA realtime（即時） 資料。研究統計優先使用 qc 品管版本。不可列為 document_rag_candidate。歷史資料僅可回答歷史描述，不可提供當日下水安全判定。,確認時區（疑似 UTC+8）；確認授權（CWA）；確認 qc 與 realtime 時間範圍
歷史品管、即時海氣象水文觀測資料\CWA\東石潮位站\realtime\2025.csv,歷史品管與即時海氣象水文觀測資料（CWA）,.csv,635394,2026-09-17T18:53:58+08:00,CSV,utf-8-sig,測站編號; 時間; 陣風_風速; 風速; 風向; 氣壓; 氣溫; 海面溫度; 示性波高; 平均週期; 波向; 波浪尖峰週期; 流速; 分層流速{深度:流速}; 流向,中心經度; 中心緯度,,時間,2025–2025,6490,CWA,需確認各提供者授權條件,高（涉及安全決策風險）,live_or_time_series_candidate,時序工具候選,CWA realtime（即時） 資料。研究統計優先使用 qc 品管版本。不可列為 document_rag_candidate。歷史資料僅可回答歷史描述，不可提供當日下水安全判定。,確認時區（疑似 UTC+8）；確認授權（CWA）；確認 qc 與 realtime 時間範圍
歷史品管、即時海氣象水文觀測資料\CWA\淡水潮位站\LonLat.csv,歷史品管與即時海氣象水文觀測資料（CWA）,.csv,48,2026-09-17T18:53:58+08:00,CSV,utf-8-sig,CenterLongitude; CenterLatitude,CenterLongitude; CenterLatitude,,,,2,CWA,需確認各提供者授權條件,高（涉及安全決策風險）,live_or_time_series_candidate,時序工具候選,CWA 座標或後設 資料。研究統計優先使用 qc 品管版本。不可列為 document_rag_candidate。歷史資料僅可回答歷史描述，不可提供當日下水安全判定。,確認時區（疑似 UTC+8）；確認授權（CWA）；確認 qc 與 realtime 時間範圍
歷史品管、即時海氣象水文觀測資料\CWA\淡水潮位站\qc\2023.csv,歷史品管與即時海氣象水文觀測資料（CWA）,.csv,5955453,2026-09-17T18:53:58+08:00,CSV,utf-8-sig,測站編號; 時間; 陣風_風速; 風速; 風向; 氣壓; 氣溫; 海面溫度; 示性波高; 平均週期; 波向; 波浪尖峰週期; 流速; 分層流速{深度:流速}; 流向,中心經度; 中心緯度,,時間,2023–2023,62755,CWA,需確認各提供者授權條件,高（涉及安全決策風險）,live_or_time_series_candidate,時序工具候選,CWA qc（品管歷史） 資料。研究統計優先使用 qc 品管版本。不可列為 document_rag_candidate。歷史資料僅可回答歷史描述，不可提供當日下水安全判定。,確認時區（疑似 UTC+8）；確認授權（CWA）；確認 qc 與 realtime 時間範圍
歷史品管、即時海氣象水文觀測資料\CWA\淡水潮位站\qc\2024.csv,歷史品管與即時海氣象水文觀測資料（CWA）,.csv,5863468,2026-09-17T18:53:58+08:00,CSV,utf-8-sig,測站編號; 時間; 陣風_風速; 風速; 風向; 氣壓; 氣溫; 海面溫度; 示性波高; 平均週期; 波向; 波浪尖峰週期; 流速; 分層流速{深度:流速}; 流向,中心經度; 中心緯度,,時間,2024–2024,62244,CWA,需確認各提供者授權條件,高（涉及安全決策風險）,live_or_time_series_candidate,時序工具候選,CWA qc（品管歷史） 資料。研究統計優先使用 qc 品管版本。不可列為 document_rag_candidate。歷史資料僅可回答歷史描述，不可提供當日下水安全判定。,確認時區（疑似 UTC+8）；確認授權（CWA）；確認 qc 與 realtime 時間範圍
歷史品管、即時海氣象水文觀測資料\CWA\淡水潮位站\qc\2025.csv,歷史品管與即時海氣象水文觀測資料（CWA）,.csv,5870631,2026-09-17T18:53:58+08:00,CSV,utf-8-sig,測站編號; 時間; 陣風_風速; 風速; 風向; 氣壓; 氣溫; 海面溫度; 示性波高; 平均週期; 波向; 波浪尖峰週期; 流速; 分層流速{深度:流速}; 流向,中心經度; 中心緯度,,時間,2025–2025,62854,CWA,需確認各提供者授權條件,高（涉及安全決策風險）,live_or_time_series_candidate,時序工具候選,CWA qc（品管歷史） 資料。研究統計優先使用 qc 品管版本。不可列為 document_rag_candidate。歷史資料僅可回答歷史描述，不可提供當日下水安全判定。,確認時區（疑似 UTC+8）；確認授權（CWA）；確認 qc 與 realtime 時間範圍
歷史品管、即時海氣象水文觀測資料\CWA\淡水潮位站\realtime\2023.csv,歷史品管與即時海氣象水文觀測資料（CWA）,.csv,588419,2026-09-17T18:53:58+08:00,CSV,utf-8-sig,測站編號; 時間; 陣風_風速; 風速; 風向; 氣壓; 氣溫; 海面溫度; 示性波高; 平均週期; 波向; 波浪尖峰週期; 流速; 分層流速{深度:流速}; 流向,中心經度; 中心緯度,,時間,2023–2023,6266,CWA,需確認各提供者授權條件,高（涉及安全決策風險）,live_or_time_series_candidate,時序工具候選,CWA realtime（即時） 資料。研究統計優先使用 qc 品管版本。不可列為 document_rag_candidate。歷史資料僅可回答歷史描述，不可提供當日下水安全判定。,確認時區（疑似 UTC+8）；確認授權（CWA）；確認 qc 與 realtime 時間範圍
歷史品管、即時海氣象水文觀測資料\CWA\淡水潮位站\realtime\2024.csv,歷史品管與即時海氣象水文觀測資料（CWA）,.csv,587012,2026-09-17T18:53:58+08:00,CSV,utf-8-sig,測站編號; 時間; 陣風_風速; 風速; 風向; 氣壓; 氣溫; 海面溫度; 示性波高; 平均週期; 波向; 波浪尖峰週期; 流速; 分層流速{深度:流速}; 流向,中心經度; 中心緯度,,時間,2024–2024,6264,CWA,需確認各提供者授權條件,高（涉及安全決策風險）,live_or_time_series_candidate,時序工具候選,CWA realtime（即時） 資料。研究統計優先使用 qc 品管版本。不可列為 document_rag_candidate。歷史資料僅可回答歷史描述，不可提供當日下水安全判定。,確認時區（疑似 UTC+8）；確認授權（CWA）；確認 qc 與 realtime 時間範圍
歷史品管、即時海氣象水文觀測資料\CWA\淡水潮位站\realtime\2025.csv,歷史品管與即時海氣象水文觀測資料（CWA）,.csv,586482,2026-09-17T18:53:58+08:00,CSV,utf-8-sig,測站編號; 時間; 陣風_風速; 風速; 風向; 氣壓; 氣溫; 海面溫度; 示性波高; 平均週期; 波向; 波浪尖峰週期; 流速; 分層流速{深度:流速}; 流向,中心經度; 中心緯度,,時間,2025–2025,6245,CWA,需確認各提供者授權條件,高（涉及安全決策風險）,live_or_time_series_candidate,時序工具候選,CWA realtime（即時） 資料。研究統計優先使用 qc 品管版本。不可列為 document_rag_candidate。歷史資料僅可回答歷史描述，不可提供當日下水安全判定。,確認時區（疑似 UTC+8）；確認授權（CWA）；確認 qc 與 realtime 時間範圍
歷史品管、即時海氣象水文觀測資料\CWA\淡海潮位站\LonLat.csv,歷史品管與即時海氣象水文觀測資料（CWA）,.csv,48,2026-09-17T18:53:58+08:00,CSV,utf-8-sig,CenterLongitude; CenterLatitude,CenterLongitude; CenterLatitude,,,,2,CWA,需確認各提供者授權條件,高（涉及安全決策風險）,live_or_time_series_candidate,時序工具候選,CWA 座標或後設 資料。研究統計優先使用 qc 品管版本。不可列為 document_rag_candidate。歷史資料僅可回答歷史描述，不可提供當日下水安全判定。,確認時區（疑似 UTC+8）；確認授權（CWA）；確認 qc 與 realtime 時間範圍
歷史品管、即時海氣象水文觀測資料\CWA\淡海潮位站\qc\2023.csv,歷史品管與即時海氣象水文觀測資料（CWA）,.csv,5886514,2026-09-17T18:53:58+08:00,CSV,utf-8-sig,測站編號; 時間; 陣風_風速; 風速; 風向; 氣壓; 氣溫; 海面溫度; 示性波高; 平均週期; 波向; 波浪尖峰週期; 流速; 分層流速{深度:流速}; 流向,中心經度; 中心緯度,,時間,2023–2023,62094,CWA,需確認各提供者授權條件,高（涉及安全決策風險）,live_or_time_series_candidate,時序工具候選,CWA qc（品管歷史） 資料。研究統計優先使用 qc 品管版本。不可列為 document_rag_candidate。歷史資料僅可回答歷史描述，不可提供當日下水安全判定。,確認時區（疑似 UTC+8）；確認授權（CWA）；確認 qc 與 realtime 時間範圍
歷史品管、即時海氣象水文觀測資料\CWA\淡海潮位站\qc\2024.csv,歷史品管與即時海氣象水文觀測資料（CWA）,.csv,5831615,2026-09-17T18:53:58+08:00,CSV,utf-8-sig,測站編號; 時間; 陣風_風速; 風速; 風向; 氣壓; 氣溫; 海面溫度; 示性波高; 平均週期; 波向; 波浪尖峰週期; 流速; 分層流速{深度:流速}; 流向,中心經度; 中心緯度,,時間,2024–2024,61906,CWA,需確認各提供者授權條件,高（涉及安全決策風險）,live_or_time_series_candidate,時序工具候選,CWA qc（品管歷史） 資料。研究統計優先使用 qc 品管版本。不可列為 document_rag_candidate。歷史資料僅可回答歷史描述，不可提供當日下水安全判定。,確認時區（疑似 UTC+8）；確認授權（CWA）；確認 qc 與 realtime 時間範圍
歷史品管、即時海氣象水文觀測資料\CWA\淡海潮位站\qc\2025.csv,歷史品管與即時海氣象水文觀測資料（CWA）,.csv,5808773,2026-09-17T18:53:58+08:00,CSV,utf-8-sig,測站編號; 時間; 陣風_風速; 風速; 風向; 氣壓; 氣溫; 海面溫度; 示性波高; 平均週期; 波向; 波浪尖峰週期; 流速; 分層流速{深度:流速}; 流向,中心經度; 中心緯度,,時間,2025–2025,62192,CWA,需確認各提供者授權條件,高（涉及安全決策風險）,live_or_time_series_candidate,時序工具候選,CWA qc（品管歷史） 資料。研究統計優先使用 qc 品管版本。不可列為 document_rag_candidate。歷史資料僅可回答歷史描述，不可提供當日下水安全判定。,確認時區（疑似 UTC+8）；確認授權（CWA）；確認 qc 與 realtime 時間範圍
歷史品管、即時海氣象水文觀測資料\CWA\淡海潮位站\realtime\2023.csv,歷史品管與即時海氣象水文觀測資料（CWA）,.csv,588326,2026-09-17T18:53:58+08:00,CSV,utf-8-sig,測站編號; 時間; 陣風_風速; 風速; 風向; 氣壓; 氣溫; 海面溫度; 示性波高; 平均週期; 波向; 波浪尖峰週期; 流速; 分層流速{深度:流速}; 流向,中心經度; 中心緯度,,時間,2023–2023,6265,CWA,需確認各提供者授權條件,高（涉及安全決策風險）,live_or_time_series_candidate,時序工具候選,CWA realtime（即時） 資料。研究統計優先使用 qc 品管版本。不可列為 document_rag_candidate。歷史資料僅可回答歷史描述，不可提供當日下水安全判定。,確認時區（疑似 UTC+8）；確認授權（CWA）；確認 qc 與 realtime 時間範圍
歷史品管、即時海氣象水文觀測資料\CWA\淡海潮位站\realtime\2024.csv,歷史品管與即時海氣象水文觀測資料（CWA）,.csv,585067,2026-09-17T18:53:58+08:00,CSV,utf-8-sig,測站編號; 時間; 陣風_風速; 風速; 風向; 氣壓; 氣溫; 海面溫度; 示性波高; 平均週期; 波向; 波浪尖峰週期; 流速; 分層流速{深度:流速}; 流向,中心經度; 中心緯度,,時間,2024–2024,6244,CWA,需確認各提供者授權條件,高（涉及安全決策風險）,live_or_time_series_candidate,時序工具候選,CWA realtime（即時） 資料。研究統計優先使用 qc 品管版本。不可列為 document_rag_candidate。歷史資料僅可回答歷史描述，不可提供當日下水安全判定。,確認時區（疑似 UTC+8）；確認授權（CWA）；確認 qc 與 realtime 時間範圍
歷史品管、即時海氣象水文觀測資料\CWA\淡海潮位站\realtime\2025.csv,歷史品管與即時海氣象水文觀測資料（CWA）,.csv,574910,2026-09-17T18:53:58+08:00,CSV,utf-8-sig,測站編號; 時間; 陣風_風速; 風速; 風向; 氣壓; 氣溫; 海面溫度; 示性波高; 平均週期; 波向; 波浪尖峰週期; 流速; 分層流速{深度:流速}; 流向,中心經度; 中心緯度,,時間,2025–2025,6129,CWA,需確認各提供者授權條件,高（涉及安全決策風險）,live_or_time_series_candidate,時序工具候選,CWA realtime（即時） 資料。研究統計優先使用 qc 品管版本。不可列為 document_rag_candidate。歷史資料僅可回答歷史描述，不可提供當日下水安全判定。,確認時區（疑似 UTC+8）；確認授權（CWA）；確認 qc 與 realtime 時間範圍
歷史品管、即時海氣象水文觀測資料\CWA\澎湖潮位站\LonLat.csv,歷史品管與即時海氣象水文觀測資料（CWA）,.csv,48,2026-09-17T18:53:58+08:00,CSV,utf-8-sig,CenterLongitude; CenterLatitude,CenterLongitude; CenterLatitude,,,,2,CWA,需確認各提供者授權條件,高（涉及安全決策風險）,live_or_time_series_candidate,時序工具候選,CWA 座標或後設 資料。研究統計優先使用 qc 品管版本。不可列為 document_rag_candidate。歷史資料僅可回答歷史描述，不可提供當日下水安全判定。,確認時區（疑似 UTC+8）；確認授權（CWA）；確認 qc 與 realtime 時間範圍
歷史品管、即時海氣象水文觀測資料\CWA\澎湖潮位站\qc\2023.csv,歷史品管與即時海氣象水文觀測資料（CWA）,.csv,5944702,2026-09-17T18:53:58+08:00,CSV,utf-8-sig,測站編號; 時間; 陣風_風速; 風速; 風向; 氣壓; 氣溫; 海面溫度; 示性波高; 平均週期; 波向; 波浪尖峰週期; 流速; 分層流速{深度:流速}; 流向,中心經度; 中心緯度,,時間,2023–2023,62641,CWA,需確認各提供者授權條件,高（涉及安全決策風險）,live_or_time_series_candidate,時序工具候選,CWA qc（品管歷史） 資料。研究統計優先使用 qc 品管版本。不可列為 document_rag_candidate。歷史資料僅可回答歷史描述，不可提供當日下水安全判定。,確認時區（疑似 UTC+8）；確認授權（CWA）；確認 qc 與 realtime 時間範圍
歷史品管、即時海氣象水文觀測資料\CWA\澎湖潮位站\qc\2024.csv,歷史品管與即時海氣象水文觀測資料（CWA）,.csv,5886782,2026-09-17T18:53:58+08:00,CSV,utf-8-sig,測站編號; 時間; 陣風_風速; 風速; 風向; 氣壓; 氣溫; 海面溫度; 示性波高; 平均週期; 波向; 波浪尖峰週期; 流速; 分層流速{深度:流速}; 流向,中心經度; 中心緯度,,時間,2024–2024,62558,CWA,需確認各提供者授權條件,高（涉及安全決策風險）,live_or_time_series_candidate,時序工具候選,CWA qc（品管歷史） 資料。研究統計優先使用 qc 品管版本。不可列為 document_rag_candidate。歷史資料僅可回答歷史描述，不可提供當日下水安全判定。,確認時區（疑似 UTC+8）；確認授權（CWA）；確認 qc 與 realtime 時間範圍
歷史品管、即時海氣象水文觀測資料\CWA\澎湖潮位站\qc\2025.csv,歷史品管與即時海氣象水文觀測資料（CWA）,.csv,5704198,2026-09-17T18:53:58+08:00,CSV,utf-8-sig,測站編號; 時間; 陣風_風速; 風速; 風向; 氣壓; 氣溫; 海面溫度; 示性波高; 平均週期; 波向; 波浪尖峰週期; 流速; 分層流速{深度:流速}; 流向,中心經度; 中心緯度,,時間,2025–2025,61934,CWA,需確認各提供者授權條件,高（涉及安全決策風險）,live_or_time_series_candidate,時序工具候選,CWA qc（品管歷史） 資料。研究統計優先使用 qc 品管版本。不可列為 document_rag_candidate。歷史資料僅可回答歷史描述，不可提供當日下水安全判定。,確認時區（疑似 UTC+8）；確認授權（CWA）；確認 qc 與 realtime 時間範圍
歷史品管、即時海氣象水文觀測資料\CWA\澎湖潮位站\realtime\2023.csv,歷史品管與即時海氣象水文觀測資料（CWA）,.csv,586877,2026-09-17T18:53:58+08:00,CSV,utf-8-sig,測站編號; 時間; 陣風_風速; 風速; 風向; 氣壓; 氣溫; 海面溫度; 示性波高; 平均週期; 波向; 波浪尖峰週期; 流速; 分層流速{深度:流速}; 流向,中心經度; 中心緯度,,時間,2023–2023,6250,CWA,需確認各提供者授權條件,高（涉及安全決策風險）,live_or_time_series_candidate,時序工具候選,CWA realtime（即時） 資料。研究統計優先使用 qc 品管版本。不可列為 document_rag_candidate。歷史資料僅可回答歷史描述，不可提供當日下水安全判定。,確認時區（疑似 UTC+8）；確認授權（CWA）；確認 qc 與 realtime 時間範圍
歷史品管、即時海氣象水文觀測資料\CWA\澎湖潮位站\realtime\2024.csv,歷史品管與即時海氣象水文觀測資料（CWA）,.csv,585932,2026-09-17T18:53:58+08:00,CSV,utf-8-sig,測站編號; 時間; 陣風_風速; 風速; 風向; 氣壓; 氣溫; 海面溫度; 示性波高; 平均週期; 波向; 波浪尖峰週期; 流速; 分層流速{深度:流速}; 流向,中心經度; 中心緯度,,時間,2024–2024,6259,CWA,需確認各提供者授權條件,高（涉及安全決策風險）,live_or_time_series_candidate,時序工具候選,CWA realtime（即時） 資料。研究統計優先使用 qc 品管版本。不可列為 document_rag_candidate。歷史資料僅可回答歷史描述，不可提供當日下水安全判定。,確認時區（疑似 UTC+8）；確認授權（CWA）；確認 qc 與 realtime 時間範圍
歷史品管、即時海氣象水文觀測資料\CWA\澎湖潮位站\realtime\2025.csv,歷史品管與即時海氣象水文觀測資料（CWA）,.csv,569300,2026-09-17T18:53:58+08:00,CSV,utf-8-sig,測站編號; 時間; 陣風_風速; 風速; 風向; 氣壓; 氣溫; 海面溫度; 示性波高; 平均週期; 波向; 波浪尖峰週期; 流速; 分層流速{深度:流速}; 流向,中心經度; 中心緯度,,時間,2025–2025,6114,CWA,需確認各提供者授權條件,高（涉及安全決策風險）,live_or_time_series_candidate,時序工具候選,CWA realtime（即時） 資料。研究統計優先使用 qc 品管版本。不可列為 document_rag_candidate。歷史資料僅可回答歷史描述，不可提供當日下水安全判定。,確認時區（疑似 UTC+8）；確認授權（CWA）；確認 qc 與 realtime 時間範圍
歷史品管、即時海氣象水文觀測資料\CWA\烏石潮位站\LonLat.csv,歷史品管與即時海氣象水文觀測資料（CWA）,.csv,48,2026-09-17T18:53:58+08:00,CSV,utf-8-sig,CenterLongitude; CenterLatitude,CenterLongitude; CenterLatitude,,,,2,CWA,需確認各提供者授權條件,高（涉及安全決策風險）,live_or_time_series_candidate,時序工具候選,CWA 座標或後設 資料。研究統計優先使用 qc 品管版本。不可列為 document_rag_candidate。歷史資料僅可回答歷史描述，不可提供當日下水安全判定。,確認時區（疑似 UTC+8）；確認授權（CWA）；確認 qc 與 realtime 時間範圍
歷史品管、即時海氣象水文觀測資料\CWA\烏石潮位站\qc\2023.csv,歷史品管與即時海氣象水文觀測資料（CWA）,.csv,5682490,2026-09-17T18:53:58+08:00,CSV,utf-8-sig,測站編號; 時間; 陣風_風速; 風速; 風向; 氣壓; 氣溫; 海面溫度; 示性波高; 平均週期; 波向; 波浪尖峰週期; 流速; 分層流速{深度:流速}; 流向,中心經度; 中心緯度,,時間,2023–2023,59878,CWA,需確認各提供者授權條件,高（涉及安全決策風險）,live_or_time_series_candidate,時序工具候選,CWA qc（品管歷史） 資料。研究統計優先使用 qc 品管版本。不可列為 document_rag_candidate。歷史資料僅可回答歷史描述，不可提供當日下水安全判定。,確認時區（疑似 UTC+8）；確認授權（CWA）；確認 qc 與 realtime 時間範圍
歷史品管、即時海氣象水文觀測資料\CWA\烏石潮位站\qc\2024.csv,歷史品管與即時海氣象水文觀測資料（CWA）,.csv,5627250,2026-09-17T18:53:58+08:00,CSV,utf-8-sig,測站編號; 時間; 陣風_風速; 風速; 風向; 氣壓; 氣溫; 海面溫度; 示性波高; 平均週期; 波向; 波浪尖峰週期; 流速; 分層流速{深度:流速}; 流向,中心經度; 中心緯度,,時間,2024–2024,59484,CWA,需確認各提供者授權條件,高（涉及安全決策風險）,live_or_time_series_candidate,時序工具候選,CWA qc（品管歷史） 資料。研究統計優先使用 qc 品管版本。不可列為 document_rag_candidate。歷史資料僅可回答歷史描述，不可提供當日下水安全判定。,確認時區（疑似 UTC+8）；確認授權（CWA）；確認 qc 與 realtime 時間範圍
歷史品管、即時海氣象水文觀測資料\CWA\烏石潮位站\qc\2025.csv,歷史品管與即時海氣象水文觀測資料（CWA）,.csv,5863463,2026-09-17T18:53:58+08:00,CSV,utf-8-sig,測站編號; 時間; 陣風_風速; 風速; 風向; 氣壓; 氣溫; 海面溫度; 示性波高; 平均週期; 波向; 波浪尖峰週期; 流速; 分層流速{深度:流速}; 流向,中心經度; 中心緯度,,時間,2025–2025,62310,CWA,需確認各提供者授權條件,高（涉及安全決策風險）,live_or_time_series_candidate,時序工具候選,CWA qc（品管歷史） 資料。研究統計優先使用 qc 品管版本。不可列為 document_rag_candidate。歷史資料僅可回答歷史描述，不可提供當日下水安全判定。,確認時區（疑似 UTC+8）；確認授權（CWA）；確認 qc 與 realtime 時間範圍
歷史品管、即時海氣象水文觀測資料\CWA\烏石潮位站\realtime\2023.csv,歷史品管與即時海氣象水文觀測資料（CWA）,.csv,632235,2026-09-17T18:53:58+08:00,CSV,utf-8-sig,測站編號; 時間; 陣風_風速; 風速; 風向; 氣壓; 氣溫; 海面溫度; 示性波高; 平均週期; 波向; 波浪尖峰週期; 流速; 分層流速{深度:流速}; 流向,中心經度; 中心緯度,,時間,2023–2023,6457,CWA,需確認各提供者授權條件,高（涉及安全決策風險）,live_or_time_series_candidate,時序工具候選,CWA realtime（即時） 資料。研究統計優先使用 qc 品管版本。不可列為 document_rag_candidate。歷史資料僅可回答歷史描述，不可提供當日下水安全判定。,確認時區（疑似 UTC+8）；確認授權（CWA）；確認 qc 與 realtime 時間範圍
歷史品管、即時海氣象水文觀測資料\CWA\烏石潮位站\realtime\2024.csv,歷史品管與即時海氣象水文觀測資料（CWA）,.csv,605977,2026-09-17T18:53:58+08:00,CSV,utf-8-sig,測站編號; 時間; 陣風_風速; 風速; 風向; 氣壓; 氣溫; 海面溫度; 示性波高; 平均週期; 波向; 波浪尖峰週期; 流速; 分層流速{深度:流速}; 流向,中心經度; 中心緯度,,時間,2024–2024,6170,CWA,需確認各提供者授權條件,高（涉及安全決策風險）,live_or_time_series_candidate,時序工具候選,CWA realtime（即時） 資料。研究統計優先使用 qc 品管版本。不可列為 document_rag_candidate。歷史資料僅可回答歷史描述，不可提供當日下水安全判定。,確認時區（疑似 UTC+8）；確認授權（CWA）；確認 qc 與 realtime 時間範圍
歷史品管、即時海氣象水文觀測資料\CWA\烏石潮位站\realtime\2025.csv,歷史品管與即時海氣象水文觀測資料（CWA）,.csv,634812,2026-09-17T18:53:58+08:00,CSV,utf-8-sig,測站編號; 時間; 陣風_風速; 風速; 風向; 氣壓; 氣溫; 海面溫度; 示性波高; 平均週期; 波向; 波浪尖峰週期; 流速; 分層流速{深度:流速}; 流向,中心經度; 中心緯度,,時間,2025–2025,6477,CWA,需確認各提供者授權條件,高（涉及安全決策風險）,live_or_time_series_candidate,時序工具候選,CWA realtime（即時） 資料。研究統計優先使用 qc 品管版本。不可列為 document_rag_candidate。歷史資料僅可回答歷史描述，不可提供當日下水安全判定。,確認時區（疑似 UTC+8）；確認授權（CWA）；確認 qc 與 realtime 時間範圍
歷史品管、即時海氣象水文觀測資料\CWA\福隆潮位站\LonLat.csv,歷史品管與即時海氣象水文觀測資料（CWA）,.csv,48,2026-09-17T18:53:58+08:00,CSV,utf-8-sig,CenterLongitude; CenterLatitude,CenterLongitude; CenterLatitude,,,,2,CWA,需確認各提供者授權條件,高（涉及安全決策風險）,live_or_time_series_candidate,時序工具候選,CWA 座標或後設 資料。研究統計優先使用 qc 品管版本。不可列為 document_rag_candidate。歷史資料僅可回答歷史描述，不可提供當日下水安全判定。,確認時區（疑似 UTC+8）；確認授權（CWA）；確認 qc 與 realtime 時間範圍
歷史品管、即時海氣象水文觀測資料\CWA\福隆潮位站\qc\2023.csv,歷史品管與即時海氣象水文觀測資料（CWA）,.csv,5940128,2026-09-17T18:53:58+08:00,CSV,utf-8-sig,測站編號; 時間; 陣風_風速; 風速; 風向; 氣壓; 氣溫; 海面溫度; 示性波高; 平均週期; 波向; 波浪尖峰週期; 流速; 分層流速{深度:流速}; 流向,中心經度; 中心緯度,,時間,2023–2023,62659,CWA,需確認各提供者授權條件,高（涉及安全決策風險）,live_or_time_series_candidate,時序工具候選,CWA qc（品管歷史） 資料。研究統計優先使用 qc 品管版本。不可列為 document_rag_candidate。歷史資料僅可回答歷史描述，不可提供當日下水安全判定。,確認時區（疑似 UTC+8）；確認授權（CWA）；確認 qc 與 realtime 時間範圍
歷史品管、即時海氣象水文觀測資料\CWA\福隆潮位站\qc\2024.csv,歷史品管與即時海氣象水文觀測資料（CWA）,.csv,5852073,2026-09-17T18:53:58+08:00,CSV,utf-8-sig,測站編號; 時間; 陣風_風速; 風速; 風向; 氣壓; 氣溫; 海面溫度; 示性波高; 平均週期; 波向; 波浪尖峰週期; 流速; 分層流速{深度:流速}; 流向,中心經度; 中心緯度,,時間,2024–2024,61730,CWA,需確認各提供者授權條件,高（涉及安全決策風險）,live_or_time_series_candidate,時序工具候選,CWA qc（品管歷史） 資料。研究統計優先使用 qc 品管版本。不可列為 document_rag_candidate。歷史資料僅可回答歷史描述，不可提供當日下水安全判定。,確認時區（疑似 UTC+8）；確認授權（CWA）；確認 qc 與 realtime 時間範圍
歷史品管、即時海氣象水文觀測資料\CWA\福隆潮位站\qc\2025.csv,歷史品管與即時海氣象水文觀測資料（CWA）,.csv,5807215,2026-09-17T18:53:58+08:00,CSV,utf-8-sig,測站編號; 時間; 陣風_風速; 風速; 風向; 氣壓; 氣溫; 海面溫度; 示性波高; 平均週期; 波向; 波浪尖峰週期; 流速; 分層流速{深度:流速}; 流向,中心經度; 中心緯度,,時間,2025–2025,61713,CWA,需確認各提供者授權條件,高（涉及安全決策風險）,live_or_time_series_candidate,時序工具候選,CWA qc（品管歷史） 資料。研究統計優先使用 qc 品管版本。不可列為 document_rag_candidate。歷史資料僅可回答歷史描述，不可提供當日下水安全判定。,確認時區（疑似 UTC+8）；確認授權（CWA）；確認 qc 與 realtime 時間範圍
歷史品管、即時海氣象水文觀測資料\CWA\福隆潮位站\realtime\2023.csv,歷史品管與即時海氣象水文觀測資料（CWA）,.csv,636639,2026-09-17T18:53:58+08:00,CSV,utf-8-sig,測站編號; 時間; 陣風_風速; 風速; 風向; 氣壓; 氣溫; 海面溫度; 示性波高; 平均週期; 波向; 波浪尖峰週期; 流速; 分層流速{深度:流速}; 流向,中心經度; 中心緯度,,時間,2023–2023,6483,CWA,需確認各提供者授權條件,高（涉及安全決策風險）,live_or_time_series_candidate,時序工具候選,CWA realtime（即時） 資料。研究統計優先使用 qc 品管版本。不可列為 document_rag_candidate。歷史資料僅可回答歷史描述，不可提供當日下水安全判定。,確認時區（疑似 UTC+8）；確認授權（CWA）；確認 qc 與 realtime 時間範圍
歷史品管、即時海氣象水文觀測資料\CWA\福隆潮位站\realtime\2024.csv,歷史品管與即時海氣象水文觀測資料（CWA）,.csv,635425,2026-09-17T18:53:58+08:00,CSV,utf-8-sig,測站編號; 時間; 陣風_風速; 風速; 風向; 氣壓; 氣溫; 海面溫度; 示性波高; 平均週期; 波向; 波浪尖峰週期; 流速; 分層流速{深度:流速}; 流向,中心經度; 中心緯度,,時間,2024–2024,6490,CWA,需確認各提供者授權條件,高（涉及安全決策風險）,live_or_time_series_candidate,時序工具候選,CWA realtime（即時） 資料。研究統計優先使用 qc 品管版本。不可列為 document_rag_candidate。歷史資料僅可回答歷史描述，不可提供當日下水安全判定。,確認時區（疑似 UTC+8）；確認授權（CWA）；確認 qc 與 realtime 時間範圍
歷史品管、即時海氣象水文觀測資料\CWA\福隆潮位站\realtime\2025.csv,歷史品管與即時海氣象水文觀測資料（CWA）,.csv,626791,2026-09-17T18:53:58+08:00,CSV,utf-8-sig,測站編號; 時間; 陣風_風速; 風速; 風向; 氣壓; 氣溫; 海面溫度; 示性波高; 平均週期; 波向; 波浪尖峰週期; 流速; 分層流速{深度:流速}; 流向,中心經度; 中心緯度,,時間,2025–2025,6389,CWA,需確認各提供者授權條件,高（涉及安全決策風險）,live_or_time_series_candidate,時序工具候選,CWA realtime（即時） 資料。研究統計優先使用 qc 品管版本。不可列為 document_rag_candidate。歷史資料僅可回答歷史描述，不可提供當日下水安全判定。,確認時區（疑似 UTC+8）；確認授權（CWA）；確認 qc 與 realtime 時間範圍
歷史品管、即時海氣象水文觀測資料\CWA\竹圍潮位站\LonLat.csv,歷史品管與即時海氣象水文觀測資料（CWA）,.csv,48,2026-09-17T18:53:58+08:00,CSV,utf-8-sig,CenterLongitude; CenterLatitude,CenterLongitude; CenterLatitude,,,,2,CWA,需確認各提供者授權條件,高（涉及安全決策風險）,live_or_time_series_candidate,時序工具候選,CWA 座標或後設 資料。研究統計優先使用 qc 品管版本。不可列為 document_rag_candidate。歷史資料僅可回答歷史描述，不可提供當日下水安全判定。,確認時區（疑似 UTC+8）；確認授權（CWA）；確認 qc 與 realtime 時間範圍
歷史品管、即時海氣象水文觀測資料\CWA\竹圍潮位站\qc\2023.csv,歷史品管與即時海氣象水文觀測資料（CWA）,.csv,5959402,2026-09-17T18:53:58+08:00,CSV,utf-8-sig,測站編號; 時間; 陣風_風速; 風速; 風向; 氣壓; 氣溫; 海面溫度; 示性波高; 平均週期; 波向; 波浪尖峰週期; 流速; 分層流速{深度:流速}; 流向,中心經度; 中心緯度,,時間,2023–2023,62862,CWA,需確認各提供者授權條件,高（涉及安全決策風險）,live_or_time_series_candidate,時序工具候選,CWA qc（品管歷史） 資料。研究統計優先使用 qc 品管版本。不可列為 document_rag_candidate。歷史資料僅可回答歷史描述，不可提供當日下水安全判定。,確認時區（疑似 UTC+8）；確認授權（CWA）；確認 qc 與 realtime 時間範圍
歷史品管、即時海氣象水文觀測資料\CWA\竹圍潮位站\qc\2024.csv,歷史品管與即時海氣象水文觀測資料（CWA）,.csv,5892763,2026-09-17T18:53:59+08:00,CSV,utf-8-sig,測站編號; 時間; 陣風_風速; 風速; 風向; 氣壓; 氣溫; 海面溫度; 示性波高; 平均週期; 波向; 波浪尖峰週期; 流速; 分層流速{深度:流速}; 流向,中心經度; 中心緯度,,時間,2024–2024,63568,CWA,需確認各提供者授權條件,高（涉及安全決策風險）,live_or_time_series_candidate,時序工具候選,CWA qc（品管歷史） 資料。研究統計優先使用 qc 品管版本。不可列為 document_rag_candidate。歷史資料僅可回答歷史描述，不可提供當日下水安全判定。,確認時區（疑似 UTC+8）；確認授權（CWA）；確認 qc 與 realtime 時間範圍
歷史品管、即時海氣象水文觀測資料\CWA\竹圍潮位站\qc\2025.csv,歷史品管與即時海氣象水文觀測資料（CWA）,.csv,5873020,2026-09-17T18:53:59+08:00,CSV,utf-8-sig,測站編號; 時間; 陣風_風速; 風速; 風向; 氣壓; 氣溫; 海面溫度; 示性波高; 平均週期; 波向; 波浪尖峰週期; 流速; 分層流速{深度:流速}; 流向,中心經度; 中心緯度,,時間,2025–2025,62880,CWA,需確認各提供者授權條件,高（涉及安全決策風險）,live_or_time_series_candidate,時序工具候選,CWA qc（品管歷史） 資料。研究統計優先使用 qc 品管版本。不可列為 document_rag_candidate。歷史資料僅可回答歷史描述，不可提供當日下水安全判定。,確認時區（疑似 UTC+8）；確認授權（CWA）；確認 qc 與 realtime 時間範圍
歷史品管、即時海氣象水文觀測資料\CWA\竹圍潮位站\realtime\2023.csv,歷史品管與即時海氣象水文觀測資料（CWA）,.csv,588544,2026-09-17T18:53:59+08:00,CSV,utf-8-sig,測站編號; 時間; 陣風_風速; 風速; 風向; 氣壓; 氣溫; 海面溫度; 示性波高; 平均週期; 波向; 波浪尖峰週期; 流速; 分層流速{深度:流速}; 流向,中心經度; 中心緯度,,時間,2023–2023,6308,CWA,需確認各提供者授權條件,高（涉及安全決策風險）,live_or_time_series_candidate,時序工具候選,CWA realtime（即時） 資料。研究統計優先使用 qc 品管版本。不可列為 document_rag_candidate。歷史資料僅可回答歷史描述，不可提供當日下水安全判定。,確認時區（疑似 UTC+8）；確認授權（CWA）；確認 qc 與 realtime 時間範圍
歷史品管、即時海氣象水文觀測資料\CWA\竹圍潮位站\realtime\2024.csv,歷史品管與即時海氣象水文觀測資料（CWA）,.csv,585041,2026-09-17T18:53:59+08:00,CSV,utf-8-sig,測站編號; 時間; 陣風_風速; 風速; 風向; 氣壓; 氣溫; 海面溫度; 示性波高; 平均週期; 波向; 波浪尖峰週期; 流速; 分層流速{深度:流速}; 流向,中心經度; 中心緯度,,時間,2024–2024,6270,CWA,需確認各提供者授權條件,高（涉及安全決策風險）,live_or_time_series_candidate,時序工具候選,CWA realtime（即時） 資料。研究統計優先使用 qc 品管版本。不可列為 document_rag_candidate。歷史資料僅可回答歷史描述，不可提供當日下水安全判定。,確認時區（疑似 UTC+8）；確認授權（CWA）；確認 qc 與 realtime 時間範圍
歷史品管、即時海氣象水文觀測資料\CWA\竹圍潮位站\realtime\2025.csv,歷史品管與即時海氣象水文觀測資料（CWA）,.csv,583297,2026-09-17T18:53:59+08:00,CSV,utf-8-sig,測站編號; 時間; 陣風_風速; 風速; 風向; 氣壓; 氣溫; 海面溫度; 示性波高; 平均週期; 波向; 波浪尖峰週期; 流速; 分層流速{深度:流速}; 流向,中心經度; 中心緯度,,時間,2025–2025,6211,CWA,需確認各提供者授權條件,高（涉及安全決策風險）,live_or_time_series_candidate,時序工具候選,CWA realtime（即時） 資料。研究統計優先使用 qc 品管版本。不可列為 document_rag_candidate。歷史資料僅可回答歷史描述，不可提供當日下水安全判定。,確認時區（疑似 UTC+8）；確認授權（CWA）；確認 qc 與 realtime 時間範圍
歷史品管、即時海氣象水文觀測資料\CWA\臺中港潮位站\LonLat.csv,歷史品管與即時海氣象水文觀測資料（CWA）,.csv,48,2026-09-17T18:53:59+08:00,CSV,utf-8-sig,CenterLongitude; CenterLatitude,CenterLongitude; CenterLatitude,,,,2,CWA,需確認各提供者授權條件,高（涉及安全決策風險）,live_or_time_series_candidate,時序工具候選,CWA 座標或後設 資料。研究統計優先使用 qc 品管版本。不可列為 document_rag_candidate。歷史資料僅可回答歷史描述，不可提供當日下水安全判定。,確認時區（疑似 UTC+8）；確認授權（CWA）；確認 qc 與 realtime 時間範圍
歷史品管、即時海氣象水文觀測資料\CWA\臺中港潮位站\realtime\2023.csv,歷史品管與即時海氣象水文觀測資料（CWA）,.csv,588292,2026-09-17T18:53:59+08:00,CSV,utf-8-sig,測站編號; 時間; 陣風_風速; 風速; 風向; 氣壓; 氣溫; 海面溫度; 示性波高; 平均週期; 波向; 波浪尖峰週期; 流速; 分層流速{深度:流速}; 流向,中心經度; 中心緯度,,時間,2023–2023,6359,CWA,需確認各提供者授權條件,高（涉及安全決策風險）,live_or_time_series_candidate,時序工具候選,CWA realtime（即時） 資料。研究統計優先使用 qc 品管版本。不可列為 document_rag_candidate。歷史資料僅可回答歷史描述，不可提供當日下水安全判定。,確認時區（疑似 UTC+8）；確認授權（CWA）；確認 qc 與 realtime 時間範圍
歷史品管、即時海氣象水文觀測資料\CWA\臺中港潮位站\realtime\2024.csv,歷史品管與即時海氣象水文觀測資料（CWA）,.csv,566445,2026-09-17T18:53:59+08:00,CSV,utf-8-sig,測站編號; 時間; 陣風_風速; 風速; 風向; 氣壓; 氣溫; 海面溫度; 示性波高; 平均週期; 波向; 波浪尖峰週期; 流速; 分層流速{深度:流速}; 流向,中心經度; 中心緯度,,時間,2024–2024,6084,CWA,需確認各提供者授權條件,高（涉及安全決策風險）,live_or_time_series_candidate,時序工具候選,CWA realtime（即時） 資料。研究統計優先使用 qc 品管版本。不可列為 document_rag_candidate。歷史資料僅可回答歷史描述，不可提供當日下水安全判定。,確認時區（疑似 UTC+8）；確認授權（CWA）；確認 qc 與 realtime 時間範圍
歷史品管、即時海氣象水文觀測資料\CWA\臺中港潮位站\realtime\2025.csv,歷史品管與即時海氣象水文觀測資料（CWA）,.csv,585158,2026-09-17T18:53:59+08:00,CSV,utf-8-sig,測站編號; 時間; 陣風_風速; 風速; 風向; 氣壓; 氣溫; 海面溫度; 示性波高; 平均週期; 波向; 波浪尖峰週期; 流速; 分層流速{深度:流速}; 流向,中心經度; 中心緯度,,時間,2025–2025,6245,CWA,需確認各提供者授權條件,高（涉及安全決策風險）,live_or_time_series_candidate,時序工具候選,CWA realtime（即時） 資料。研究統計優先使用 qc 品管版本。不可列為 document_rag_candidate。歷史資料僅可回答歷史描述，不可提供當日下水安全判定。,確認時區（疑似 UTC+8）；確認授權（CWA）；確認 qc 與 realtime 時間範圍
歷史品管、即時海氣象水文觀測資料\CWA\臺中資料浮標\LonLat.csv,歷史品管與即時海氣象水文觀測資料（CWA）,.csv,48,2026-09-17T18:53:59+08:00,CSV,utf-8-sig,CenterLongitude; CenterLatitude,CenterLongitude; CenterLatitude,,,,2,CWA,需確認各提供者授權條件,高（涉及安全決策風險）,live_or_time_series_candidate,時序工具候選,CWA 座標或後設 資料。研究統計優先使用 qc 品管版本。不可列為 document_rag_candidate。歷史資料僅可回答歷史描述，不可提供當日下水安全判定。,確認時區（疑似 UTC+8）；確認授權（CWA）；確認 qc 與 realtime 時間範圍
歷史品管、即時海氣象水文觀測資料\CWA\臺中資料浮標\qc\2023.csv,歷史品管與即時海氣象水文觀測資料（CWA）,.csv,820635,2026-09-17T18:53:59+08:00,CSV,utf-8-sig,測站編號; 時間; 陣風_風速; 風速; 風向; 氣壓; 氣溫; 海面溫度; 示性波高; 平均週期; 波向; 波浪尖峰週期; 流速; 分層流速{深度:流速}; 流向,中心經度; 中心緯度,,時間,2023–2023,7135,CWA,需確認各提供者授權條件,高（涉及安全決策風險）,live_or_time_series_candidate,時序工具候選,CWA qc（品管歷史） 資料。研究統計優先使用 qc 品管版本。不可列為 document_rag_candidate。歷史資料僅可回答歷史描述，不可提供當日下水安全判定。,確認時區（疑似 UTC+8）；確認授權（CWA）；確認 qc 與 realtime 時間範圍
歷史品管、即時海氣象水文觀測資料\CWA\臺中資料浮標\qc\2024.csv,歷史品管與即時海氣象水文觀測資料（CWA）,.csv,791572,2026-09-17T18:53:59+08:00,CSV,utf-8-sig,測站編號; 時間; 陣風_風速; 風速; 風向; 氣壓; 氣溫; 海面溫度; 示性波高; 平均週期; 波向; 波浪尖峰週期; 流速; 分層流速{深度:流速}; 流向,中心經度; 中心緯度,,時間,2024–2024,7017,CWA,需確認各提供者授權條件,高（涉及安全決策風險）,live_or_time_series_candidate,時序工具候選,CWA qc（品管歷史） 資料。研究統計優先使用 qc 品管版本。不可列為 document_rag_candidate。歷史資料僅可回答歷史描述，不可提供當日下水安全判定。,確認時區（疑似 UTC+8）；確認授權（CWA）；確認 qc 與 realtime 時間範圍
歷史品管、即時海氣象水文觀測資料\CWA\臺中資料浮標\qc\2025.csv,歷史品管與即時海氣象水文觀測資料（CWA）,.csv,667647,2026-09-17T18:53:59+08:00,CSV,utf-8-sig,測站編號; 時間; 陣風_風速; 風速; 風向; 氣壓; 氣溫; 海面溫度; 示性波高; 平均週期; 波向; 波浪尖峰週期; 流速; 分層流速{深度:流速}; 流向,中心經度; 中心緯度,,時間,2025–2025,6551,CWA,需確認各提供者授權條件,高（涉及安全決策風險）,live_or_time_series_candidate,時序工具候選,CWA qc（品管歷史） 資料。研究統計優先使用 qc 品管版本。不可列為 document_rag_candidate。歷史資料僅可回答歷史描述，不可提供當日下水安全判定。,確認時區（疑似 UTC+8）；確認授權（CWA）；確認 qc 與 realtime 時間範圍
歷史品管、即時海氣象水文觀測資料\CWA\臺中資料浮標\realtime\2023.csv,歷史品管與即時海氣象水文觀測資料（CWA）,.csv,768681,2026-09-17T18:53:59+08:00,CSV,utf-8-sig,測站編號; 時間; 陣風_風速; 風速; 風向; 氣壓; 氣溫; 海面溫度; 示性波高; 平均週期; 波向; 波浪尖峰週期; 流速; 分層流速{深度:流速}; 流向,中心經度; 中心緯度,,時間,2023–2023,6931,CWA,需確認各提供者授權條件,高（涉及安全決策風險）,live_or_time_series_candidate,時序工具候選,CWA realtime（即時） 資料。研究統計優先使用 qc 品管版本。不可列為 document_rag_candidate。歷史資料僅可回答歷史描述，不可提供當日下水安全判定。,確認時區（疑似 UTC+8）；確認授權（CWA）；確認 qc 與 realtime 時間範圍
歷史品管、即時海氣象水文觀測資料\CWA\臺中資料浮標\realtime\2024.csv,歷史品管與即時海氣象水文觀測資料（CWA）,.csv,625835,2026-09-17T18:53:59+08:00,CSV,utf-8-sig,測站編號; 時間; 陣風_風速; 風速; 風向; 氣壓; 氣溫; 海面溫度; 示性波高; 平均週期; 波向; 波浪尖峰週期; 流速; 分層流速{深度:流速}; 流向,中心經度; 中心緯度,,時間,2024–2024,5821,CWA,需確認各提供者授權條件,高（涉及安全決策風險）,live_or_time_series_candidate,時序工具候選,CWA realtime（即時） 資料。研究統計優先使用 qc 品管版本。不可列為 document_rag_candidate。歷史資料僅可回答歷史描述，不可提供當日下水安全判定。,確認時區（疑似 UTC+8）；確認授權（CWA）；確認 qc 與 realtime 時間範圍
歷史品管、即時海氣象水文觀測資料\CWA\臺中資料浮標\realtime\2025.csv,歷史品管與即時海氣象水文觀測資料（CWA）,.csv,612764,2026-09-17T18:53:59+08:00,CSV,utf-8-sig,測站編號; 時間; 陣風_風速; 風速; 風向; 氣壓; 氣溫; 海面溫度; 示性波高; 平均週期; 波向; 波浪尖峰週期; 流速; 分層流速{深度:流速}; 流向,中心經度; 中心緯度,,時間,2025–2025,5721,CWA,需確認各提供者授權條件,高（涉及安全決策風險）,live_or_time_series_candidate,時序工具候選,CWA realtime（即時） 資料。研究統計優先使用 qc 品管版本。不可列為 document_rag_candidate。歷史資料僅可回答歷史描述，不可提供當日下水安全判定。,確認時區（疑似 UTC+8）；確認授權（CWA）；確認 qc 與 realtime 時間範圍
歷史品管、即時海氣象水文觀測資料\CWA\花蓮潮位站\LonLat.csv,歷史品管與即時海氣象水文觀測資料（CWA）,.csv,48,2026-09-17T18:53:59+08:00,CSV,utf-8-sig,CenterLongitude; CenterLatitude,CenterLongitude; CenterLatitude,,,,2,CWA,需確認各提供者授權條件,高（涉及安全決策風險）,live_or_time_series_candidate,時序工具候選,CWA 座標或後設 資料。研究統計優先使用 qc 品管版本。不可列為 document_rag_candidate。歷史資料僅可回答歷史描述，不可提供當日下水安全判定。,確認時區（疑似 UTC+8）；確認授權（CWA）；確認 qc 與 realtime 時間範圍
歷史品管、即時海氣象水文觀測資料\CWA\花蓮潮位站\qc\2023.csv,歷史品管與即時海氣象水文觀測資料（CWA）,.csv,5865546,2026-09-17T18:53:59+08:00,CSV,utf-8-sig,測站編號; 時間; 陣風_風速; 風速; 風向; 氣壓; 氣溫; 海面溫度; 示性波高; 平均週期; 波向; 波浪尖峰週期; 流速; 分層流速{深度:流速}; 流向,中心經度; 中心緯度,,時間,2023–2023,62266,CWA,需確認各提供者授權條件,高（涉及安全決策風險）,live_or_time_series_candidate,時序工具候選,CWA qc（品管歷史） 資料。研究統計優先使用 qc 品管版本。不可列為 document_rag_candidate。歷史資料僅可回答歷史描述，不可提供當日下水安全判定。,確認時區（疑似 UTC+8）；確認授權（CWA）；確認 qc 與 realtime 時間範圍
歷史品管、即時海氣象水文觀測資料\CWA\花蓮潮位站\qc\2024.csv,歷史品管與即時海氣象水文觀測資料（CWA）,.csv,5842498,2026-09-17T18:53:59+08:00,CSV,utf-8-sig,測站編號; 時間; 陣風_風速; 風速; 風向; 氣壓; 氣溫; 海面溫度; 示性波高; 平均週期; 波向; 波浪尖峰週期; 流速; 分層流速{深度:流速}; 流向,中心經度; 中心緯度,,時間,2024–2024,61825,CWA,需確認各提供者授權條件,高（涉及安全決策風險）,live_or_time_series_candidate,時序工具候選,CWA qc（品管歷史） 資料。研究統計優先使用 qc 品管版本。不可列為 document_rag_candidate。歷史資料僅可回答歷史描述，不可提供當日下水安全判定。,確認時區（疑似 UTC+8）；確認授權（CWA）；確認 qc 與 realtime 時間範圍
歷史品管、即時海氣象水文觀測資料\CWA\花蓮潮位站\qc\2025.csv,歷史品管與即時海氣象水文觀測資料（CWA）,.csv,5854778,2026-09-17T18:53:59+08:00,CSV,utf-8-sig,測站編號; 時間; 陣風_風速; 風速; 風向; 氣壓; 氣溫; 海面溫度; 示性波高; 平均週期; 波向; 波浪尖峰週期; 流速; 分層流速{深度:流速}; 流向,中心經度; 中心緯度,,時間,2025–2025,62284,CWA,需確認各提供者授權條件,高（涉及安全決策風險）,live_or_time_series_candidate,時序工具候選,CWA qc（品管歷史） 資料。研究統計優先使用 qc 品管版本。不可列為 document_rag_candidate。歷史資料僅可回答歷史描述，不可提供當日下水安全判定。,確認時區（疑似 UTC+8）；確認授權（CWA）；確認 qc 與 realtime 時間範圍
歷史品管、即時海氣象水文觀測資料\CWA\花蓮潮位站\realtime\2023.csv,歷史品管與即時海氣象水文觀測資料（CWA）,.csv,682945,2026-09-17T18:53:59+08:00,CSV,utf-8-sig,測站編號; 時間; 陣風_風速; 風速; 風向; 氣壓; 氣溫; 海面溫度; 示性波高; 平均週期; 波向; 波浪尖峰週期; 流速; 分層流速{深度:流速}; 流向,中心經度; 中心緯度,,時間,2023–2023,6695,CWA,需確認各提供者授權條件,高（涉及安全決策風險）,live_or_time_series_candidate,時序工具候選,CWA realtime（即時） 資料。研究統計優先使用 qc 品管版本。不可列為 document_rag_candidate。歷史資料僅可回答歷史描述，不可提供當日下水安全判定。,確認時區（疑似 UTC+8）；確認授權（CWA）；確認 qc 與 realtime 時間範圍
歷史品管、即時海氣象水文觀測資料\CWA\花蓮潮位站\realtime\2024.csv,歷史品管與即時海氣象水文觀測資料（CWA）,.csv,683189,2026-09-17T18:53:59+08:00,CSV,utf-8-sig,測站編號; 時間; 陣風_風速; 風速; 風向; 氣壓; 氣溫; 海面溫度; 示性波高; 平均週期; 波向; 波浪尖峰週期; 流速; 分層流速{深度:流速}; 流向,中心經度; 中心緯度,,時間,2024–2024,6777,CWA,需確認各提供者授權條件,高（涉及安全決策風險）,live_or_time_series_candidate,時序工具候選,CWA realtime（即時） 資料。研究統計優先使用 qc 品管版本。不可列為 document_rag_candidate。歷史資料僅可回答歷史描述，不可提供當日下水安全判定。,確認時區（疑似 UTC+8）；確認授權（CWA）；確認 qc 與 realtime 時間範圍
歷史品管、即時海氣象水文觀測資料\CWA\花蓮潮位站\realtime\2025.csv,歷史品管與即時海氣象水文觀測資料（CWA）,.csv,684550,2026-09-17T18:53:59+08:00,CSV,utf-8-sig,測站編號; 時間; 陣風_風速; 風速; 風向; 氣壓; 氣溫; 海面溫度; 示性波高; 平均週期; 波向; 波浪尖峰週期; 流速; 分層流速{深度:流速}; 流向,中心經度; 中心緯度,,時間,2025–2025,6698,CWA,需確認各提供者授權條件,高（涉及安全決策風險）,live_or_time_series_candidate,時序工具候選,CWA realtime（即時） 資料。研究統計優先使用 qc 品管版本。不可列為 document_rag_candidate。歷史資料僅可回答歷史描述，不可提供當日下水安全判定。,確認時區（疑似 UTC+8）；確認授權（CWA）；確認 qc 與 realtime 時間範圍
歷史品管、即時海氣象水文觀測資料\CWA\花蓮資料浮標\LonLat.csv,歷史品管與即時海氣象水文觀測資料（CWA）,.csv,48,2026-09-17T18:53:59+08:00,CSV,utf-8-sig,CenterLongitude; CenterLatitude,CenterLongitude; CenterLatitude,,,,2,CWA,需確認各提供者授權條件,高（涉及安全決策風險）,live_or_time_series_candidate,時序工具候選,CWA 座標或後設 資料。研究統計優先使用 qc 品管版本。不可列為 document_rag_candidate。歷史資料僅可回答歷史描述，不可提供當日下水安全判定。,確認時區（疑似 UTC+8）；確認授權（CWA）；確認 qc 與 realtime 時間範圍
歷史品管、即時海氣象水文觀測資料\CWA\花蓮資料浮標\qc\2023.csv,歷史品管與即時海氣象水文觀測資料（CWA）,.csv,844054,2026-09-17T18:53:59+08:00,CSV,utf-8-sig,測站編號; 時間; 陣風_風速; 風速; 風向; 氣壓; 氣溫; 海面溫度; 示性波高; 平均週期; 波向; 波浪尖峰週期; 流速; 分層流速{深度:流速}; 流向,中心經度; 中心緯度,,時間,2023–2023,7257,CWA,需確認各提供者授權條件,高（涉及安全決策風險）,live_or_time_series_candidate,時序工具候選,CWA qc（品管歷史） 資料。研究統計優先使用 qc 品管版本。不可列為 document_rag_candidate。歷史資料僅可回答歷史描述，不可提供當日下水安全判定。,確認時區（疑似 UTC+8）；確認授權（CWA）；確認 qc 與 realtime 時間範圍
歷史品管、即時海氣象水文觀測資料\CWA\花蓮資料浮標\qc\2024.csv,歷史品管與即時海氣象水文觀測資料（CWA）,.csv,871817,2026-09-17T18:53:59+08:00,CSV,utf-8-sig,測站編號; 時間; 陣風_風速; 風速; 風向; 氣壓; 氣溫; 海面溫度; 示性波高; 平均週期; 波向; 波浪尖峰週期; 流速; 分層流速{深度:流速}; 流向,中心經度; 中心緯度,,時間,2024–2024,7620,CWA,需確認各提供者授權條件,高（涉及安全決策風險）,live_or_time_series_candidate,時序工具候選,CWA qc（品管歷史） 資料。研究統計優先使用 qc 品管版本。不可列為 document_rag_candidate。歷史資料僅可回答歷史描述，不可提供當日下水安全判定。,確認時區（疑似 UTC+8）；確認授權（CWA）；確認 qc 與 realtime 時間範圍
歷史品管、即時海氣象水文觀測資料\CWA\花蓮資料浮標\qc\2025.csv,歷史品管與即時海氣象水文觀測資料（CWA）,.csv,842222,2026-09-17T18:53:59+08:00,CSV,utf-8-sig,測站編號; 時間; 陣風_風速; 風速; 風向; 氣壓; 氣溫; 海面溫度; 示性波高; 平均週期; 波向; 波浪尖峰週期; 流速; 分層流速{深度:流速}; 流向,中心經度; 中心緯度,,時間,2025–2025,7186,CWA,需確認各提供者授權條件,高（涉及安全決策風險）,live_or_time_series_candidate,時序工具候選,CWA qc（品管歷史） 資料。研究統計優先使用 qc 品管版本。不可列為 document_rag_candidate。歷史資料僅可回答歷史描述，不可提供當日下水安全判定。,確認時區（疑似 UTC+8）；確認授權（CWA）；確認 qc 與 realtime 時間範圍
歷史品管、即時海氣象水文觀測資料\CWA\花蓮資料浮標\realtime\2023.csv,歷史品管與即時海氣象水文觀測資料（CWA）,.csv,798293,2026-09-17T18:53:59+08:00,CSV,utf-8-sig,測站編號; 時間; 陣風_風速; 風速; 風向; 氣壓; 氣溫; 海面溫度; 示性波高; 平均週期; 波向; 波浪尖峰週期; 流速; 分層流速{深度:流速}; 流向,中心經度; 中心緯度,,時間,2023–2023,7127,CWA,需確認各提供者授權條件,高（涉及安全決策風險）,live_or_time_series_candidate,時序工具候選,CWA realtime（即時） 資料。研究統計優先使用 qc 品管版本。不可列為 document_rag_candidate。歷史資料僅可回答歷史描述，不可提供當日下水安全判定。,確認時區（疑似 UTC+8）；確認授權（CWA）；確認 qc 與 realtime 時間範圍
歷史品管、即時海氣象水文觀測資料\CWA\花蓮資料浮標\realtime\2024.csv,歷史品管與即時海氣象水文觀測資料（CWA）,.csv,784890,2026-09-17T18:53:59+08:00,CSV,utf-8-sig,測站編號; 時間; 陣風_風速; 風速; 風向; 氣壓; 氣溫; 海面溫度; 示性波高; 平均週期; 波向; 波浪尖峰週期; 流速; 分層流速{深度:流速}; 流向,中心經度; 中心緯度,,時間,2024–2024,7234,CWA,需確認各提供者授權條件,高（涉及安全決策風險）,live_or_time_series_candidate,時序工具候選,CWA realtime（即時） 資料。研究統計優先使用 qc 品管版本。不可列為 document_rag_candidate。歷史資料僅可回答歷史描述，不可提供當日下水安全判定。,確認時區（疑似 UTC+8）；確認授權（CWA）；確認 qc 與 realtime 時間範圍
歷史品管、即時海氣象水文觀測資料\CWA\花蓮資料浮標\realtime\2025.csv,歷史品管與即時海氣象水文觀測資料（CWA）,.csv,792970,2026-09-17T18:53:59+08:00,CSV,utf-8-sig,測站編號; 時間; 陣風_風速; 風速; 風向; 氣壓; 氣溫; 海面溫度; 示性波高; 平均週期; 波向; 波浪尖峰週期; 流速; 分層流速{深度:流速}; 流向,中心經度; 中心緯度,,時間,2025–2025,7036,CWA,需確認各提供者授權條件,高（涉及安全決策風險）,live_or_time_series_candidate,時序工具候選,CWA realtime（即時） 資料。研究統計優先使用 qc 品管版本。不可列為 document_rag_candidate。歷史資料僅可回答歷史描述，不可提供當日下水安全判定。,確認時區（疑似 UTC+8）；確認授權（CWA）；確認 qc 與 realtime 時間範圍
歷史品管、即時海氣象水文觀測資料\CWA\萡子寮潮位站\LonLat.csv,歷史品管與即時海氣象水文觀測資料（CWA）,.csv,48,2026-09-17T18:53:59+08:00,CSV,utf-8-sig,CenterLongitude; CenterLatitude,CenterLongitude; CenterLatitude,,,,2,CWA,需確認各提供者授權條件,高（涉及安全決策風險）,live_or_time_series_candidate,時序工具候選,CWA 座標或後設 資料。研究統計優先使用 qc 品管版本。不可列為 document_rag_candidate。歷史資料僅可回答歷史描述，不可提供當日下水安全判定。,確認時區（疑似 UTC+8）；確認授權（CWA）；確認 qc 與 realtime 時間範圍
歷史品管、即時海氣象水文觀測資料\CWA\萡子寮潮位站\qc\2023.csv,歷史品管與即時海氣象水文觀測資料（CWA）,.csv,5471376,2026-09-17T18:53:59+08:00,CSV,utf-8-sig,測站編號; 時間; 陣風_風速; 風速; 風向; 氣壓; 氣溫; 海面溫度; 示性波高; 平均週期; 波向; 波浪尖峰週期; 流速; 分層流速{深度:流速}; 流向,中心經度; 中心緯度,,時間,2023–2023,59406,CWA,需確認各提供者授權條件,高（涉及安全決策風險）,live_or_time_series_candidate,時序工具候選,CWA qc（品管歷史） 資料。研究統計優先使用 qc 品管版本。不可列為 document_rag_candidate。歷史資料僅可回答歷史描述，不可提供當日下水安全判定。,確認時區（疑似 UTC+8）；確認授權（CWA）；確認 qc 與 realtime 時間範圍
歷史品管、即時海氣象水文觀測資料\CWA\萡子寮潮位站\qc\2024.csv,歷史品管與即時海氣象水文觀測資料（CWA）,.csv,3905919,2026-09-17T18:53:59+08:00,CSV,utf-8-sig,測站編號; 時間; 陣風_風速; 風速; 風向; 氣壓; 氣溫; 海面溫度; 示性波高; 平均週期; 波向; 波浪尖峰週期; 流速; 分層流速{深度:流速}; 流向,中心經度; 中心緯度,,時間,2024–2024,42734,CWA,需確認各提供者授權條件,高（涉及安全決策風險）,live_or_time_series_candidate,時序工具候選,CWA qc（品管歷史） 資料。研究統計優先使用 qc 品管版本。不可列為 document_rag_candidate。歷史資料僅可回答歷史描述，不可提供當日下水安全判定。,確認時區（疑似 UTC+8）；確認授權（CWA）；確認 qc 與 realtime 時間範圍
歷史品管、即時海氣象水文觀測資料\CWA\萡子寮潮位站\qc\2025.csv,歷史品管與即時海氣象水文觀測資料（CWA）,.csv,11463,2026-09-17T18:53:59+08:00,CSV,utf-8-sig,測站編號; 時間; 陣風_風速; 風速; 風向; 氣壓; 氣溫; 海面溫度; 示性波高; 平均週期; 波向; 波浪尖峰週期; 流速; 分層流速{深度:流速}; 流向,中心經度; 中心緯度,,時間,2025–2025,125,CWA,需確認各提供者授權條件,高（涉及安全決策風險）,live_or_time_series_candidate,時序工具候選,CWA qc（品管歷史） 資料。研究統計優先使用 qc 品管版本。不可列為 document_rag_candidate。歷史資料僅可回答歷史描述，不可提供當日下水安全判定。,確認時區（疑似 UTC+8）；確認授權（CWA）；確認 qc 與 realtime 時間範圍
歷史品管、即時海氣象水文觀測資料\CWA\萡子寮潮位站\realtime\2023.csv,歷史品管與即時海氣象水文觀測資料（CWA）,.csv,632483,2026-09-17T18:53:59+08:00,CSV,utf-8-sig,測站編號; 時間; 陣風_風速; 風速; 風向; 氣壓; 氣溫; 海面溫度; 示性波高; 平均週期; 波向; 波浪尖峰週期; 流速; 分層流速{深度:流速}; 流向,中心經度; 中心緯度,,時間,2023–2023,6507,CWA,需確認各提供者授權條件,高（涉及安全決策風險）,live_or_time_series_candidate,時序工具候選,CWA realtime（即時） 資料。研究統計優先使用 qc 品管版本。不可列為 document_rag_candidate。歷史資料僅可回答歷史描述，不可提供當日下水安全判定。,確認時區（疑似 UTC+8）；確認授權（CWA）；確認 qc 與 realtime 時間範圍
歷史品管、即時海氣象水文觀測資料\CWA\萡子寮潮位站\realtime\2024.csv,歷史品管與即時海氣象水文觀測資料（CWA）,.csv,574617,2026-09-17T18:53:59+08:00,CSV,utf-8-sig,測站編號; 時間; 陣風_風速; 風速; 風向; 氣壓; 氣溫; 海面溫度; 示性波高; 平均週期; 波向; 波浪尖峰週期; 流速; 分層流速{深度:流速}; 流向,中心經度; 中心緯度,,時間,2024–2024,5917,CWA,需確認各提供者授權條件,高（涉及安全決策風險）,live_or_time_series_candidate,時序工具候選,CWA realtime（即時） 資料。研究統計優先使用 qc 品管版本。不可列為 document_rag_candidate。歷史資料僅可回答歷史描述，不可提供當日下水安全判定。,確認時區（疑似 UTC+8）；確認授權（CWA）；確認 qc 與 realtime 時間範圍
歷史品管、即時海氣象水文觀測資料\CWA\萡子寮潮位站\realtime\2025.csv,歷史品管與即時海氣象水文觀測資料（CWA）,.csv,636097,2026-09-17T18:53:59+08:00,CSV,utf-8-sig,測站編號; 時間; 陣風_風速; 風速; 風向; 氣壓; 氣溫; 海面溫度; 示性波高; 平均週期; 波向; 波浪尖峰週期; 流速; 分層流速{深度:流速}; 流向,中心經度; 中心緯度,,時間,2025–2025,6632,CWA,需確認各提供者授權條件,高（涉及安全決策風險）,live_or_time_series_candidate,時序工具候選,CWA realtime（即時） 資料。研究統計優先使用 qc 品管版本。不可列為 document_rag_candidate。歷史資料僅可回答歷史描述，不可提供當日下水安全判定。,確認時區（疑似 UTC+8）；確認授權（CWA）；確認 qc 與 realtime 時間範圍
歷史品管、即時海氣象水文觀測資料\CWA\蘇澳潮位站\LonLat.csv,歷史品管與即時海氣象水文觀測資料（CWA）,.csv,48,2026-09-17T18:53:59+08:00,CSV,utf-8-sig,CenterLongitude; CenterLatitude,CenterLongitude; CenterLatitude,,,,2,CWA,需確認各提供者授權條件,高（涉及安全決策風險）,live_or_time_series_candidate,時序工具候選,CWA 座標或後設 資料。研究統計優先使用 qc 品管版本。不可列為 document_rag_candidate。歷史資料僅可回答歷史描述，不可提供當日下水安全判定。,確認時區（疑似 UTC+8）；確認授權（CWA）；確認 qc 與 realtime 時間範圍
歷史品管、即時海氣象水文觀測資料\CWA\蘇澳潮位站\qc\2023.csv,歷史品管與即時海氣象水文觀測資料（CWA）,.csv,5903613,2026-09-17T18:53:59+08:00,CSV,utf-8-sig,測站編號; 時間; 陣風_風速; 風速; 風向; 氣壓; 氣溫; 海面溫度; 示性波高; 平均週期; 波向; 波浪尖峰週期; 流速; 分層流速{深度:流速}; 流向,中心經度; 中心緯度,,時間,2023–2023,62274,CWA,需確認各提供者授權條件,高（涉及安全決策風險）,live_or_time_series_candidate,時序工具候選,CWA qc（品管歷史） 資料。研究統計優先使用 qc 品管版本。不可列為 document_rag_candidate。歷史資料僅可回答歷史描述，不可提供當日下水安全判定。,確認時區（疑似 UTC+8）；確認授權（CWA）；確認 qc 與 realtime 時間範圍
歷史品管、即時海氣象水文觀測資料\CWA\蘇澳潮位站\qc\2024.csv,歷史品管與即時海氣象水文觀測資料（CWA）,.csv,5499174,2026-09-17T18:53:59+08:00,CSV,utf-8-sig,測站編號; 時間; 陣風_風速; 風速; 風向; 氣壓; 氣溫; 海面溫度; 示性波高; 平均週期; 波向; 波浪尖峰週期; 流速; 分層流速{深度:流速}; 流向,中心經度; 中心緯度,,時間,2024–2024,58008,CWA,需確認各提供者授權條件,高（涉及安全決策風險）,live_or_time_series_candidate,時序工具候選,CWA qc（品管歷史） 資料。研究統計優先使用 qc 品管版本。不可列為 document_rag_candidate。歷史資料僅可回答歷史描述，不可提供當日下水安全判定。,確認時區（疑似 UTC+8）；確認授權（CWA）；確認 qc 與 realtime 時間範圍
歷史品管、即時海氣象水文觀測資料\CWA\蘇澳潮位站\qc\2025.csv,歷史品管與即時海氣象水文觀測資料（CWA）,.csv,5859968,2026-09-17T18:53:59+08:00,CSV,utf-8-sig,測站編號; 時間; 陣風_風速; 風速; 風向; 氣壓; 氣溫; 海面溫度; 示性波高; 平均週期; 波向; 波浪尖峰週期; 流速; 分層流速{深度:流速}; 流向,中心經度; 中心緯度,,時間,2025–2025,63010,CWA,需確認各提供者授權條件,高（涉及安全決策風險）,live_or_time_series_candidate,時序工具候選,CWA qc（品管歷史） 資料。研究統計優先使用 qc 品管版本。不可列為 document_rag_candidate。歷史資料僅可回答歷史描述，不可提供當日下水安全判定。,確認時區（疑似 UTC+8）；確認授權（CWA）；確認 qc 與 realtime 時間範圍
歷史品管、即時海氣象水文觀測資料\CWA\蘇澳潮位站\realtime\2023.csv,歷史品管與即時海氣象水文觀測資料（CWA）,.csv,681030,2026-09-17T18:53:59+08:00,CSV,utf-8-sig,測站編號; 時間; 陣風_風速; 風速; 風向; 氣壓; 氣溫; 海面溫度; 示性波高; 平均週期; 波向; 波浪尖峰週期; 流速; 分層流速{深度:流速}; 流向,中心經度; 中心緯度,,時間,2023–2023,6729,CWA,需確認各提供者授權條件,高（涉及安全決策風險）,live_or_time_series_candidate,時序工具候選,CWA realtime（即時） 資料。研究統計優先使用 qc 品管版本。不可列為 document_rag_candidate。歷史資料僅可回答歷史描述，不可提供當日下水安全判定。,確認時區（疑似 UTC+8）；確認授權（CWA）；確認 qc 與 realtime 時間範圍
歷史品管、即時海氣象水文觀測資料\CWA\蘇澳潮位站\realtime\2024.csv,歷史品管與即時海氣象水文觀測資料（CWA）,.csv,636221,2026-09-17T18:53:59+08:00,CSV,utf-8-sig,測站編號; 時間; 陣風_風速; 風速; 風向; 氣壓; 氣溫; 海面溫度; 示性波高; 平均週期; 波向; 波浪尖峰週期; 流速; 分層流速{深度:流速}; 流向,中心經度; 中心緯度,,時間,2024–2024,6225,CWA,需確認各提供者授權條件,高（涉及安全決策風險）,live_or_time_series_candidate,時序工具候選,CWA realtime（即時） 資料。研究統計優先使用 qc 品管版本。不可列為 document_rag_candidate。歷史資料僅可回答歷史描述，不可提供當日下水安全判定。,確認時區（疑似 UTC+8）；確認授權（CWA）；確認 qc 與 realtime 時間範圍
歷史品管、即時海氣象水文觀測資料\CWA\蘇澳潮位站\realtime\2025.csv,歷史品管與即時海氣象水文觀測資料（CWA）,.csv,681282,2026-09-17T18:53:59+08:00,CSV,utf-8-sig,測站編號; 時間; 陣風_風速; 風速; 風向; 氣壓; 氣溫; 海面溫度; 示性波高; 平均週期; 波向; 波浪尖峰週期; 流速; 分層流速{深度:流速}; 流向,中心經度; 中心緯度,,時間,2025–2025,6752,CWA,需確認各提供者授權條件,高（涉及安全決策風險）,live_or_time_series_candidate,時序工具候選,CWA realtime（即時） 資料。研究統計優先使用 qc 品管版本。不可列為 document_rag_candidate。歷史資料僅可回答歷史描述，不可提供當日下水安全判定。,確認時區（疑似 UTC+8）；確認授權（CWA）；確認 qc 與 realtime 時間範圍
歷史品管、即時海氣象水文觀測資料\CWA\蘭嶼潮位站\LonLat.csv,歷史品管與即時海氣象水文觀測資料（CWA）,.csv,48,2026-09-17T18:53:59+08:00,CSV,utf-8-sig,CenterLongitude; CenterLatitude,CenterLongitude; CenterLatitude,,,,2,CWA,需確認各提供者授權條件,高（涉及安全決策風險）,live_or_time_series_candidate,時序工具候選,CWA 座標或後設 資料。研究統計優先使用 qc 品管版本。不可列為 document_rag_candidate。歷史資料僅可回答歷史描述，不可提供當日下水安全判定。,確認時區（疑似 UTC+8）；確認授權（CWA）；確認 qc 與 realtime 時間範圍
歷史品管、即時海氣象水文觀測資料\CWA\蘭嶼潮位站\qc\2023.csv,歷史品管與即時海氣象水文觀測資料（CWA）,.csv,4882181,2026-09-17T18:53:59+08:00,CSV,utf-8-sig,測站編號; 時間; 陣風_風速; 風速; 風向; 氣壓; 氣溫; 海面溫度; 示性波高; 平均週期; 波向; 波浪尖峰週期; 流速; 分層流速{深度:流速}; 流向,中心經度; 中心緯度,,時間,2023–2023,53415,CWA,需確認各提供者授權條件,高（涉及安全決策風險）,live_or_time_series_candidate,時序工具候選,CWA qc（品管歷史） 資料。研究統計優先使用 qc 品管版本。不可列為 document_rag_candidate。歷史資料僅可回答歷史描述，不可提供當日下水安全判定。,確認時區（疑似 UTC+8）；確認授權（CWA）；確認 qc 與 realtime 時間範圍
歷史品管、即時海氣象水文觀測資料\CWA\蘭嶼潮位站\qc\2024.csv,歷史品管與即時海氣象水文觀測資料（CWA）,.csv,5827291,2026-09-17T18:53:59+08:00,CSV,utf-8-sig,測站編號; 時間; 陣風_風速; 風速; 風向; 氣壓; 氣溫; 海面溫度; 示性波高; 平均週期; 波向; 波浪尖峰週期; 流速; 分層流速{深度:流速}; 流向,中心經度; 中心緯度,,時間,2024–2024,61404,CWA,需確認各提供者授權條件,高（涉及安全決策風險）,live_or_time_series_candidate,時序工具候選,CWA qc（品管歷史） 資料。研究統計優先使用 qc 品管版本。不可列為 document_rag_candidate。歷史資料僅可回答歷史描述，不可提供當日下水安全判定。,確認時區（疑似 UTC+8）；確認授權（CWA）；確認 qc 與 realtime 時間範圍
歷史品管、即時海氣象水文觀測資料\CWA\蘭嶼潮位站\qc\2025.csv,歷史品管與即時海氣象水文觀測資料（CWA）,.csv,5839287,2026-09-17T18:53:59+08:00,CSV,utf-8-sig,測站編號; 時間; 陣風_風速; 風速; 風向; 氣壓; 氣溫; 海面溫度; 示性波高; 平均週期; 波向; 波浪尖峰週期; 流速; 分層流速{深度:流速}; 流向,中心經度; 中心緯度,,時間,2025–2025,61988,CWA,需確認各提供者授權條件,高（涉及安全決策風險）,live_or_time_series_candidate,時序工具候選,CWA qc（品管歷史） 資料。研究統計優先使用 qc 品管版本。不可列為 document_rag_candidate。歷史資料僅可回答歷史描述，不可提供當日下水安全判定。,確認時區（疑似 UTC+8）；確認授權（CWA）；確認 qc 與 realtime 時間範圍
歷史品管、即時海氣象水文觀測資料\CWA\蘭嶼潮位站\realtime\2023.csv,歷史品管與即時海氣象水文觀測資料（CWA）,.csv,608762,2026-09-17T18:53:59+08:00,CSV,utf-8-sig,測站編號; 時間; 陣風_風速; 風速; 風向; 氣壓; 氣溫; 海面溫度; 示性波高; 平均週期; 波向; 波浪尖峰週期; 流速; 分層流速{深度:流速}; 流向,中心經度; 中心緯度,,時間,2023–2023,6167,CWA,需確認各提供者授權條件,高（涉及安全決策風險）,live_or_time_series_candidate,時序工具候選,CWA realtime（即時） 資料。研究統計優先使用 qc 品管版本。不可列為 document_rag_candidate。歷史資料僅可回答歷史描述，不可提供當日下水安全判定。,確認時區（疑似 UTC+8）；確認授權（CWA）；確認 qc 與 realtime 時間範圍
歷史品管、即時海氣象水文觀測資料\CWA\蘭嶼潮位站\realtime\2024.csv,歷史品管與即時海氣象水文觀測資料（CWA）,.csv,684203,2026-09-17T18:53:59+08:00,CSV,utf-8-sig,測站編號; 時間; 陣風_風速; 風速; 風向; 氣壓; 氣溫; 海面溫度; 示性波高; 平均週期; 波向; 波浪尖峰週期; 流速; 分層流速{深度:流速}; 流向,中心經度; 中心緯度,,時間,2024–2024,7039,CWA,需確認各提供者授權條件,高（涉及安全決策風險）,live_or_time_series_candidate,時序工具候選,CWA realtime（即時） 資料。研究統計優先使用 qc 品管版本。不可列為 document_rag_candidate。歷史資料僅可回答歷史描述，不可提供當日下水安全判定。,確認時區（疑似 UTC+8）；確認授權（CWA）；確認 qc 與 realtime 時間範圍
歷史品管、即時海氣象水文觀測資料\CWA\蘭嶼潮位站\realtime\2025.csv,歷史品管與即時海氣象水文觀測資料（CWA）,.csv,682090,2026-09-17T18:53:59+08:00,CSV,utf-8-sig,測站編號; 時間; 陣風_風速; 風速; 風向; 氣壓; 氣溫; 海面溫度; 示性波高; 平均週期; 波向; 波浪尖峰週期; 流速; 分層流速{深度:流速}; 流向,中心經度; 中心緯度,,時間,2025–2025,6706,CWA,需確認各提供者授權條件,高（涉及安全決策風險）,live_or_time_series_candidate,時序工具候選,CWA realtime（即時） 資料。研究統計優先使用 qc 品管版本。不可列為 document_rag_candidate。歷史資料僅可回答歷史描述，不可提供當日下水安全判定。,確認時區（疑似 UTC+8）；確認授權（CWA）；確認 qc 與 realtime 時間範圍
歷史品管、即時海氣象水文觀測資料\CWA\蘭嶼資料浮標\LonLat.csv,歷史品管與即時海氣象水文觀測資料（CWA）,.csv,48,2026-09-17T18:53:59+08:00,CSV,utf-8-sig,CenterLongitude; CenterLatitude,CenterLongitude; CenterLatitude,,,,2,CWA,需確認各提供者授權條件,高（涉及安全決策風險）,live_or_time_series_candidate,時序工具候選,CWA 座標或後設 資料。研究統計優先使用 qc 品管版本。不可列為 document_rag_candidate。歷史資料僅可回答歷史描述，不可提供當日下水安全判定。,確認時區（疑似 UTC+8）；確認授權（CWA）；確認 qc 與 realtime 時間範圍
歷史品管、即時海氣象水文觀測資料\CWA\蘭嶼資料浮標\qc\2023.csv,歷史品管與即時海氣象水文觀測資料（CWA）,.csv,781836,2026-09-17T18:53:59+08:00,CSV,utf-8-sig,測站編號; 時間; 陣風_風速; 風速; 風向; 氣壓; 氣溫; 海面溫度; 示性波高; 平均週期; 波向; 波浪尖峰週期; 流速; 分層流速{深度:流速}; 流向,中心經度; 中心緯度,,時間,2023–2023,7011,CWA,需確認各提供者授權條件,高（涉及安全決策風險）,live_or_time_series_candidate,時序工具候選,CWA qc（品管歷史） 資料。研究統計優先使用 qc 品管版本。不可列為 document_rag_candidate。歷史資料僅可回答歷史描述，不可提供當日下水安全判定。,確認時區（疑似 UTC+8）；確認授權（CWA）；確認 qc 與 realtime 時間範圍
歷史品管、即時海氣象水文觀測資料\CWA\蘭嶼資料浮標\qc\2024.csv,歷史品管與即時海氣象水文觀測資料（CWA）,.csv,528205,2026-09-17T18:53:59+08:00,CSV,utf-8-sig,測站編號; 時間; 陣風_風速; 風速; 風向; 氣壓; 氣溫; 海面溫度; 示性波高; 平均週期; 波向; 波浪尖峰週期; 流速; 分層流速{深度:流速}; 流向,中心經度; 中心緯度,,時間,2024–2024,5772,CWA,需確認各提供者授權條件,高（涉及安全決策風險）,live_or_time_series_candidate,時序工具候選,CWA qc（品管歷史） 資料。研究統計優先使用 qc 品管版本。不可列為 document_rag_candidate。歷史資料僅可回答歷史描述，不可提供當日下水安全判定。,確認時區（疑似 UTC+8）；確認授權（CWA）；確認 qc 與 realtime 時間範圍
歷史品管、即時海氣象水文觀測資料\CWA\蘭嶼資料浮標\qc\2025.csv,歷史品管與即時海氣象水文觀測資料（CWA）,.csv,501416,2026-09-17T18:53:59+08:00,CSV,utf-8-sig,測站編號; 時間; 陣風_風速; 風速; 風向; 氣壓; 氣溫; 海面溫度; 示性波高; 平均週期; 波向; 波浪尖峰週期; 流速; 分層流速{深度:流速}; 流向,中心經度; 中心緯度,,時間,2025–2025,4964,CWA,需確認各提供者授權條件,高（涉及安全決策風險）,live_or_time_series_candidate,時序工具候選,CWA qc（品管歷史） 資料。研究統計優先使用 qc 品管版本。不可列為 document_rag_candidate。歷史資料僅可回答歷史描述，不可提供當日下水安全判定。,確認時區（疑似 UTC+8）；確認授權（CWA）；確認 qc 與 realtime 時間範圍
歷史品管、即時海氣象水文觀測資料\CWA\蘭嶼資料浮標\realtime\2023.csv,歷史品管與即時海氣象水文觀測資料（CWA）,.csv,733863,2026-09-17T18:53:59+08:00,CSV,utf-8-sig,測站編號; 時間; 陣風_風速; 風速; 風向; 氣壓; 氣溫; 海面溫度; 示性波高; 平均週期; 波向; 波浪尖峰週期; 流速; 分層流速{深度:流速}; 流向,中心經度; 中心緯度,,時間,2023–2023,6858,CWA,需確認各提供者授權條件,高（涉及安全決策風險）,live_or_time_series_candidate,時序工具候選,CWA realtime（即時） 資料。研究統計優先使用 qc 品管版本。不可列為 document_rag_candidate。歷史資料僅可回答歷史描述，不可提供當日下水安全判定。,確認時區（疑似 UTC+8）；確認授權（CWA）；確認 qc 與 realtime 時間範圍
歷史品管、即時海氣象水文觀測資料\CWA\蘭嶼資料浮標\realtime\2024.csv,歷史品管與即時海氣象水文觀測資料（CWA）,.csv,449875,2026-09-17T18:53:59+08:00,CSV,utf-8-sig,測站編號; 時間; 陣風_風速; 風速; 風向; 氣壓; 氣溫; 海面溫度; 示性波高; 平均週期; 波向; 波浪尖峰週期; 流速; 分層流速{深度:流速}; 流向,中心經度; 中心緯度,,時間,2024–2024,4965,CWA,需確認各提供者授權條件,高（涉及安全決策風險）,live_or_time_series_candidate,時序工具候選,CWA realtime（即時） 資料。研究統計優先使用 qc 品管版本。不可列為 document_rag_candidate。歷史資料僅可回答歷史描述，不可提供當日下水安全判定。,確認時區（疑似 UTC+8）；確認授權（CWA）；確認 qc 與 realtime 時間範圍
歷史品管、即時海氣象水文觀測資料\CWA\蘭嶼資料浮標\realtime\2025.csv,歷史品管與即時海氣象水文觀測資料（CWA）,.csv,588911,2026-09-17T18:53:59+08:00,CSV,utf-8-sig,測站編號; 時間; 陣風_風速; 風速; 風向; 氣壓; 氣溫; 海面溫度; 示性波高; 平均週期; 波向; 波浪尖峰週期; 流速; 分層流速{深度:流速}; 流向,中心經度; 中心緯度,,時間,2025–2025,5514,CWA,需確認各提供者授權條件,高（涉及安全決策風險）,live_or_time_series_candidate,時序工具候選,CWA realtime（即時） 資料。研究統計優先使用 qc 品管版本。不可列為 document_rag_candidate。歷史資料僅可回答歷史描述，不可提供當日下水安全判定。,確認時區（疑似 UTC+8）；確認授權（CWA）；確認 qc 與 realtime 時間範圍
歷史品管、即時海氣象水文觀測資料\CWA\長潭里潮位站\LonLat.csv,歷史品管與即時海氣象水文觀測資料（CWA）,.csv,50,2026-09-17T18:53:59+08:00,CSV,utf-8-sig,CenterLongitude; CenterLatitude,CenterLongitude; CenterLatitude,,,,2,CWA,需確認各提供者授權條件,高（涉及安全決策風險）,live_or_time_series_candidate,時序工具候選,CWA 座標或後設 資料。研究統計優先使用 qc 品管版本。不可列為 document_rag_candidate。歷史資料僅可回答歷史描述，不可提供當日下水安全判定。,確認時區（疑似 UTC+8）；確認授權（CWA）；確認 qc 與 realtime 時間範圍
歷史品管、即時海氣象水文觀測資料\CWA\長潭里潮位站\realtime\2023.csv,歷史品管與即時海氣象水文觀測資料（CWA）,.csv,716140,2026-09-17T18:53:59+08:00,CSV,utf-8-sig,測站編號; 時間; 陣風_風速; 風速; 風向; 氣壓; 氣溫; 海面溫度; 示性波高; 平均週期; 波向; 波浪尖峰週期; 流速; 分層流速{深度:流速}; 流向,中心經度; 中心緯度,,時間,2023–2023,6892,CWA,需確認各提供者授權條件,高（涉及安全決策風險）,live_or_time_series_candidate,時序工具候選,CWA realtime（即時） 資料。研究統計優先使用 qc 品管版本。不可列為 document_rag_candidate。歷史資料僅可回答歷史描述，不可提供當日下水安全判定。,確認時區（疑似 UTC+8）；確認授權（CWA）；確認 qc 與 realtime 時間範圍
歷史品管、即時海氣象水文觀測資料\CWA\長潭里潮位站\realtime\2024.csv,歷史品管與即時海氣象水文觀測資料（CWA）,.csv,679344,2026-09-17T18:53:59+08:00,CSV,utf-8-sig,測站編號; 時間; 陣風_風速; 風速; 風向; 氣壓; 氣溫; 海面溫度; 示性波高; 平均週期; 波向; 波浪尖峰週期; 流速; 分層流速{深度:流速}; 流向,中心經度; 中心緯度,,時間,2024–2024,6532,CWA,需確認各提供者授權條件,高（涉及安全決策風險）,live_or_time_series_candidate,時序工具候選,CWA realtime（即時） 資料。研究統計優先使用 qc 品管版本。不可列為 document_rag_candidate。歷史資料僅可回答歷史描述，不可提供當日下水安全判定。,確認時區（疑似 UTC+8）；確認授權（CWA）；確認 qc 與 realtime 時間範圍
歷史品管、即時海氣象水文觀測資料\CWA\長潭里潮位站\realtime\2025.csv,歷史品管與即時海氣象水文觀測資料（CWA）,.csv,711775,2026-09-17T18:53:59+08:00,CSV,utf-8-sig,測站編號; 時間; 陣風_風速; 風速; 風向; 氣壓; 氣溫; 海面溫度; 示性波高; 平均週期; 波向; 波浪尖峰週期; 流速; 分層流速{深度:流速}; 流向,中心經度; 中心緯度,,時間,2025–2025,6804,CWA,需確認各提供者授權條件,高（涉及安全決策風險）,live_or_time_series_candidate,時序工具候選,CWA realtime（即時） 資料。研究統計優先使用 qc 品管版本。不可列為 document_rag_candidate。歷史資料僅可回答歷史描述，不可提供當日下水安全判定。,確認時區（疑似 UTC+8）；確認授權（CWA）；確認 qc 與 realtime 時間範圍
歷史品管、即時海氣象水文觀測資料\CWA\馬祖潮位站\LonLat.csv,歷史品管與即時海氣象水文觀測資料（CWA）,.csv,48,2026-09-17T18:53:59+08:00,CSV,utf-8-sig,CenterLongitude; CenterLatitude,CenterLongitude; CenterLatitude,,,,2,CWA,需確認各提供者授權條件,高（涉及安全決策風險）,live_or_time_series_candidate,時序工具候選,CWA 座標或後設 資料。研究統計優先使用 qc 品管版本。不可列為 document_rag_candidate。歷史資料僅可回答歷史描述，不可提供當日下水安全判定。,確認時區（疑似 UTC+8）；確認授權（CWA）；確認 qc 與 realtime 時間範圍
歷史品管、即時海氣象水文觀測資料\CWA\馬祖潮位站\realtime\2023.csv,歷史品管與即時海氣象水文觀測資料（CWA）,.csv,588664,2026-09-17T18:53:59+08:00,CSV,utf-8-sig,測站編號; 時間; 陣風_風速; 風速; 風向; 氣壓; 氣溫; 海面溫度; 示性波高; 平均週期; 波向; 波浪尖峰週期; 流速; 分層流速{深度:流速}; 流向,中心經度; 中心緯度,,時間,2023–2023,6282,CWA,需確認各提供者授權條件,高（涉及安全決策風險）,live_or_time_series_candidate,時序工具候選,CWA realtime（即時） 資料。研究統計優先使用 qc 品管版本。不可列為 document_rag_candidate。歷史資料僅可回答歷史描述，不可提供當日下水安全判定。,確認時區（疑似 UTC+8）；確認授權（CWA）；確認 qc 與 realtime 時間範圍
歷史品管、即時海氣象水文觀測資料\CWA\馬祖潮位站\realtime\2024.csv,歷史品管與即時海氣象水文觀測資料（CWA）,.csv,585666,2026-09-17T18:53:59+08:00,CSV,utf-8-sig,測站編號; 時間; 陣風_風速; 風速; 風向; 氣壓; 氣溫; 海面溫度; 示性波高; 平均週期; 波向; 波浪尖峰週期; 流速; 分層流速{深度:流速}; 流向,中心經度; 中心緯度,,時間,2024–2024,6257,CWA,需確認各提供者授權條件,高（涉及安全決策風險）,live_or_time_series_candidate,時序工具候選,CWA realtime（即時） 資料。研究統計優先使用 qc 品管版本。不可列為 document_rag_candidate。歷史資料僅可回答歷史描述，不可提供當日下水安全判定。,確認時區（疑似 UTC+8）；確認授權（CWA）；確認 qc 與 realtime 時間範圍
歷史品管、即時海氣象水文觀測資料\CWA\馬祖潮位站\realtime\2025.csv,歷史品管與即時海氣象水文觀測資料（CWA）,.csv,580777,2026-09-17T18:53:59+08:00,CSV,utf-8-sig,測站編號; 時間; 陣風_風速; 風速; 風向; 氣壓; 氣溫; 海面溫度; 示性波高; 平均週期; 波向; 波浪尖峰週期; 流速; 分層流速{深度:流速}; 流向,中心經度; 中心緯度,,時間,2025–2025,6185,CWA,需確認各提供者授權條件,高（涉及安全決策風險）,live_or_time_series_candidate,時序工具候選,CWA realtime（即時） 資料。研究統計優先使用 qc 品管版本。不可列為 document_rag_candidate。歷史資料僅可回答歷史描述，不可提供當日下水安全判定。,確認時區（疑似 UTC+8）；確認授權（CWA）；確認 qc 與 realtime 時間範圍
歷史品管、即時海氣象水文觀測資料\CWA\馬祖資料浮標\LonLat.csv,歷史品管與即時海氣象水文觀測資料（CWA）,.csv,48,2026-09-17T18:53:59+08:00,CSV,utf-8-sig,CenterLongitude; CenterLatitude,CenterLongitude; CenterLatitude,,,,2,CWA,需確認各提供者授權條件,高（涉及安全決策風險）,live_or_time_series_candidate,時序工具候選,CWA 座標或後設 資料。研究統計優先使用 qc 品管版本。不可列為 document_rag_candidate。歷史資料僅可回答歷史描述，不可提供當日下水安全判定。,確認時區（疑似 UTC+8）；確認授權（CWA）；確認 qc 與 realtime 時間範圍
歷史品管、即時海氣象水文觀測資料\CWA\馬祖資料浮標\qc\2023.csv,歷史品管與即時海氣象水文觀測資料（CWA）,.csv,821648,2026-09-17T18:53:59+08:00,CSV,utf-8-sig,測站編號; 時間; 陣風_風速; 風速; 風向; 氣壓; 氣溫; 海面溫度; 示性波高; 平均週期; 波向; 波浪尖峰週期; 流速; 分層流速{深度:流速}; 流向,中心經度; 中心緯度,,時間,2023–2023,7163,CWA,需確認各提供者授權條件,高（涉及安全決策風險）,live_or_time_series_candidate,時序工具候選,CWA qc（品管歷史） 資料。研究統計優先使用 qc 品管版本。不可列為 document_rag_candidate。歷史資料僅可回答歷史描述，不可提供當日下水安全判定。,確認時區（疑似 UTC+8）；確認授權（CWA）；確認 qc 與 realtime 時間範圍
歷史品管、即時海氣象水文觀測資料\CWA\馬祖資料浮標\qc\2024.csv,歷史品管與即時海氣象水文觀測資料（CWA）,.csv,854722,2026-09-17T18:54:00+08:00,CSV,utf-8-sig,測站編號; 時間; 陣風_風速; 風速; 風向; 氣壓; 氣溫; 海面溫度; 示性波高; 平均週期; 波向; 波浪尖峰週期; 流速; 分層流速{深度:流速}; 流向,中心經度; 中心緯度,,時間,2024–2024,7584,CWA,需確認各提供者授權條件,高（涉及安全決策風險）,live_or_time_series_candidate,時序工具候選,CWA qc（品管歷史） 資料。研究統計優先使用 qc 品管版本。不可列為 document_rag_candidate。歷史資料僅可回答歷史描述，不可提供當日下水安全判定。,確認時區（疑似 UTC+8）；確認授權（CWA）；確認 qc 與 realtime 時間範圍
歷史品管、即時海氣象水文觀測資料\CWA\馬祖資料浮標\qc\2025.csv,歷史品管與即時海氣象水文觀測資料（CWA）,.csv,544282,2026-09-17T18:54:00+08:00,CSV,utf-8-sig,測站編號; 時間; 陣風_風速; 風速; 風向; 氣壓; 氣溫; 海面溫度; 示性波高; 平均週期; 波向; 波浪尖峰週期; 流速; 分層流速{深度:流速}; 流向,中心經度; 中心緯度,,時間,2025–2025,6014,CWA,需確認各提供者授權條件,高（涉及安全決策風險）,live_or_time_series_candidate,時序工具候選,CWA qc（品管歷史） 資料。研究統計優先使用 qc 品管版本。不可列為 document_rag_candidate。歷史資料僅可回答歷史描述，不可提供當日下水安全判定。,確認時區（疑似 UTC+8）；確認授權（CWA）；確認 qc 與 realtime 時間範圍
歷史品管、即時海氣象水文觀測資料\CWA\馬祖資料浮標\realtime\2023.csv,歷史品管與即時海氣象水文觀測資料（CWA）,.csv,782058,2026-09-17T18:54:00+08:00,CSV,utf-8-sig,測站編號; 時間; 陣風_風速; 風速; 風向; 氣壓; 氣溫; 海面溫度; 示性波高; 平均週期; 波向; 波浪尖峰週期; 流速; 分層流速{深度:流速}; 流向,中心經度; 中心緯度,,時間,2023–2023,6995,CWA,需確認各提供者授權條件,高（涉及安全決策風險）,live_or_time_series_candidate,時序工具候選,CWA realtime（即時） 資料。研究統計優先使用 qc 品管版本。不可列為 document_rag_candidate。歷史資料僅可回答歷史描述，不可提供當日下水安全判定。,確認時區（疑似 UTC+8）；確認授權（CWA）；確認 qc 與 realtime 時間範圍
歷史品管、即時海氣象水文觀測資料\CWA\馬祖資料浮標\realtime\2024.csv,歷史品管與即時海氣象水文觀測資料（CWA）,.csv,776704,2026-09-17T18:54:00+08:00,CSV,utf-8-sig,測站編號; 時間; 陣風_風速; 風速; 風向; 氣壓; 氣溫; 海面溫度; 示性波高; 平均週期; 波向; 波浪尖峰週期; 流速; 分層流速{深度:流速}; 流向,中心經度; 中心緯度,,時間,2024–2024,7238,CWA,需確認各提供者授權條件,高（涉及安全決策風險）,live_or_time_series_candidate,時序工具候選,CWA realtime（即時） 資料。研究統計優先使用 qc 品管版本。不可列為 document_rag_candidate。歷史資料僅可回答歷史描述，不可提供當日下水安全判定。,確認時區（疑似 UTC+8）；確認授權（CWA）；確認 qc 與 realtime 時間範圍
歷史品管、即時海氣象水文觀測資料\CWA\馬祖資料浮標\realtime\2025.csv,歷史品管與即時海氣象水文觀測資料（CWA）,.csv,800297,2026-09-17T18:54:00+08:00,CSV,utf-8-sig,測站編號; 時間; 陣風_風速; 風速; 風向; 氣壓; 氣溫; 海面溫度; 示性波高; 平均週期; 波向; 波浪尖峰週期; 流速; 分層流速{深度:流速}; 流向,中心經度; 中心緯度,,時間,2025–2025,7242,CWA,需確認各提供者授權條件,高（涉及安全決策風險）,live_or_time_series_candidate,時序工具候選,CWA realtime（即時） 資料。研究統計優先使用 qc 品管版本。不可列為 document_rag_candidate。歷史資料僅可回答歷史描述，不可提供當日下水安全判定。,確認時區（疑似 UTC+8）；確認授權（CWA）；確認 qc 與 realtime 時間範圍
歷史品管、即時海氣象水文觀測資料\CWA\高雄潮位站\LonLat.csv,歷史品管與即時海氣象水文觀測資料（CWA）,.csv,48,2026-09-17T18:54:00+08:00,CSV,utf-8-sig,CenterLongitude; CenterLatitude,CenterLongitude; CenterLatitude,,,,2,CWA,需確認各提供者授權條件,高（涉及安全決策風險）,live_or_time_series_candidate,時序工具候選,CWA 座標或後設 資料。研究統計優先使用 qc 品管版本。不可列為 document_rag_candidate。歷史資料僅可回答歷史描述，不可提供當日下水安全判定。,確認時區（疑似 UTC+8）；確認授權（CWA）；確認 qc 與 realtime 時間範圍
歷史品管、即時海氣象水文觀測資料\CWA\高雄潮位站\realtime\2023.csv,歷史品管與即時海氣象水文觀測資料（CWA）,.csv,584771,2026-09-17T18:54:00+08:00,CSV,utf-8-sig,測站編號; 時間; 陣風_風速; 風速; 風向; 氣壓; 氣溫; 海面溫度; 示性波高; 平均週期; 波向; 波浪尖峰週期; 流速; 分層流速{深度:流速}; 流向,中心經度; 中心緯度,,時間,2023–2023,6254,CWA,需確認各提供者授權條件,高（涉及安全決策風險）,live_or_time_series_candidate,時序工具候選,CWA realtime（即時） 資料。研究統計優先使用 qc 品管版本。不可列為 document_rag_candidate。歷史資料僅可回答歷史描述，不可提供當日下水安全判定。,確認時區（疑似 UTC+8）；確認授權（CWA）；確認 qc 與 realtime 時間範圍
歷史品管、即時海氣象水文觀測資料\CWA\高雄潮位站\realtime\2024.csv,歷史品管與即時海氣象水文觀測資料（CWA）,.csv,576435,2026-09-17T18:54:00+08:00,CSV,utf-8-sig,測站編號; 時間; 陣風_風速; 風速; 風向; 氣壓; 氣溫; 海面溫度; 示性波高; 平均週期; 波向; 波浪尖峰週期; 流速; 分層流速{深度:流速}; 流向,中心經度; 中心緯度,,時間,2024–2024,6158,CWA,需確認各提供者授權條件,高（涉及安全決策風險）,live_or_time_series_candidate,時序工具候選,CWA realtime（即時） 資料。研究統計優先使用 qc 品管版本。不可列為 document_rag_candidate。歷史資料僅可回答歷史描述，不可提供當日下水安全判定。,確認時區（疑似 UTC+8）；確認授權（CWA）；確認 qc 與 realtime 時間範圍
歷史品管、即時海氣象水文觀測資料\CWA\高雄潮位站\realtime\2025.csv,歷史品管與即時海氣象水文觀測資料（CWA）,.csv,550951,2026-09-17T18:54:00+08:00,CSV,utf-8-sig,測站編號; 時間; 陣風_風速; 風速; 風向; 氣壓; 氣溫; 海面溫度; 示性波高; 平均週期; 波向; 波浪尖峰週期; 流速; 分層流速{深度:流速}; 流向,中心經度; 中心緯度,,時間,2025–2025,5873,CWA,需確認各提供者授權條件,高（涉及安全決策風險）,live_or_time_series_candidate,時序工具候選,CWA realtime（即時） 資料。研究統計優先使用 qc 品管版本。不可列為 document_rag_candidate。歷史資料僅可回答歷史描述，不可提供當日下水安全判定。,確認時區（疑似 UTC+8）；確認授權（CWA）；確認 qc 與 realtime 時間範圍
歷史品管、即時海氣象水文觀測資料\CWA\鹿港潮位站\LonLat.csv,歷史品管與即時海氣象水文觀測資料（CWA）,.csv,48,2026-09-17T18:54:00+08:00,CSV,utf-8-sig,CenterLongitude; CenterLatitude,CenterLongitude; CenterLatitude,,,,2,CWA,需確認各提供者授權條件,高（涉及安全決策風險）,live_or_time_series_candidate,時序工具候選,CWA 座標或後設 資料。研究統計優先使用 qc 品管版本。不可列為 document_rag_candidate。歷史資料僅可回答歷史描述，不可提供當日下水安全判定。,確認時區（疑似 UTC+8）；確認授權（CWA）；確認 qc 與 realtime 時間範圍
歷史品管、即時海氣象水文觀測資料\CWA\麟山鼻潮位站\LonLat.csv,歷史品管與即時海氣象水文觀測資料（CWA）,.csv,48,2026-09-17T18:54:00+08:00,CSV,utf-8-sig,CenterLongitude; CenterLatitude,CenterLongitude; CenterLatitude,,,,2,CWA,需確認各提供者授權條件,高（涉及安全決策風險）,live_or_time_series_candidate,時序工具候選,CWA 座標或後設 資料。研究統計優先使用 qc 品管版本。不可列為 document_rag_candidate。歷史資料僅可回答歷史描述，不可提供當日下水安全判定。,確認時區（疑似 UTC+8）；確認授權（CWA）；確認 qc 與 realtime 時間範圍
歷史品管、即時海氣象水文觀測資料\CWA\麟山鼻潮位站\qc\2023.csv,歷史品管與即時海氣象水文觀測資料（CWA）,.csv,5960492,2026-09-17T18:54:00+08:00,CSV,utf-8-sig,測站編號; 時間; 陣風_風速; 風速; 風向; 氣壓; 氣溫; 海面溫度; 示性波高; 平均週期; 波向; 波浪尖峰週期; 流速; 分層流速{深度:流速}; 流向,中心經度; 中心緯度,,時間,2023–2023,63816,CWA,需確認各提供者授權條件,高（涉及安全決策風險）,live_or_time_series_candidate,時序工具候選,CWA qc（品管歷史） 資料。研究統計優先使用 qc 品管版本。不可列為 document_rag_candidate。歷史資料僅可回答歷史描述，不可提供當日下水安全判定。,確認時區（疑似 UTC+8）；確認授權（CWA）；確認 qc 與 realtime 時間範圍
歷史品管、即時海氣象水文觀測資料\CWA\麟山鼻潮位站\qc\2024.csv,歷史品管與即時海氣象水文觀測資料（CWA）,.csv,5828718,2026-09-17T18:54:00+08:00,CSV,utf-8-sig,測站編號; 時間; 陣風_風速; 風速; 風向; 氣壓; 氣溫; 海面溫度; 示性波高; 平均週期; 波向; 波浪尖峰週期; 流速; 分層流速{深度:流速}; 流向,中心經度; 中心緯度,,時間,2024–2024,61941,CWA,需確認各提供者授權條件,高（涉及安全決策風險）,live_or_time_series_candidate,時序工具候選,CWA qc（品管歷史） 資料。研究統計優先使用 qc 品管版本。不可列為 document_rag_candidate。歷史資料僅可回答歷史描述，不可提供當日下水安全判定。,確認時區（疑似 UTC+8）；確認授權（CWA）；確認 qc 與 realtime 時間範圍
歷史品管、即時海氣象水文觀測資料\CWA\麟山鼻潮位站\qc\2025.csv,歷史品管與即時海氣象水文觀測資料（CWA）,.csv,5874645,2026-09-17T18:54:00+08:00,CSV,utf-8-sig,測站編號; 時間; 陣風_風速; 風速; 風向; 氣壓; 氣溫; 海面溫度; 示性波高; 平均週期; 波向; 波浪尖峰週期; 流速; 分層流速{深度:流速}; 流向,中心經度; 中心緯度,,時間,2025–2025,63236,CWA,需確認各提供者授權條件,高（涉及安全決策風險）,live_or_time_series_candidate,時序工具候選,CWA qc（品管歷史） 資料。研究統計優先使用 qc 品管版本。不可列為 document_rag_candidate。歷史資料僅可回答歷史描述，不可提供當日下水安全判定。,確認時區（疑似 UTC+8）；確認授權（CWA）；確認 qc 與 realtime 時間範圍
歷史品管、即時海氣象水文觀測資料\CWA\麟山鼻潮位站\realtime\2023.csv,歷史品管與即時海氣象水文觀測資料（CWA）,.csv,639028,2026-09-17T18:54:00+08:00,CSV,utf-8-sig,測站編號; 時間; 陣風_風速; 風速; 風向; 氣壓; 氣溫; 海面溫度; 示性波高; 平均週期; 波向; 波浪尖峰週期; 流速; 分層流速{深度:流速}; 流向,中心經度; 中心緯度,,時間,2023–2023,6581,CWA,需確認各提供者授權條件,高（涉及安全決策風險）,live_or_time_series_candidate,時序工具候選,CWA realtime（即時） 資料。研究統計優先使用 qc 品管版本。不可列為 document_rag_candidate。歷史資料僅可回答歷史描述，不可提供當日下水安全判定。,確認時區（疑似 UTC+8）；確認授權（CWA）；確認 qc 與 realtime 時間範圍
歷史品管、即時海氣象水文觀測資料\CWA\麟山鼻潮位站\realtime\2024.csv,歷史品管與即時海氣象水文觀測資料（CWA）,.csv,628485,2026-09-17T18:54:00+08:00,CSV,utf-8-sig,測站編號; 時間; 陣風_風速; 風速; 風向; 氣壓; 氣溫; 海面溫度; 示性波高; 平均週期; 波向; 波浪尖峰週期; 流速; 分層流速{深度:流速}; 流向,中心經度; 中心緯度,,時間,2024–2024,6432,CWA,需確認各提供者授權條件,高（涉及安全決策風險）,live_or_time_series_candidate,時序工具候選,CWA realtime（即時） 資料。研究統計優先使用 qc 品管版本。不可列為 document_rag_candidate。歷史資料僅可回答歷史描述，不可提供當日下水安全判定。,確認時區（疑似 UTC+8）；確認授權（CWA）；確認 qc 與 realtime 時間範圍
歷史品管、即時海氣象水文觀測資料\CWA\麟山鼻潮位站\realtime\2025.csv,歷史品管與即時海氣象水文觀測資料（CWA）,.csv,636079,2026-09-17T18:54:00+08:00,CSV,utf-8-sig,測站編號; 時間; 陣風_風速; 風速; 風向; 氣壓; 氣溫; 海面溫度; 示性波高; 平均週期; 波向; 波浪尖峰週期; 流速; 分層流速{深度:流速}; 流向,中心經度; 中心緯度,,時間,2025–2025,6523,CWA,需確認各提供者授權條件,高（涉及安全決策風險）,live_or_time_series_candidate,時序工具候選,CWA realtime（即時） 資料。研究統計優先使用 qc 品管版本。不可列為 document_rag_candidate。歷史資料僅可回答歷史描述，不可提供當日下水安全判定。,確認時區（疑似 UTC+8）；確認授權（CWA）；確認 qc 與 realtime 時間範圍
歷史品管、即時海氣象水文觀測資料\CWA\龍洞潮位站\LonLat.csv,歷史品管與即時海氣象水文觀測資料（CWA）,.csv,48,2026-09-17T18:54:00+08:00,CSV,utf-8-sig,CenterLongitude; CenterLatitude,CenterLongitude; CenterLatitude,,,,2,CWA,需確認各提供者授權條件,高（涉及安全決策風險）,live_or_time_series_candidate,時序工具候選,CWA 座標或後設 資料。研究統計優先使用 qc 品管版本。不可列為 document_rag_candidate。歷史資料僅可回答歷史描述，不可提供當日下水安全判定。,確認時區（疑似 UTC+8）；確認授權（CWA）；確認 qc 與 realtime 時間範圍
歷史品管、即時海氣象水文觀測資料\CWA\龍洞潮位站\qc\2023.csv,歷史品管與即時海氣象水文觀測資料（CWA）,.csv,5934365,2026-09-17T18:54:00+08:00,CSV,utf-8-sig,測站編號; 時間; 陣風_風速; 風速; 風向; 氣壓; 氣溫; 海面溫度; 示性波高; 平均週期; 波向; 波浪尖峰週期; 流速; 分層流速{深度:流速}; 流向,中心經度; 中心緯度,,時間,2023–2023,62532,CWA,需確認各提供者授權條件,高（涉及安全決策風險）,live_or_time_series_candidate,時序工具候選,CWA qc（品管歷史） 資料。研究統計優先使用 qc 品管版本。不可列為 document_rag_candidate。歷史資料僅可回答歷史描述，不可提供當日下水安全判定。,確認時區（疑似 UTC+8）；確認授權（CWA）；確認 qc 與 realtime 時間範圍
歷史品管、即時海氣象水文觀測資料\CWA\龍洞潮位站\qc\2024.csv,歷史品管與即時海氣象水文觀測資料（CWA）,.csv,5855840,2026-09-17T18:54:00+08:00,CSV,utf-8-sig,測站編號; 時間; 陣風_風速; 風速; 風向; 氣壓; 氣溫; 海面溫度; 示性波高; 平均週期; 波向; 波浪尖峰週期; 流速; 分層流速{深度:流速}; 流向,中心經度; 中心緯度,,時間,2024–2024,61835,CWA,需確認各提供者授權條件,高（涉及安全決策風險）,live_or_time_series_candidate,時序工具候選,CWA qc（品管歷史） 資料。研究統計優先使用 qc 品管版本。不可列為 document_rag_candidate。歷史資料僅可回答歷史描述，不可提供當日下水安全判定。,確認時區（疑似 UTC+8）；確認授權（CWA）；確認 qc 與 realtime 時間範圍
歷史品管、即時海氣象水文觀測資料\CWA\龍洞潮位站\qc\2025.csv,歷史品管與即時海氣象水文觀測資料（CWA）,.csv,5856057,2026-09-17T18:54:00+08:00,CSV,utf-8-sig,測站編號; 時間; 陣風_風速; 風速; 風向; 氣壓; 氣溫; 海面溫度; 示性波高; 平均週期; 波向; 波浪尖峰週期; 流速; 分層流速{深度:流速}; 流向,中心經度; 中心緯度,,時間,2025–2025,62166,CWA,需確認各提供者授權條件,高（涉及安全決策風險）,live_or_time_series_candidate,時序工具候選,CWA qc（品管歷史） 資料。研究統計優先使用 qc 品管版本。不可列為 document_rag_candidate。歷史資料僅可回答歷史描述，不可提供當日下水安全判定。,確認時區（疑似 UTC+8）；確認授權（CWA）；確認 qc 與 realtime 時間範圍
歷史品管、即時海氣象水文觀測資料\CWA\龍洞潮位站\realtime\2023.csv,歷史品管與即時海氣象水文觀測資料（CWA）,.csv,718142,2026-09-17T18:54:00+08:00,CSV,utf-8-sig,測站編號; 時間; 陣風_風速; 風速; 風向; 氣壓; 氣溫; 海面溫度; 示性波高; 平均週期; 波向; 波浪尖峰週期; 流速; 分層流速{深度:流速}; 流向,中心經度; 中心緯度,,時間,2023–2023,6859,CWA,需確認各提供者授權條件,高（涉及安全決策風險）,live_or_time_series_candidate,時序工具候選,CWA realtime（即時） 資料。研究統計優先使用 qc 品管版本。不可列為 document_rag_candidate。歷史資料僅可回答歷史描述，不可提供當日下水安全判定。,確認時區（疑似 UTC+8）；確認授權（CWA）；確認 qc 與 realtime 時間範圍
歷史品管、即時海氣象水文觀測資料\CWA\龍洞潮位站\realtime\2024.csv,歷史品管與即時海氣象水文觀測資料（CWA）,.csv,711777,2026-09-17T18:54:00+08:00,CSV,utf-8-sig,測站編號; 時間; 陣風_風速; 風速; 風向; 氣壓; 氣溫; 海面溫度; 示性波高; 平均週期; 波向; 波浪尖峰週期; 流速; 分層流速{深度:流速}; 流向,中心經度; 中心緯度,,時間,2024–2024,6830,CWA,需確認各提供者授權條件,高（涉及安全決策風險）,live_or_time_series_candidate,時序工具候選,CWA realtime（即時） 資料。研究統計優先使用 qc 品管版本。不可列為 document_rag_candidate。歷史資料僅可回答歷史描述，不可提供當日下水安全判定。,確認時區（疑似 UTC+8）；確認授權（CWA）；確認 qc 與 realtime 時間範圍
歷史品管、即時海氣象水文觀測資料\CWA\龍洞潮位站\realtime\2025.csv,歷史品管與即時海氣象水文觀測資料（CWA）,.csv,714928,2026-09-17T18:54:00+08:00,CSV,utf-8-sig,測站編號; 時間; 陣風_風速; 風速; 風向; 氣壓; 氣溫; 海面溫度; 示性波高; 平均週期; 波向; 波浪尖峰週期; 流速; 分層流速{深度:流速}; 流向,中心經度; 中心緯度,,時間,2025–2025,6867,CWA,需確認各提供者授權條件,高（涉及安全決策風險）,live_or_time_series_candidate,時序工具候選,CWA realtime（即時） 資料。研究統計優先使用 qc 品管版本。不可列為 document_rag_candidate。歷史資料僅可回答歷史描述，不可提供當日下水安全判定。,確認時區（疑似 UTC+8）；確認授權（CWA）；確認 qc 與 realtime 時間範圍
歷史品管、即時海氣象水文觀測資料\CWA\龍洞資料浮標\LonLat.csv,歷史品管與即時海氣象水文觀測資料（CWA）,.csv,48,2026-09-17T18:54:00+08:00,CSV,utf-8-sig,CenterLongitude; CenterLatitude,CenterLongitude; CenterLatitude,,,,2,CWA,需確認各提供者授權條件,高（涉及安全決策風險）,live_or_time_series_candidate,時序工具候選,CWA 座標或後設 資料。研究統計優先使用 qc 品管版本。不可列為 document_rag_candidate。歷史資料僅可回答歷史描述，不可提供當日下水安全判定。,確認時區（疑似 UTC+8）；確認授權（CWA）；確認 qc 與 realtime 時間範圍
歷史品管、即時海氣象水文觀測資料\CWA\龍洞資料浮標\qc\2023.csv,歷史品管與即時海氣象水文觀測資料（CWA）,.csv,836740,2026-09-17T18:54:00+08:00,CSV,utf-8-sig,測站編號; 時間; 陣風_風速; 風速; 風向; 氣壓; 氣溫; 海面溫度; 示性波高; 平均週期; 波向; 波浪尖峰週期; 流速; 分層流速{深度:流速}; 流向,中心經度; 中心緯度,,時間,2023–2023,8661,CWA,需確認各提供者授權條件,高（涉及安全決策風險）,live_or_time_series_candidate,時序工具候選,CWA qc（品管歷史） 資料。研究統計優先使用 qc 品管版本。不可列為 document_rag_candidate。歷史資料僅可回答歷史描述，不可提供當日下水安全判定。,確認時區（疑似 UTC+8）；確認授權（CWA）；確認 qc 與 realtime 時間範圍
歷史品管、即時海氣象水文觀測資料\CWA\龍洞資料浮標\qc\2024.csv,歷史品管與即時海氣象水文觀測資料（CWA）,.csv,871455,2026-09-17T18:54:00+08:00,CSV,utf-8-sig,測站編號; 時間; 陣風_風速; 風速; 風向; 氣壓; 氣溫; 海面溫度; 示性波高; 平均週期; 波向; 波浪尖峰週期; 流速; 分層流速{深度:流速}; 流向,中心經度; 中心緯度,,時間,2024–2024,7538,CWA,需確認各提供者授權條件,高（涉及安全決策風險）,live_or_time_series_candidate,時序工具候選,CWA qc（品管歷史） 資料。研究統計優先使用 qc 品管版本。不可列為 document_rag_candidate。歷史資料僅可回答歷史描述，不可提供當日下水安全判定。,確認時區（疑似 UTC+8）；確認授權（CWA）；確認 qc 與 realtime 時間範圍
歷史品管、即時海氣象水文觀測資料\CWA\龍洞資料浮標\qc\2025.csv,歷史品管與即時海氣象水文觀測資料（CWA）,.csv,362961,2026-09-17T18:54:00+08:00,CSV,utf-8-sig,測站編號; 時間; 陣風_風速; 風速; 風向; 氣壓; 氣溫; 海面溫度; 示性波高; 平均週期; 波向; 波浪尖峰週期; 流速; 分層流速{深度:流速}; 流向,中心經度; 中心緯度,,時間,2025–2025,3971,CWA,需確認各提供者授權條件,高（涉及安全決策風險）,live_or_time_series_candidate,時序工具候選,CWA qc（品管歷史） 資料。研究統計優先使用 qc 品管版本。不可列為 document_rag_candidate。歷史資料僅可回答歷史描述，不可提供當日下水安全判定。,確認時區（疑似 UTC+8）；確認授權（CWA）；確認 qc 與 realtime 時間範圍
歷史品管、即時海氣象水文觀測資料\CWA\龍洞資料浮標\realtime\2023.csv,歷史品管與即時海氣象水文觀測資料（CWA）,.csv,791208,2026-09-17T18:54:00+08:00,CSV,utf-8-sig,測站編號; 時間; 陣風_風速; 風速; 風向; 氣壓; 氣溫; 海面溫度; 示性波高; 平均週期; 波向; 波浪尖峰週期; 流速; 分層流速{深度:流速}; 流向,中心經度; 中心緯度,,時間,2023–2023,8328,CWA,需確認各提供者授權條件,高（涉及安全決策風險）,live_or_time_series_candidate,時序工具候選,CWA realtime（即時） 資料。研究統計優先使用 qc 品管版本。不可列為 document_rag_candidate。歷史資料僅可回答歷史描述，不可提供當日下水安全判定。,確認時區（疑似 UTC+8）；確認授權（CWA）；確認 qc 與 realtime 時間範圍
歷史品管、即時海氣象水文觀測資料\CWA\龍洞資料浮標\realtime\2024.csv,歷史品管與即時海氣象水文觀測資料（CWA）,.csv,804226,2026-09-17T18:54:00+08:00,CSV,utf-8-sig,測站編號; 時間; 陣風_風速; 風速; 風向; 氣壓; 氣溫; 海面溫度; 示性波高; 平均週期; 波向; 波浪尖峰週期; 流速; 分層流速{深度:流速}; 流向,中心經度; 中心緯度,,時間,2024–2024,7251,CWA,需確認各提供者授權條件,高（涉及安全決策風險）,live_or_time_series_candidate,時序工具候選,CWA realtime（即時） 資料。研究統計優先使用 qc 品管版本。不可列為 document_rag_candidate。歷史資料僅可回答歷史描述，不可提供當日下水安全判定。,確認時區（疑似 UTC+8）；確認授權（CWA）；確認 qc 與 realtime 時間範圍
歷史品管、即時海氣象水文觀測資料\CWA\龍洞資料浮標\realtime\2025.csv,歷史品管與即時海氣象水文觀測資料（CWA）,.csv,797714,2026-09-17T18:54:00+08:00,CSV,utf-8-sig,測站編號; 時間; 陣風_風速; 風速; 風向; 氣壓; 氣溫; 海面溫度; 示性波高; 平均週期; 波向; 波浪尖峰週期; 流速; 分層流速{深度:流速}; 流向,中心經度; 中心緯度,,時間,2025–2025,7206,CWA,需確認各提供者授權條件,高（涉及安全決策風險）,live_or_time_series_candidate,時序工具候選,CWA realtime（即時） 資料。研究統計優先使用 qc 品管版本。不可列為 document_rag_candidate。歷史資料僅可回答歷史描述，不可提供當日下水安全判定。,確認時區（疑似 UTC+8）；確認授權（CWA）；確認 qc 與 realtime 時間範圍
歷史品管、即時海氣象水文觀測資料\CWA\龜山島資料浮標\LonLat.csv,歷史品管與即時海氣象水文觀測資料（CWA）,.csv,48,2026-09-17T18:54:00+08:00,CSV,utf-8-sig,CenterLongitude; CenterLatitude,CenterLongitude; CenterLatitude,,,,2,CWA,需確認各提供者授權條件,高（涉及安全決策風險）,live_or_time_series_candidate,時序工具候選,CWA 座標或後設 資料。研究統計優先使用 qc 品管版本。不可列為 document_rag_candidate。歷史資料僅可回答歷史描述，不可提供當日下水安全判定。,確認時區（疑似 UTC+8）；確認授權（CWA）；確認 qc 與 realtime 時間範圍
歷史品管、即時海氣象水文觀測資料\CWA\龜山島資料浮標\qc\2023.csv,歷史品管與即時海氣象水文觀測資料（CWA）,.csv,842965,2026-09-17T18:54:00+08:00,CSV,utf-8-sig,測站編號; 時間; 陣風_風速; 風速; 風向; 氣壓; 氣溫; 海面溫度; 示性波高; 平均週期; 波向; 波浪尖峰週期; 流速; 分層流速{深度:流速}; 流向,中心經度; 中心緯度,,時間,2023–2023,7210,CWA,需確認各提供者授權條件,高（涉及安全決策風險）,live_or_time_series_candidate,時序工具候選,CWA qc（品管歷史） 資料。研究統計優先使用 qc 品管版本。不可列為 document_rag_candidate。歷史資料僅可回答歷史描述，不可提供當日下水安全判定。,確認時區（疑似 UTC+8）；確認授權（CWA）；確認 qc 與 realtime 時間範圍
歷史品管、即時海氣象水文觀測資料\CWA\龜山島資料浮標\qc\2024.csv,歷史品管與即時海氣象水文觀測資料（CWA）,.csv,739029,2026-09-17T18:54:00+08:00,CSV,utf-8-sig,測站編號; 時間; 陣風_風速; 風速; 風向; 氣壓; 氣溫; 海面溫度; 示性波高; 平均週期; 波向; 波浪尖峰週期; 流速; 分層流速{深度:流速}; 流向,中心經度; 中心緯度,,時間,2024–2024,6376,CWA,需確認各提供者授權條件,高（涉及安全決策風險）,live_or_time_series_candidate,時序工具候選,CWA qc（品管歷史） 資料。研究統計優先使用 qc 品管版本。不可列為 document_rag_candidate。歷史資料僅可回答歷史描述，不可提供當日下水安全判定。,確認時區（疑似 UTC+8）；確認授權（CWA）；確認 qc 與 realtime 時間範圍
歷史品管、即時海氣象水文觀測資料\CWA\龜山島資料浮標\qc\2025.csv,歷史品管與即時海氣象水文觀測資料（CWA）,.csv,469711,2026-09-17T18:54:00+08:00,CSV,utf-8-sig,測站編號; 時間; 陣風_風速; 風速; 風向; 氣壓; 氣溫; 海面溫度; 示性波高; 平均週期; 波向; 波浪尖峰週期; 流速; 分層流速{深度:流速}; 流向,中心經度; 中心緯度,,時間,2025–2025,5139,CWA,需確認各提供者授權條件,高（涉及安全決策風險）,live_or_time_series_candidate,時序工具候選,CWA qc（品管歷史） 資料。研究統計優先使用 qc 品管版本。不可列為 document_rag_candidate。歷史資料僅可回答歷史描述，不可提供當日下水安全判定。,確認時區（疑似 UTC+8）；確認授權（CWA）；確認 qc 與 realtime 時間範圍
歷史品管、即時海氣象水文觀測資料\CWA\龜山島資料浮標\realtime\2023.csv,歷史品管與即時海氣象水文觀測資料（CWA）,.csv,797263,2026-09-17T18:54:00+08:00,CSV,utf-8-sig,測站編號; 時間; 陣風_風速; 風速; 風向; 氣壓; 氣溫; 海面溫度; 示性波高; 平均週期; 波向; 波浪尖峰週期; 流速; 分層流速{深度:流速}; 流向,中心經度; 中心緯度,,時間,2023–2023,7131,CWA,需確認各提供者授權條件,高（涉及安全決策風險）,live_or_time_series_candidate,時序工具候選,CWA realtime（即時） 資料。研究統計優先使用 qc 品管版本。不可列為 document_rag_candidate。歷史資料僅可回答歷史描述，不可提供當日下水安全判定。,確認時區（疑似 UTC+8）；確認授權（CWA）；確認 qc 與 realtime 時間範圍
歷史品管、即時海氣象水文觀測資料\CWA\龜山島資料浮標\realtime\2024.csv,歷史品管與即時海氣象水文觀測資料（CWA）,.csv,664660,2026-09-17T18:54:00+08:00,CSV,utf-8-sig,測站編號; 時間; 陣風_風速; 風速; 風向; 氣壓; 氣溫; 海面溫度; 示性波高; 平均週期; 波向; 波浪尖峰週期; 流速; 分層流速{深度:流速}; 流向,中心經度; 中心緯度,,時間,2024–2024,5993,CWA,需確認各提供者授權條件,高（涉及安全決策風險）,live_or_time_series_candidate,時序工具候選,CWA realtime（即時） 資料。研究統計優先使用 qc 品管版本。不可列為 document_rag_candidate。歷史資料僅可回答歷史描述，不可提供當日下水安全判定。,確認時區（疑似 UTC+8）；確認授權（CWA）；確認 qc 與 realtime 時間範圍
歷史品管、即時海氣象水文觀測資料\CWA\龜山島資料浮標\realtime\2025.csv,歷史品管與即時海氣象水文觀測資料（CWA）,.csv,686770,2026-09-17T18:54:00+08:00,CSV,utf-8-sig,測站編號; 時間; 陣風_風速; 風速; 風向; 氣壓; 氣溫; 海面溫度; 示性波高; 平均週期; 波向; 波浪尖峰週期; 流速; 分層流速{深度:流速}; 流向,中心經度; 中心緯度,,時間,2025–2025,6312,CWA,需確認各提供者授權條件,高（涉及安全決策風險）,live_or_time_series_candidate,時序工具候選,CWA realtime（即時） 資料。研究統計優先使用 qc 品管版本。不可列為 document_rag_candidate。歷史資料僅可回答歷史描述，不可提供當日下水安全判定。,確認時區（疑似 UTC+8）；確認授權（CWA）；確認 qc 與 realtime 時間範圍
歷史品管、即時海氣象水文觀測資料\IHMT\南竿潮位站\LonLat.csv,歷史品管與即時海氣象水文觀測資料（IHMT）,.csv,50,2026-09-17T18:54:00+08:00,CSV,utf-8-sig,CenterLongitude; CenterLatitude,CenterLongitude; CenterLatitude,,,,2,IHMT,需確認各提供者授權條件,高（涉及安全決策風險）,live_or_time_series_candidate,時序工具候選,IHMT 座標或後設 資料。研究統計優先使用 qc 品管版本。不可列為 document_rag_candidate。歷史資料僅可回答歷史描述，不可提供當日下水安全判定。,確認時區（疑似 UTC+8）；確認授權（IHMT）；確認 qc 與 realtime 時間範圍
歷史品管、即時海氣象水文觀測資料\IHMT\南竿潮位站\qc\2024.csv,歷史品管與即時海氣象水文觀測資料（IHMT）,.csv,5451229,2026-09-17T18:54:00+08:00,CSV,utf-8-sig,測站編號; 時間; 陣風_風速; 風速; 風向; 氣壓; 氣溫; 海面溫度; 示性波高; 平均週期; 波向; 波浪尖峰週期; 流速; 分層流速{深度:流速}; 流向,中心經度; 中心緯度,,時間,2024–2024,59252,IHMT,需確認各提供者授權條件,高（涉及安全決策風險）,live_or_time_series_candidate,時序工具候選,IHMT qc（品管歷史） 資料。研究統計優先使用 qc 品管版本。不可列為 document_rag_candidate。歷史資料僅可回答歷史描述，不可提供當日下水安全判定。,確認時區（疑似 UTC+8）；確認授權（IHMT）；確認 qc 與 realtime 時間範圍
歷史品管、即時海氣象水文觀測資料\IHMT\南竿潮位站\qc\2025.csv,歷史品管與即時海氣象水文觀測資料（IHMT）,.csv,5436507,2026-09-17T18:54:00+08:00,CSV,utf-8-sig,測站編號; 時間; 陣風_風速; 風速; 風向; 氣壓; 氣溫; 海面溫度; 示性波高; 平均週期; 波向; 波浪尖峰週期; 流速; 分層流速{深度:流速}; 流向,中心經度; 中心緯度,,時間,2025–2025,59028,IHMT,需確認各提供者授權條件,高（涉及安全決策風險）,live_or_time_series_candidate,時序工具候選,IHMT qc（品管歷史） 資料。研究統計優先使用 qc 品管版本。不可列為 document_rag_candidate。歷史資料僅可回答歷史描述，不可提供當日下水安全判定。,確認時區（疑似 UTC+8）；確認授權（IHMT）；確認 qc 與 realtime 時間範圍
歷史品管、即時海氣象水文觀測資料\IHMT\基隆港-底碇式波流觀測站\LonLat.csv,歷史品管與即時海氣象水文觀測資料（IHMT）,.csv,52,2026-09-17T18:54:00+08:00,CSV,utf-8-sig,CenterLongitude; CenterLatitude,CenterLongitude; CenterLatitude,,,,2,IHMT,需確認各提供者授權條件,高（涉及安全決策風險）,live_or_time_series_candidate,時序工具候選,IHMT 座標或後設 資料。研究統計優先使用 qc 品管版本。不可列為 document_rag_candidate。歷史資料僅可回答歷史描述，不可提供當日下水安全判定。,確認時區（疑似 UTC+8）；確認授權（IHMT）；確認 qc 與 realtime 時間範圍
歷史品管、即時海氣象水文觀測資料\IHMT\基隆港-底碇式波流觀測站\qc\2023.csv,歷史品管與即時海氣象水文觀測資料（IHMT）,.csv,1324046,2026-09-17T18:54:00+08:00,CSV,utf-8-sig,測站編號; 時間; 陣風_風速; 風速; 風向; 氣壓; 氣溫; 海面溫度; 示性波高; 平均週期; 波向; 波浪尖峰週期; 流速; 分層流速{深度:流速}; 流向,中心經度; 中心緯度,,時間,2023–2023,12993,IHMT,需確認各提供者授權條件,高（涉及安全決策風險）,live_or_time_series_candidate,時序工具候選,IHMT qc（品管歷史） 資料。研究統計優先使用 qc 品管版本。不可列為 document_rag_candidate。歷史資料僅可回答歷史描述，不可提供當日下水安全判定。,確認時區（疑似 UTC+8）；確認授權（IHMT）；確認 qc 與 realtime 時間範圍
歷史品管、即時海氣象水文觀測資料\IHMT\基隆港-底碇式波流觀測站\qc\2024.csv,歷史品管與即時海氣象水文觀測資料（IHMT）,.csv,2112986,2026-09-17T18:54:00+08:00,CSV,utf-8-sig,測站編號; 時間; 陣風_風速; 風速; 風向; 氣壓; 氣溫; 海面溫度; 示性波高; 平均週期; 波向; 波浪尖峰週期; 流速; 分層流速{深度:流速}; 流向,中心經度; 中心緯度,,時間,2024–2024,20239,IHMT,需確認各提供者授權條件,高（涉及安全決策風險）,live_or_time_series_candidate,時序工具候選,IHMT qc（品管歷史） 資料。研究統計優先使用 qc 品管版本。不可列為 document_rag_candidate。歷史資料僅可回答歷史描述，不可提供當日下水安全判定。,確認時區（疑似 UTC+8）；確認授權（IHMT）；確認 qc 與 realtime 時間範圍
歷史品管、即時海氣象水文觀測資料\IHMT\基隆港-底碇式波流觀測站\qc\2025.csv,歷史品管與即時海氣象水文觀測資料（IHMT）,.csv,1327065,2026-09-17T18:54:00+08:00,CSV,utf-8-sig,測站編號; 時間; 陣風_風速; 風速; 風向; 氣壓; 氣溫; 海面溫度; 示性波高; 平均週期; 波向; 波浪尖峰週期; 流速; 分層流速{深度:流速}; 流向,中心經度; 中心緯度,,時間,2025–2025,13178,IHMT,需確認各提供者授權條件,高（涉及安全決策風險）,live_or_time_series_candidate,時序工具候選,IHMT qc（品管歷史） 資料。研究統計優先使用 qc 品管版本。不可列為 document_rag_candidate。歷史資料僅可回答歷史描述，不可提供當日下水安全判定。,確認時區（疑似 UTC+8）；確認授權（IHMT）；確認 qc 與 realtime 時間範圍
歷史品管、即時海氣象水文觀測資料\IHMT\基隆港-底碇式波流觀測站\realtime\2023.csv,歷史品管與即時海氣象水文觀測資料（IHMT）,.csv,364377,2026-09-17T18:54:00+08:00,CSV,utf-8-sig,測站編號; 時間; 陣風_風速; 風速; 風向; 氣壓; 氣溫; 海面溫度; 示性波高; 平均週期; 波向; 波浪尖峰週期; 流速; 分層流速{深度:流速}; 流向,中心經度; 中心緯度,,時間,2023–2023,3565,IHMT,需確認各提供者授權條件,高（涉及安全決策風險）,live_or_time_series_candidate,時序工具候選,IHMT realtime（即時） 資料。研究統計優先使用 qc 品管版本。不可列為 document_rag_candidate。歷史資料僅可回答歷史描述，不可提供當日下水安全判定。,確認時區（疑似 UTC+8）；確認授權（IHMT）；確認 qc 與 realtime 時間範圍
歷史品管、即時海氣象水文觀測資料\IHMT\基隆港-底碇式波流觀測站\realtime\2024.csv,歷史品管與即時海氣象水文觀測資料（IHMT）,.csv,641199,2026-09-17T18:54:00+08:00,CSV,utf-8-sig,測站編號; 時間; 陣風_風速; 風速; 風向; 氣壓; 氣溫; 海面溫度; 示性波高; 平均週期; 波向; 波浪尖峰週期; 流速; 分層流速{深度:流速}; 流向,中心經度; 中心緯度,,時間,2024–2024,6476,IHMT,需確認各提供者授權條件,高（涉及安全決策風險）,live_or_time_series_candidate,時序工具候選,IHMT realtime（即時） 資料。研究統計優先使用 qc 品管版本。不可列為 document_rag_candidate。歷史資料僅可回答歷史描述，不可提供當日下水安全判定。,確認時區（疑似 UTC+8）；確認授權（IHMT）；確認 qc 與 realtime 時間範圍
歷史品管、即時海氣象水文觀測資料\IHMT\基隆港-底碇式波流觀測站\realtime\2025.csv,歷史品管與即時海氣象水文觀測資料（IHMT）,.csv,12079,2026-09-17T18:54:00+08:00,CSV,utf-8-sig,測站編號; 時間; 陣風_風速; 風速; 風向; 氣壓; 氣溫; 海面溫度; 示性波高; 平均週期; 波向; 波浪尖峰週期; 流速; 分層流速{深度:流速}; 流向,中心經度; 中心緯度,,時間,2025–2025,120,IHMT,需確認各提供者授權條件,高（涉及安全決策風險）,live_or_time_series_candidate,時序工具候選,IHMT realtime（即時） 資料。研究統計優先使用 qc 品管版本。不可列為 document_rag_candidate。歷史資料僅可回答歷史描述，不可提供當日下水安全判定。,確認時區（疑似 UTC+8）；確認授權（IHMT）；確認 qc 與 realtime 時間範圍
歷史品管、即時海氣象水文觀測資料\IHMT\基隆港-東7碼頭\LonLat.csv,歷史品管與即時海氣象水文觀測資料（IHMT）,.csv,55,2026-09-17T18:54:00+08:00,CSV,utf-8-sig,CenterLongitude; CenterLatitude,CenterLongitude; CenterLatitude,,,,2,IHMT,需確認各提供者授權條件,高（涉及安全決策風險）,live_or_time_series_candidate,時序工具候選,IHMT 座標或後設 資料。研究統計優先使用 qc 品管版本。不可列為 document_rag_candidate。歷史資料僅可回答歷史描述，不可提供當日下水安全判定。,確認時區（疑似 UTC+8）；確認授權（IHMT）；確認 qc 與 realtime 時間範圍
歷史品管、即時海氣象水文觀測資料\IHMT\基隆港-東7碼頭\qc\2023.csv,歷史品管與即時海氣象水文觀測資料（IHMT）,.csv,554694,2026-09-17T18:54:00+08:00,CSV,utf-8-sig,測站編號; 時間; 陣風_風速; 風速; 風向; 氣壓; 氣溫; 海面溫度; 示性波高; 平均週期; 波向; 波浪尖峰週期; 流速; 分層流速{深度:流速}; 流向,中心經度; 中心緯度,,時間,2023–2023,6068,IHMT,需確認各提供者授權條件,高（涉及安全決策風險）,live_or_time_series_candidate,時序工具候選,IHMT qc（品管歷史） 資料。研究統計優先使用 qc 品管版本。不可列為 document_rag_candidate。歷史資料僅可回答歷史描述，不可提供當日下水安全判定。,確認時區（疑似 UTC+8）；確認授權（IHMT）；確認 qc 與 realtime 時間範圍
歷史品管、即時海氣象水文觀測資料\IHMT\基隆港-東7碼頭\qc\2024.csv,歷史品管與即時海氣象水文觀測資料（IHMT）,.csv,546982,2026-09-17T18:54:00+08:00,CSV,utf-8-sig,測站編號; 時間; 陣風_風速; 風速; 風向; 氣壓; 氣溫; 海面溫度; 示性波高; 平均週期; 波向; 波浪尖峰週期; 流速; 分層流速{深度:流速}; 流向,中心經度; 中心緯度,,時間,2024–2024,6017,IHMT,需確認各提供者授權條件,高（涉及安全決策風險）,live_or_time_series_candidate,時序工具候選,IHMT qc（品管歷史） 資料。研究統計優先使用 qc 品管版本。不可列為 document_rag_candidate。歷史資料僅可回答歷史描述，不可提供當日下水安全判定。,確認時區（疑似 UTC+8）；確認授權（IHMT）；確認 qc 與 realtime 時間範圍
歷史品管、即時海氣象水文觀測資料\IHMT\基隆港-東7碼頭\qc\2025.csv,歷史品管與即時海氣象水文觀測資料（IHMT）,.csv,553028,2026-09-17T18:54:00+08:00,CSV,utf-8-sig,測站編號; 時間; 陣風_風速; 風速; 風向; 氣壓; 氣溫; 海面溫度; 示性波高; 平均週期; 波向; 波浪尖峰週期; 流速; 分層流速{深度:流速}; 流向,中心經度; 中心緯度,,時間,2025–2025,6050,IHMT,需確認各提供者授權條件,高（涉及安全決策風險）,live_or_time_series_candidate,時序工具候選,IHMT qc（品管歷史） 資料。研究統計優先使用 qc 品管版本。不可列為 document_rag_candidate。歷史資料僅可回答歷史描述，不可提供當日下水安全判定。,確認時區（疑似 UTC+8）；確認授權（IHMT）；確認 qc 與 realtime 時間範圍
歷史品管、即時海氣象水文觀測資料\IHMT\基隆港-東7碼頭\realtime\2023.csv,歷史品管與即時海氣象水文觀測資料（IHMT）,.csv,516593,2026-09-17T18:54:00+08:00,CSV,utf-8-sig,測站編號; 時間; 陣風_風速; 風速; 風向; 氣壓; 氣溫; 海面溫度; 示性波高; 平均週期; 波向; 波浪尖峰週期; 流速; 分層流速{深度:流速}; 流向,中心經度; 中心緯度,,時間,2023–2023,5695,IHMT,需確認各提供者授權條件,高（涉及安全決策風險）,live_or_time_series_candidate,時序工具候選,IHMT realtime（即時） 資料。研究統計優先使用 qc 品管版本。不可列為 document_rag_candidate。歷史資料僅可回答歷史描述，不可提供當日下水安全判定。,確認時區（疑似 UTC+8）；確認授權（IHMT）；確認 qc 與 realtime 時間範圍
歷史品管、即時海氣象水文觀測資料\IHMT\基隆港-東7碼頭\realtime\2024.csv,歷史品管與即時海氣象水文觀測資料（IHMT）,.csv,529557,2026-09-17T18:54:00+08:00,CSV,utf-8-sig,測站編號; 時間; 陣風_風速; 風速; 風向; 氣壓; 氣溫; 海面溫度; 示性波高; 平均週期; 波向; 波浪尖峰週期; 流速; 分層流速{深度:流速}; 流向,中心經度; 中心緯度,,時間,2024–2024,5903,IHMT,需確認各提供者授權條件,高（涉及安全決策風險）,live_or_time_series_candidate,時序工具候選,IHMT realtime（即時） 資料。研究統計優先使用 qc 品管版本。不可列為 document_rag_candidate。歷史資料僅可回答歷史描述，不可提供當日下水安全判定。,確認時區（疑似 UTC+8）；確認授權（IHMT）；確認 qc 與 realtime 時間範圍
歷史品管、即時海氣象水文觀測資料\IHMT\基隆港-東7碼頭\realtime\2025.csv,歷史品管與即時海氣象水文觀測資料（IHMT）,.csv,533834,2026-09-17T18:54:00+08:00,CSV,utf-8-sig,測站編號; 時間; 陣風_風速; 風速; 風向; 氣壓; 氣溫; 海面溫度; 示性波高; 平均週期; 波向; 波浪尖峰週期; 流速; 分層流速{深度:流速}; 流向,中心經度; 中心緯度,,時間,2025–2025,5931,IHMT,需確認各提供者授權條件,高（涉及安全決策風險）,live_or_time_series_candidate,時序工具候選,IHMT realtime（即時） 資料。研究統計優先使用 qc 品管版本。不可列為 document_rag_candidate。歷史資料僅可回答歷史描述，不可提供當日下水安全判定。,確認時區（疑似 UTC+8）；確認授權（IHMT）；確認 qc 與 realtime 時間範圍
歷史品管、即時海氣象水文觀測資料\IHMT\基隆港-西防波堤光華燈塔旁(2站)\LonLat.csv,歷史品管與即時海氣象水文觀測資料（IHMT）,.csv,52,2026-09-17T18:54:00+08:00,CSV,utf-8-sig,CenterLongitude; CenterLatitude,CenterLongitude; CenterLatitude,,,,2,IHMT,需確認各提供者授權條件,高（涉及安全決策風險）,live_or_time_series_candidate,時序工具候選,IHMT 座標或後設 資料。研究統計優先使用 qc 品管版本。不可列為 document_rag_candidate。歷史資料僅可回答歷史描述，不可提供當日下水安全判定。,確認時區（疑似 UTC+8）；確認授權（IHMT）；確認 qc 與 realtime 時間範圍
歷史品管、即時海氣象水文觀測資料\IHMT\基隆港-西防波堤光華燈塔旁(2站)\qc\2023.csv,歷史品管與即時海氣象水文觀測資料（IHMT）,.csv,552236,2026-09-17T18:54:00+08:00,CSV,utf-8-sig,測站編號; 時間; 陣風_風速; 風速; 風向; 氣壓; 氣溫; 海面溫度; 示性波高; 平均週期; 波向; 波浪尖峰週期; 流速; 分層流速{深度:流速}; 流向,中心經度; 中心緯度,,時間,2023–2023,6102,IHMT,需確認各提供者授權條件,高（涉及安全決策風險）,live_or_time_series_candidate,時序工具候選,IHMT qc（品管歷史） 資料。研究統計優先使用 qc 品管版本。不可列為 document_rag_candidate。歷史資料僅可回答歷史描述，不可提供當日下水安全判定。,確認時區（疑似 UTC+8）；確認授權（IHMT）；確認 qc 與 realtime 時間範圍
歷史品管、即時海氣象水文觀測資料\IHMT\基隆港-西防波堤光華燈塔旁(2站)\qc\2024.csv,歷史品管與即時海氣象水文觀測資料（IHMT）,.csv,140122,2026-09-17T18:54:00+08:00,CSV,utf-8-sig,測站編號; 時間; 陣風_風速; 風速; 風向; 氣壓; 氣溫; 海面溫度; 示性波高; 平均週期; 波向; 波浪尖峰週期; 流速; 分層流速{深度:流速}; 流向,中心經度; 中心緯度,,時間,2024–2024,1533,IHMT,需確認各提供者授權條件,高（涉及安全決策風險）,live_or_time_series_candidate,時序工具候選,IHMT qc（品管歷史） 資料。研究統計優先使用 qc 品管版本。不可列為 document_rag_candidate。歷史資料僅可回答歷史描述，不可提供當日下水安全判定。,確認時區（疑似 UTC+8）；確認授權（IHMT）；確認 qc 與 realtime 時間範圍
歷史品管、即時海氣象水文觀測資料\IHMT\基隆港-西防波堤光華燈塔旁(2站)\qc\2025.csv,歷史品管與即時海氣象水文觀測資料（IHMT）,.csv,137208,2026-09-17T18:54:00+08:00,CSV,utf-8-sig,測站編號; 時間; 陣風_風速; 風速; 風向; 氣壓; 氣溫; 海面溫度; 示性波高; 平均週期; 波向; 波浪尖峰週期; 流速; 分層流速{深度:流速}; 流向,中心經度; 中心緯度,,時間,2025–2025,1514,IHMT,需確認各提供者授權條件,高（涉及安全決策風險）,live_or_time_series_candidate,時序工具候選,IHMT qc（品管歷史） 資料。研究統計優先使用 qc 品管版本。不可列為 document_rag_candidate。歷史資料僅可回答歷史描述，不可提供當日下水安全判定。,確認時區（疑似 UTC+8）；確認授權（IHMT）；確認 qc 與 realtime 時間範圍
歷史品管、即時海氣象水文觀測資料\IHMT\基隆港-西防波堤光華燈塔旁(2站)\realtime\2023.csv,歷史品管與即時海氣象水文觀測資料（IHMT）,.csv,245751,2026-09-17T18:54:00+08:00,CSV,utf-8-sig,測站編號; 時間; 陣風_風速; 風速; 風向; 氣壓; 氣溫; 海面溫度; 示性波高; 平均週期; 波向; 波浪尖峰週期; 流速; 分層流速{深度:流速}; 流向,中心經度; 中心緯度,,時間,2023–2023,2679,IHMT,需確認各提供者授權條件,高（涉及安全決策風險）,live_or_time_series_candidate,時序工具候選,IHMT realtime（即時） 資料。研究統計優先使用 qc 品管版本。不可列為 document_rag_candidate。歷史資料僅可回答歷史描述，不可提供當日下水安全判定。,確認時區（疑似 UTC+8）；確認授權（IHMT）；確認 qc 與 realtime 時間範圍
歷史品管、即時海氣象水文觀測資料\IHMT\基隆港-西防波堤光華燈塔旁(2站)\realtime\2024.csv,歷史品管與即時海氣象水文觀測資料（IHMT）,.csv,548054,2026-09-17T18:54:00+08:00,CSV,utf-8-sig,測站編號; 時間; 陣風_風速; 風速; 風向; 氣壓; 氣溫; 海面溫度; 示性波高; 平均週期; 波向; 波浪尖峰週期; 流速; 分層流速{深度:流速}; 流向,中心經度; 中心緯度,,時間,2024–2024,5996,IHMT,需確認各提供者授權條件,高（涉及安全決策風險）,live_or_time_series_candidate,時序工具候選,IHMT realtime（即時） 資料。研究統計優先使用 qc 品管版本。不可列為 document_rag_candidate。歷史資料僅可回答歷史描述，不可提供當日下水安全判定。,確認時區（疑似 UTC+8）；確認授權（IHMT）；確認 qc 與 realtime 時間範圍
歷史品管、即時海氣象水文觀測資料\IHMT\基隆港-西防波堤光華燈塔旁(2站)\realtime\2025.csv,歷史品管與即時海氣象水文觀測資料（IHMT）,.csv,509554,2026-09-17T18:54:00+08:00,CSV,utf-8-sig,測站編號; 時間; 陣風_風速; 風速; 風向; 氣壓; 氣溫; 海面溫度; 示性波高; 平均週期; 波向; 波浪尖峰週期; 流速; 分層流速{深度:流速}; 流向,中心經度; 中心緯度,,時間,2025–2025,5661,IHMT,需確認各提供者授權條件,高（涉及安全決策風險）,live_or_time_series_candidate,時序工具候選,IHMT realtime（即時） 資料。研究統計優先使用 qc 品管版本。不可列為 document_rag_candidate。歷史資料僅可回答歷史描述，不可提供當日下水安全判定。,確認時區（疑似 UTC+8）；確認授權（IHMT）；確認 qc 與 realtime 時間範圍
歷史品管、即時海氣象水文觀測資料\IHMT\安平港-7號碼頭\LonLat.csv,歷史品管與即時海氣象水文觀測資料（IHMT）,.csv,54,2026-09-17T18:54:00+08:00,CSV,utf-8-sig,CenterLongitude; CenterLatitude,CenterLongitude; CenterLatitude,,,,2,IHMT,需確認各提供者授權條件,高（涉及安全決策風險）,live_or_time_series_candidate,時序工具候選,IHMT 座標或後設 資料。研究統計優先使用 qc 品管版本。不可列為 document_rag_candidate。歷史資料僅可回答歷史描述，不可提供當日下水安全判定。,確認時區（疑似 UTC+8）；確認授權（IHMT）；確認 qc 與 realtime 時間範圍
歷史品管、即時海氣象水文觀測資料\IHMT\安平港-7號碼頭\qc\2023.csv,歷史品管與即時海氣象水文觀測資料（IHMT）,.csv,552895,2026-09-17T18:54:00+08:00,CSV,utf-8-sig,測站編號; 時間; 陣風_風速; 風速; 風向; 氣壓; 氣溫; 海面溫度; 示性波高; 平均週期; 波向; 波浪尖峰週期; 流速; 分層流速{深度:流速}; 流向,中心經度; 中心緯度,,時間,2023–2023,6089,IHMT,需確認各提供者授權條件,高（涉及安全決策風險）,live_or_time_series_candidate,時序工具候選,IHMT qc（品管歷史） 資料。研究統計優先使用 qc 品管版本。不可列為 document_rag_candidate。歷史資料僅可回答歷史描述，不可提供當日下水安全判定。,確認時區（疑似 UTC+8）；確認授權（IHMT）；確認 qc 與 realtime 時間範圍
歷史品管、即時海氣象水文觀測資料\IHMT\安平港-7號碼頭\qc\2024.csv,歷史品管與即時海氣象水文觀測資料（IHMT）,.csv,554376,2026-09-17T18:54:00+08:00,CSV,utf-8-sig,測站編號; 時間; 陣風_風速; 風速; 風向; 氣壓; 氣溫; 海面溫度; 示性波高; 平均週期; 波向; 波浪尖峰週期; 流速; 分層流速{深度:流速}; 流向,中心經度; 中心緯度,,時間,2024–2024,6098,IHMT,需確認各提供者授權條件,高（涉及安全決策風險）,live_or_time_series_candidate,時序工具候選,IHMT qc（品管歷史） 資料。研究統計優先使用 qc 品管版本。不可列為 document_rag_candidate。歷史資料僅可回答歷史描述，不可提供當日下水安全判定。,確認時區（疑似 UTC+8）；確認授權（IHMT）；確認 qc 與 realtime 時間範圍
歷史品管、即時海氣象水文觀測資料\IHMT\安平港-7號碼頭\qc\2025.csv,歷史品管與即時海氣象水文觀測資料（IHMT）,.csv,552795,2026-09-17T18:54:00+08:00,CSV,utf-8-sig,測站編號; 時間; 陣風_風速; 風速; 風向; 氣壓; 氣溫; 海面溫度; 示性波高; 平均週期; 波向; 波浪尖峰週期; 流速; 分層流速{深度:流速}; 流向,中心經度; 中心緯度,,時間,2025–2025,6061,IHMT,需確認各提供者授權條件,高（涉及安全決策風險）,live_or_time_series_candidate,時序工具候選,IHMT qc（品管歷史） 資料。研究統計優先使用 qc 品管版本。不可列為 document_rag_candidate。歷史資料僅可回答歷史描述，不可提供當日下水安全判定。,確認時區（疑似 UTC+8）；確認授權（IHMT）；確認 qc 與 realtime 時間範圍
歷史品管、即時海氣象水文觀測資料\IHMT\安平港-7號碼頭\realtime\2023.csv,歷史品管與即時海氣象水文觀測資料（IHMT）,.csv,523093,2026-09-17T18:54:00+08:00,CSV,utf-8-sig,測站編號; 時間; 陣風_風速; 風速; 風向; 氣壓; 氣溫; 海面溫度; 示性波高; 平均週期; 波向; 波浪尖峰週期; 流速; 分層流速{深度:流速}; 流向,中心經度; 中心緯度,,時間,2023–2023,5773,IHMT,需確認各提供者授權條件,高（涉及安全決策風險）,live_or_time_series_candidate,時序工具候選,IHMT realtime（即時） 資料。研究統計優先使用 qc 品管版本。不可列為 document_rag_candidate。歷史資料僅可回答歷史描述，不可提供當日下水安全判定。,確認時區（疑似 UTC+8）；確認授權（IHMT）；確認 qc 與 realtime 時間範圍
歷史品管、即時海氣象水文觀測資料\IHMT\安平港-7號碼頭\realtime\2024.csv,歷史品管與即時海氣象水文觀測資料（IHMT）,.csv,532075,2026-09-17T18:54:01+08:00,CSV,utf-8-sig,測站編號; 時間; 陣風_風速; 風速; 風向; 氣壓; 氣溫; 海面溫度; 示性波高; 平均週期; 波向; 波浪尖峰週期; 流速; 分層流速{深度:流速}; 流向,中心經度; 中心緯度,,時間,2024–2024,5918,IHMT,需確認各提供者授權條件,高（涉及安全決策風險）,live_or_time_series_candidate,時序工具候選,IHMT realtime（即時） 資料。研究統計優先使用 qc 品管版本。不可列為 document_rag_candidate。歷史資料僅可回答歷史描述，不可提供當日下水安全判定。,確認時區（疑似 UTC+8）；確認授權（IHMT）；確認 qc 與 realtime 時間範圍
歷史品管、即時海氣象水文觀測資料\IHMT\安平港-7號碼頭\realtime\2025.csv,歷史品管與即時海氣象水文觀測資料（IHMT）,.csv,536730,2026-09-17T18:54:01+08:00,CSV,utf-8-sig,測站編號; 時間; 陣風_風速; 風速; 風向; 氣壓; 氣溫; 海面溫度; 示性波高; 平均週期; 波向; 波浪尖峰週期; 流速; 分層流速{深度:流速}; 流向,中心經度; 中心緯度,,時間,2025–2025,5970,IHMT,需確認各提供者授權條件,高（涉及安全決策風險）,live_or_time_series_candidate,時序工具候選,IHMT realtime（即時） 資料。研究統計優先使用 qc 品管版本。不可列為 document_rag_candidate。歷史資料僅可回答歷史描述，不可提供當日下水安全判定。,確認時區（疑似 UTC+8）；確認授權（IHMT）；確認 qc 與 realtime 時間範圍
歷史品管、即時海氣象水文觀測資料\IHMT\安平港-南堤燈塔\LonLat.csv,歷史品管與即時海氣象水文觀測資料（IHMT）,.csv,50,2026-09-17T18:54:01+08:00,CSV,utf-8-sig,CenterLongitude; CenterLatitude,CenterLongitude; CenterLatitude,,,,2,IHMT,需確認各提供者授權條件,高（涉及安全決策風險）,live_or_time_series_candidate,時序工具候選,IHMT 座標或後設 資料。研究統計優先使用 qc 品管版本。不可列為 document_rag_candidate。歷史資料僅可回答歷史描述，不可提供當日下水安全判定。,確認時區（疑似 UTC+8）；確認授權（IHMT）；確認 qc 與 realtime 時間範圍
歷史品管、即時海氣象水文觀測資料\IHMT\安平港-南堤燈塔\qc\2023.csv,歷史品管與即時海氣象水文觀測資料（IHMT）,.csv,551928,2026-09-17T18:54:01+08:00,CSV,utf-8-sig,測站編號; 時間; 陣風_風速; 風速; 風向; 氣壓; 氣溫; 海面溫度; 示性波高; 平均週期; 波向; 波浪尖峰週期; 流速; 分層流速{深度:流速}; 流向,中心經度; 中心緯度,,時間,2023–2023,6112,IHMT,需確認各提供者授權條件,高（涉及安全決策風險）,live_or_time_series_candidate,時序工具候選,IHMT qc（品管歷史） 資料。研究統計優先使用 qc 品管版本。不可列為 document_rag_candidate。歷史資料僅可回答歷史描述，不可提供當日下水安全判定。,確認時區（疑似 UTC+8）；確認授權（IHMT）；確認 qc 與 realtime 時間範圍
歷史品管、即時海氣象水文觀測資料\IHMT\安平港-南堤燈塔\qc\2024.csv,歷史品管與即時海氣象水文觀測資料（IHMT）,.csv,3342481,2026-09-17T18:54:01+08:00,CSV,utf-8-sig,測站編號; 時間; 陣風_風速; 風速; 風向; 氣壓; 氣溫; 海面溫度; 示性波高; 平均週期; 波向; 波浪尖峰週期; 流速; 分層流速{深度:流速}; 流向,中心經度; 中心緯度,,時間,2024–2024,36892,IHMT,需確認各提供者授權條件,高（涉及安全決策風險）,live_or_time_series_candidate,時序工具候選,IHMT qc（品管歷史） 資料。研究統計優先使用 qc 品管版本。不可列為 document_rag_candidate。歷史資料僅可回答歷史描述，不可提供當日下水安全判定。,確認時區（疑似 UTC+8）；確認授權（IHMT）；確認 qc 與 realtime 時間範圍
歷史品管、即時海氣象水文觀測資料\IHMT\安平港-南堤燈塔\qc\2025.csv,歷史品管與即時海氣象水文觀測資料（IHMT）,.csv,3333302,2026-09-17T18:54:01+08:00,CSV,utf-8-sig,測站編號; 時間; 陣風_風速; 風速; 風向; 氣壓; 氣溫; 海面溫度; 示性波高; 平均週期; 波向; 波浪尖峰週期; 流速; 分層流速{深度:流速}; 流向,中心經度; 中心緯度,,時間,2025–2025,36832,IHMT,需確認各提供者授權條件,高（涉及安全決策風險）,live_or_time_series_candidate,時序工具候選,IHMT qc（品管歷史） 資料。研究統計優先使用 qc 品管版本。不可列為 document_rag_candidate。歷史資料僅可回答歷史描述，不可提供當日下水安全判定。,確認時區（疑似 UTC+8）；確認授權（IHMT）；確認 qc 與 realtime 時間範圍
歷史品管、即時海氣象水文觀測資料\IHMT\安平港-南堤燈塔\realtime\2024.csv,歷史品管與即時海氣象水文觀測資料（IHMT）,.csv,537529,2026-09-17T18:54:01+08:00,CSV,utf-8-sig,測站編號; 時間; 陣風_風速; 風速; 風向; 氣壓; 氣溫; 海面溫度; 示性波高; 平均週期; 波向; 波浪尖峰週期; 流速; 分層流速{深度:流速}; 流向,中心經度; 中心緯度,,時間,2024–2024,5959,IHMT,需確認各提供者授權條件,高（涉及安全決策風險）,live_or_time_series_candidate,時序工具候選,IHMT realtime（即時） 資料。研究統計優先使用 qc 品管版本。不可列為 document_rag_candidate。歷史資料僅可回答歷史描述，不可提供當日下水安全判定。,確認時區（疑似 UTC+8）；確認授權（IHMT）；確認 qc 與 realtime 時間範圍
歷史品管、即時海氣象水文觀測資料\IHMT\安平港-南堤燈塔\realtime\2025.csv,歷史品管與即時海氣象水文觀測資料（IHMT）,.csv,544616,2026-09-17T18:54:01+08:00,CSV,utf-8-sig,測站編號; 時間; 陣風_風速; 風速; 風向; 氣壓; 氣溫; 海面溫度; 示性波高; 平均週期; 波向; 波浪尖峰週期; 流速; 分層流速{深度:流速}; 流向,中心經度; 中心緯度,,時間,2025–2025,6064,IHMT,需確認各提供者授權條件,高（涉及安全決策風險）,live_or_time_series_candidate,時序工具候選,IHMT realtime（即時） 資料。研究統計優先使用 qc 品管版本。不可列為 document_rag_candidate。歷史資料僅可回答歷史描述，不可提供當日下水安全判定。,確認時區（疑似 UTC+8）；確認授權（IHMT）；確認 qc 與 realtime 時間範圍
歷史品管、即時海氣象水文觀測資料\IHMT\安平港-浮球式波流觀測副站\LonLat.csv,歷史品管與即時海氣象水文觀測資料（IHMT）,.csv,50,2026-09-17T18:54:01+08:00,CSV,utf-8-sig,CenterLongitude; CenterLatitude,CenterLongitude; CenterLatitude,,,,2,IHMT,需確認各提供者授權條件,高（涉及安全決策風險）,live_or_time_series_candidate,時序工具候選,IHMT 座標或後設 資料。研究統計優先使用 qc 品管版本。不可列為 document_rag_candidate。歷史資料僅可回答歷史描述，不可提供當日下水安全判定。,確認時區（疑似 UTC+8）；確認授權（IHMT）；確認 qc 與 realtime 時間範圍
歷史品管、即時海氣象水文觀測資料\IHMT\安平港-浮球式波流觀測副站\qc\2024.csv,歷史品管與即時海氣象水文觀測資料（IHMT）,.csv,436387,2026-09-17T18:54:01+08:00,CSV,utf-8-sig,測站編號; 時間; 陣風_風速; 風速; 風向; 氣壓; 氣溫; 海面溫度; 示性波高; 平均週期; 波向; 波浪尖峰週期; 流速; 分層流速{深度:流速}; 流向,中心經度; 中心緯度,,時間,2024–2024,4097,IHMT,需確認各提供者授權條件,高（涉及安全決策風險）,live_or_time_series_candidate,時序工具候選,IHMT qc（品管歷史） 資料。研究統計優先使用 qc 品管版本。不可列為 document_rag_candidate。歷史資料僅可回答歷史描述，不可提供當日下水安全判定。,確認時區（疑似 UTC+8）；確認授權（IHMT）；確認 qc 與 realtime 時間範圍
歷史品管、即時海氣象水文觀測資料\IHMT\安平港-浮球式波流觀測副站\qc\2025.csv,歷史品管與即時海氣象水文觀測資料（IHMT）,.csv,1324692,2026-09-17T18:54:01+08:00,CSV,utf-8-sig,測站編號; 時間; 陣風_風速; 風速; 風向; 氣壓; 氣溫; 海面溫度; 示性波高; 平均週期; 波向; 波浪尖峰週期; 流速; 分層流速{深度:流速}; 流向,中心經度; 中心緯度,,時間,2025–2025,12357,IHMT,需確認各提供者授權條件,高（涉及安全決策風險）,live_or_time_series_candidate,時序工具候選,IHMT qc（品管歷史） 資料。研究統計優先使用 qc 品管版本。不可列為 document_rag_candidate。歷史資料僅可回答歷史描述，不可提供當日下水安全判定。,確認時區（疑似 UTC+8）；確認授權（IHMT）；確認 qc 與 realtime 時間範圍
歷史品管、即時海氣象水文觀測資料\IHMT\安平港-浮球式波流觀測站\LonLat.csv,歷史品管與即時海氣象水文觀測資料（IHMT）,.csv,54,2026-09-17T18:54:01+08:00,CSV,utf-8-sig,CenterLongitude; CenterLatitude,CenterLongitude; CenterLatitude,,,,2,IHMT,需確認各提供者授權條件,高（涉及安全決策風險）,live_or_time_series_candidate,時序工具候選,IHMT 座標或後設 資料。研究統計優先使用 qc 品管版本。不可列為 document_rag_candidate。歷史資料僅可回答歷史描述，不可提供當日下水安全判定。,確認時區（疑似 UTC+8）；確認授權（IHMT）；確認 qc 與 realtime 時間範圍
歷史品管、即時海氣象水文觀測資料\IHMT\安平港-浮球式波流觀測站\qc\2023.csv,歷史品管與即時海氣象水文觀測資料（IHMT）,.csv,465442,2026-09-17T18:54:01+08:00,CSV,utf-8-sig,測站編號; 時間; 陣風_風速; 風速; 風向; 氣壓; 氣溫; 海面溫度; 示性波高; 平均週期; 波向; 波浪尖峰週期; 流速; 分層流速{深度:流速}; 流向,中心經度; 中心緯度,,時間,2023–2023,4532,IHMT,需確認各提供者授權條件,高（涉及安全決策風險）,live_or_time_series_candidate,時序工具候選,IHMT qc（品管歷史） 資料。研究統計優先使用 qc 品管版本。不可列為 document_rag_candidate。歷史資料僅可回答歷史描述，不可提供當日下水安全判定。,確認時區（疑似 UTC+8）；確認授權（IHMT）；確認 qc 與 realtime 時間範圍
歷史品管、即時海氣象水文觀測資料\IHMT\安平港-浮球式波流觀測站\qc\2024.csv,歷史品管與即時海氣象水文觀測資料（IHMT）,.csv,1167897,2026-09-17T18:54:01+08:00,CSV,utf-8-sig,測站編號; 時間; 陣風_風速; 風速; 風向; 氣壓; 氣溫; 海面溫度; 示性波高; 平均週期; 波向; 波浪尖峰週期; 流速; 分層流速{深度:流速}; 流向,中心經度; 中心緯度,,時間,2024–2024,11017,IHMT,需確認各提供者授權條件,高（涉及安全決策風險）,live_or_time_series_candidate,時序工具候選,IHMT qc（品管歷史） 資料。研究統計優先使用 qc 品管版本。不可列為 document_rag_candidate。歷史資料僅可回答歷史描述，不可提供當日下水安全判定。,確認時區（疑似 UTC+8）；確認授權（IHMT）；確認 qc 與 realtime 時間範圍
歷史品管、即時海氣象水文觀測資料\IHMT\安平港-浮球式波流觀測站\qc\2025.csv,歷史品管與即時海氣象水文觀測資料（IHMT）,.csv,962343,2026-09-17T18:54:01+08:00,CSV,utf-8-sig,測站編號; 時間; 陣風_風速; 風速; 風向; 氣壓; 氣溫; 海面溫度; 示性波高; 平均週期; 波向; 波浪尖峰週期; 流速; 分層流速{深度:流速}; 流向,中心經度; 中心緯度,,時間,2025–2025,9226,IHMT,需確認各提供者授權條件,高（涉及安全決策風險）,live_or_time_series_candidate,時序工具候選,IHMT qc（品管歷史） 資料。研究統計優先使用 qc 品管版本。不可列為 document_rag_candidate。歷史資料僅可回答歷史描述，不可提供當日下水安全判定。,確認時區（疑似 UTC+8）；確認授權（IHMT）；確認 qc 與 realtime 時間範圍
歷史品管、即時海氣象水文觀測資料\IHMT\安平港-浮球式波流觀測站\realtime\2023.csv,歷史品管與即時海氣象水文觀測資料（IHMT）,.csv,605,2026-09-17T18:54:01+08:00,CSV,utf-8-sig,測站編號; 時間; 陣風_風速; 風速; 風向; 氣壓; 氣溫; 海面溫度; 示性波高; 平均週期; 波向; 波浪尖峰週期; 流速; 分層流速{深度:流速}; 流向,中心經度; 中心緯度,,時間,2023–2023,3,IHMT,需確認各提供者授權條件,高（涉及安全決策風險）,live_or_time_series_candidate,時序工具候選,IHMT realtime（即時） 資料。研究統計優先使用 qc 品管版本。不可列為 document_rag_candidate。歷史資料僅可回答歷史描述，不可提供當日下水安全判定。,確認時區（疑似 UTC+8）；確認授權（IHMT）；確認 qc 與 realtime 時間範圍
歷史品管、即時海氣象水文觀測資料\IHMT\安平港-浮球式波流觀測站\realtime\2024.csv,歷史品管與即時海氣象水文觀測資料（IHMT）,.csv,587404,2026-09-17T18:54:01+08:00,CSV,utf-8-sig,測站編號; 時間; 陣風_風速; 風速; 風向; 氣壓; 氣溫; 海面溫度; 示性波高; 平均週期; 波向; 波浪尖峰週期; 流速; 分層流速{深度:流速}; 流向,中心經度; 中心緯度,,時間,2024–2024,6255,IHMT,需確認各提供者授權條件,高（涉及安全決策風險）,live_or_time_series_candidate,時序工具候選,IHMT realtime（即時） 資料。研究統計優先使用 qc 品管版本。不可列為 document_rag_candidate。歷史資料僅可回答歷史描述，不可提供當日下水安全判定。,確認時區（疑似 UTC+8）；確認授權（IHMT）；確認 qc 與 realtime 時間範圍
歷史品管、即時海氣象水文觀測資料\IHMT\安平港-浮球式波流觀測站\realtime\2025.csv,歷史品管與即時海氣象水文觀測資料（IHMT）,.csv,147785,2026-09-17T18:54:01+08:00,CSV,utf-8-sig,測站編號; 時間; 陣風_風速; 風速; 風向; 氣壓; 氣溫; 海面溫度; 示性波高; 平均週期; 波向; 波浪尖峰週期; 流速; 分層流速{深度:流速}; 流向,中心經度; 中心緯度,,時間,2025–2025,1541,IHMT,需確認各提供者授權條件,高（涉及安全決策風險）,live_or_time_series_candidate,時序工具候選,IHMT realtime（即時） 資料。研究統計優先使用 qc 品管版本。不可列為 document_rag_candidate。歷史資料僅可回答歷史描述，不可提供當日下水安全判定。,確認時區（疑似 UTC+8）；確認授權（IHMT）；確認 qc 與 realtime 時間範圍
歷史品管、即時海氣象水文觀測資料\IHMT\布袋港-E3碼頭\LonLat.csv,歷史品管與即時海氣象水文觀測資料（IHMT）,.csv,52,2026-09-17T18:54:01+08:00,CSV,utf-8-sig,CenterLongitude; CenterLatitude,CenterLongitude; CenterLatitude,,,,2,IHMT,需確認各提供者授權條件,高（涉及安全決策風險）,live_or_time_series_candidate,時序工具候選,IHMT 座標或後設 資料。研究統計優先使用 qc 品管版本。不可列為 document_rag_candidate。歷史資料僅可回答歷史描述，不可提供當日下水安全判定。,確認時區（疑似 UTC+8）；確認授權（IHMT）；確認 qc 與 realtime 時間範圍
歷史品管、即時海氣象水文觀測資料\IHMT\布袋港-E3碼頭\qc\2023.csv,歷史品管與即時海氣象水文觀測資料（IHMT）,.csv,552648,2026-09-17T18:54:01+08:00,CSV,utf-8-sig,測站編號; 時間; 陣風_風速; 風速; 風向; 氣壓; 氣溫; 海面溫度; 示性波高; 平均週期; 波向; 波浪尖峰週期; 流速; 分層流速{深度:流速}; 流向,中心經度; 中心緯度,,時間,2023–2023,6079,IHMT,需確認各提供者授權條件,高（涉及安全決策風險）,live_or_time_series_candidate,時序工具候選,IHMT qc（品管歷史） 資料。研究統計優先使用 qc 品管版本。不可列為 document_rag_candidate。歷史資料僅可回答歷史描述，不可提供當日下水安全判定。,確認時區（疑似 UTC+8）；確認授權（IHMT）；確認 qc 與 realtime 時間範圍
歷史品管、即時海氣象水文觀測資料\IHMT\布袋港-E3碼頭\qc\2024.csv,歷史品管與即時海氣象水文觀測資料（IHMT）,.csv,542144,2026-09-17T18:54:01+08:00,CSV,utf-8-sig,測站編號; 時間; 陣風_風速; 風速; 風向; 氣壓; 氣溫; 海面溫度; 示性波高; 平均週期; 波向; 波浪尖峰週期; 流速; 分層流速{深度:流速}; 流向,中心經度; 中心緯度,,時間,2024–2024,5970,IHMT,需確認各提供者授權條件,高（涉及安全決策風險）,live_or_time_series_candidate,時序工具候選,IHMT qc（品管歷史） 資料。研究統計優先使用 qc 品管版本。不可列為 document_rag_candidate。歷史資料僅可回答歷史描述，不可提供當日下水安全判定。,確認時區（疑似 UTC+8）；確認授權（IHMT）；確認 qc 與 realtime 時間範圍
歷史品管、即時海氣象水文觀測資料\IHMT\布袋港-E3碼頭\qc\2025.csv,歷史品管與即時海氣象水文觀測資料（IHMT）,.csv,547352,2026-09-17T18:54:01+08:00,CSV,utf-8-sig,測站編號; 時間; 陣風_風速; 風速; 風向; 氣壓; 氣溫; 海面溫度; 示性波高; 平均週期; 波向; 波浪尖峰週期; 流速; 分層流速{深度:流速}; 流向,中心經度; 中心緯度,,時間,2025–2025,6001,IHMT,需確認各提供者授權條件,高（涉及安全決策風險）,live_or_time_series_candidate,時序工具候選,IHMT qc（品管歷史） 資料。研究統計優先使用 qc 品管版本。不可列為 document_rag_candidate。歷史資料僅可回答歷史描述，不可提供當日下水安全判定。,確認時區（疑似 UTC+8）；確認授權（IHMT）；確認 qc 與 realtime 時間範圍
歷史品管、即時海氣象水文觀測資料\IHMT\布袋港-E3碼頭\realtime\2023.csv,歷史品管與即時海氣象水文觀測資料（IHMT）,.csv,523011,2026-09-17T18:54:01+08:00,CSV,utf-8-sig,測站編號; 時間; 陣風_風速; 風速; 風向; 氣壓; 氣溫; 海面溫度; 示性波高; 平均週期; 波向; 波浪尖峰週期; 流速; 分層流速{深度:流速}; 流向,中心經度; 中心緯度,,時間,2023–2023,5772,IHMT,需確認各提供者授權條件,高（涉及安全決策風險）,live_or_time_series_candidate,時序工具候選,IHMT realtime（即時） 資料。研究統計優先使用 qc 品管版本。不可列為 document_rag_candidate。歷史資料僅可回答歷史描述，不可提供當日下水安全判定。,確認時區（疑似 UTC+8）；確認授權（IHMT）；確認 qc 與 realtime 時間範圍
歷史品管、即時海氣象水文觀測資料\IHMT\布袋港-E3碼頭\realtime\2024.csv,歷史品管與即時海氣象水文觀測資料（IHMT）,.csv,530961,2026-09-17T18:54:01+08:00,CSV,utf-8-sig,測站編號; 時間; 陣風_風速; 風速; 風向; 氣壓; 氣溫; 海面溫度; 示性波高; 平均週期; 波向; 波浪尖峰週期; 流速; 分層流速{深度:流速}; 流向,中心經度; 中心緯度,,時間,2024–2024,5912,IHMT,需確認各提供者授權條件,高（涉及安全決策風險）,live_or_time_series_candidate,時序工具候選,IHMT realtime（即時） 資料。研究統計優先使用 qc 品管版本。不可列為 document_rag_candidate。歷史資料僅可回答歷史描述，不可提供當日下水安全判定。,確認時區（疑似 UTC+8）；確認授權（IHMT）；確認 qc 與 realtime 時間範圍
歷史品管、即時海氣象水文觀測資料\IHMT\布袋港-E3碼頭\realtime\2025.csv,歷史品管與即時海氣象水文觀測資料（IHMT）,.csv,536525,2026-09-17T18:54:01+08:00,CSV,utf-8-sig,測站編號; 時間; 陣風_風速; 風速; 風向; 氣壓; 氣溫; 海面溫度; 示性波高; 平均週期; 波向; 波浪尖峰週期; 流速; 分層流速{深度:流速}; 流向,中心經度; 中心緯度,,時間,2025–2025,5961,IHMT,需確認各提供者授權條件,高（涉及安全決策風險）,live_or_time_series_candidate,時序工具候選,IHMT realtime（即時） 資料。研究統計優先使用 qc 品管版本。不可列為 document_rag_candidate。歷史資料僅可回答歷史描述，不可提供當日下水安全判定。,確認時區（疑似 UTC+8）；確認授權（IHMT）；確認 qc 與 realtime 時間範圍
歷史品管、即時海氣象水文觀測資料\IHMT\布袋港-浮球式波流觀測副站\LonLat.csv,歷史品管與即時海氣象水文觀測資料（IHMT）,.csv,50,2026-09-17T18:54:01+08:00,CSV,utf-8-sig,CenterLongitude; CenterLatitude,CenterLongitude; CenterLatitude,,,,2,IHMT,需確認各提供者授權條件,高（涉及安全決策風險）,live_or_time_series_candidate,時序工具候選,IHMT 座標或後設 資料。研究統計優先使用 qc 品管版本。不可列為 document_rag_candidate。歷史資料僅可回答歷史描述，不可提供當日下水安全判定。,確認時區（疑似 UTC+8）；確認授權（IHMT）；確認 qc 與 realtime 時間範圍
歷史品管、即時海氣象水文觀測資料\IHMT\布袋港-浮球式波流觀測副站\qc\2025.csv,歷史品管與即時海氣象水文觀測資料（IHMT）,.csv,718677,2026-09-17T18:54:01+08:00,CSV,utf-8-sig,測站編號; 時間; 陣風_風速; 風速; 風向; 氣壓; 氣溫; 海面溫度; 示性波高; 平均週期; 波向; 波浪尖峰週期; 流速; 分層流速{深度:流速}; 流向,中心經度; 中心緯度,,時間,2025–2025,7837,IHMT,需確認各提供者授權條件,高（涉及安全決策風險）,live_or_time_series_candidate,時序工具候選,IHMT qc（品管歷史） 資料。研究統計優先使用 qc 品管版本。不可列為 document_rag_candidate。歷史資料僅可回答歷史描述，不可提供當日下水安全判定。,確認時區（疑似 UTC+8）；確認授權（IHMT）；確認 qc 與 realtime 時間範圍
歷史品管、即時海氣象水文觀測資料\IHMT\布袋港-浮球式波流觀測站\LonLat.csv,歷史品管與即時海氣象水文觀測資料（IHMT）,.csv,54,2026-09-17T18:54:01+08:00,CSV,utf-8-sig,CenterLongitude; CenterLatitude,CenterLongitude; CenterLatitude,,,,2,IHMT,需確認各提供者授權條件,高（涉及安全決策風險）,live_or_time_series_candidate,時序工具候選,IHMT 座標或後設 資料。研究統計優先使用 qc 品管版本。不可列為 document_rag_candidate。歷史資料僅可回答歷史描述，不可提供當日下水安全判定。,確認時區（疑似 UTC+8）；確認授權（IHMT）；確認 qc 與 realtime 時間範圍
歷史品管、即時海氣象水文觀測資料\IHMT\布袋港-浮球式波流觀測站\qc\2023.csv,歷史品管與即時海氣象水文觀測資料（IHMT）,.csv,651486,2026-09-17T18:54:01+08:00,CSV,utf-8-sig,測站編號; 時間; 陣風_風速; 風速; 風向; 氣壓; 氣溫; 海面溫度; 示性波高; 平均週期; 波向; 波浪尖峰週期; 流速; 分層流速{深度:流速}; 流向,中心經度; 中心緯度,,時間,2023–2023,6374,IHMT,需確認各提供者授權條件,高（涉及安全決策風險）,live_or_time_series_candidate,時序工具候選,IHMT qc（品管歷史） 資料。研究統計優先使用 qc 品管版本。不可列為 document_rag_candidate。歷史資料僅可回答歷史描述，不可提供當日下水安全判定。,確認時區（疑似 UTC+8）；確認授權（IHMT）；確認 qc 與 realtime 時間範圍
歷史品管、即時海氣象水文觀測資料\IHMT\布袋港-浮球式波流觀測站\qc\2024.csv,歷史品管與即時海氣象水文觀測資料（IHMT）,.csv,919856,2026-09-17T18:54:01+08:00,CSV,utf-8-sig,測站編號; 時間; 陣風_風速; 風速; 風向; 氣壓; 氣溫; 海面溫度; 示性波高; 平均週期; 波向; 波浪尖峰週期; 流速; 分層流速{深度:流速}; 流向,中心經度; 中心緯度,,時間,2024–2024,9376,IHMT,需確認各提供者授權條件,高（涉及安全決策風險）,live_or_time_series_candidate,時序工具候選,IHMT qc（品管歷史） 資料。研究統計優先使用 qc 品管版本。不可列為 document_rag_candidate。歷史資料僅可回答歷史描述，不可提供當日下水安全判定。,確認時區（疑似 UTC+8）；確認授權（IHMT）；確認 qc 與 realtime 時間範圍
歷史品管、即時海氣象水文觀測資料\IHMT\布袋港-浮球式波流觀測站\qc\2025.csv,歷史品管與即時海氣象水文觀測資料（IHMT）,.csv,1293760,2026-09-17T18:54:01+08:00,CSV,utf-8-sig,測站編號; 時間; 陣風_風速; 風速; 風向; 氣壓; 氣溫; 海面溫度; 示性波高; 平均週期; 波向; 波浪尖峰週期; 流速; 分層流速{深度:流速}; 流向,中心經度; 中心緯度,,時間,2025–2025,13282,IHMT,需確認各提供者授權條件,高（涉及安全決策風險）,live_or_time_series_candidate,時序工具候選,IHMT qc（品管歷史） 資料。研究統計優先使用 qc 品管版本。不可列為 document_rag_candidate。歷史資料僅可回答歷史描述，不可提供當日下水安全判定。,確認時區（疑似 UTC+8）；確認授權（IHMT）；確認 qc 與 realtime 時間範圍
歷史品管、即時海氣象水文觀測資料\IHMT\布袋港-浮球式波流觀測站\realtime\2024.csv,歷史品管與即時海氣象水文觀測資料（IHMT）,.csv,544424,2026-09-17T18:54:01+08:00,CSV,utf-8-sig,測站編號; 時間; 陣風_風速; 風速; 風向; 氣壓; 氣溫; 海面溫度; 示性波高; 平均週期; 波向; 波浪尖峰週期; 流速; 分層流速{深度:流速}; 流向,中心經度; 中心緯度,,時間,2024–2024,5804,IHMT,需確認各提供者授權條件,高（涉及安全決策風險）,live_or_time_series_candidate,時序工具候選,IHMT realtime（即時） 資料。研究統計優先使用 qc 品管版本。不可列為 document_rag_candidate。歷史資料僅可回答歷史描述，不可提供當日下水安全判定。,確認時區（疑似 UTC+8）；確認授權（IHMT）；確認 qc 與 realtime 時間範圍
歷史品管、即時海氣象水文觀測資料\IHMT\布袋港-浮球式波流觀測站\realtime\2025.csv,歷史品管與即時海氣象水文觀測資料（IHMT）,.csv,612435,2026-09-17T18:54:01+08:00,CSV,utf-8-sig,測站編號; 時間; 陣風_風速; 風速; 風向; 氣壓; 氣溫; 海面溫度; 示性波高; 平均週期; 波向; 波浪尖峰週期; 流速; 分層流速{深度:流速}; 流向,中心經度; 中心緯度,,時間,2025–2025,6399,IHMT,需確認各提供者授權條件,高（涉及安全決策風險）,live_or_time_series_candidate,時序工具候選,IHMT realtime（即時） 資料。研究統計優先使用 qc 品管版本。不可列為 document_rag_candidate。歷史資料僅可回答歷史描述，不可提供當日下水安全判定。,確認時區（疑似 UTC+8）；確認授權（IHMT）；確認 qc 與 realtime 時間範圍
歷史品管、即時海氣象水文觀測資料\IHMT\布袋港-港務公司頂樓\LonLat.csv,歷史品管與即時海氣象水文觀測資料（IHMT）,.csv,53,2026-09-17T18:54:01+08:00,CSV,utf-8-sig,CenterLongitude; CenterLatitude,CenterLongitude; CenterLatitude,,,,2,IHMT,需確認各提供者授權條件,高（涉及安全決策風險）,live_or_time_series_candidate,時序工具候選,IHMT 座標或後設 資料。研究統計優先使用 qc 品管版本。不可列為 document_rag_candidate。歷史資料僅可回答歷史描述，不可提供當日下水安全判定。,確認時區（疑似 UTC+8）；確認授權（IHMT）；確認 qc 與 realtime 時間範圍
歷史品管、即時海氣象水文觀測資料\IHMT\布袋港-港務公司頂樓\qc\2023.csv,歷史品管與即時海氣象水文觀測資料（IHMT）,.csv,566767,2026-09-17T18:54:01+08:00,CSV,utf-8-sig,測站編號; 時間; 陣風_風速; 風速; 風向; 氣壓; 氣溫; 海面溫度; 示性波高; 平均週期; 波向; 波浪尖峰週期; 流速; 分層流速{深度:流速}; 流向,中心經度; 中心緯度,,時間,2023–2023,6120,IHMT,需確認各提供者授權條件,高（涉及安全決策風險）,live_or_time_series_candidate,時序工具候選,IHMT qc（品管歷史） 資料。研究統計優先使用 qc 品管版本。不可列為 document_rag_candidate。歷史資料僅可回答歷史描述，不可提供當日下水安全判定。,確認時區（疑似 UTC+8）；確認授權（IHMT）；確認 qc 與 realtime 時間範圍
歷史品管、即時海氣象水文觀測資料\IHMT\布袋港-港務公司頂樓\qc\2024.csv,歷史品管與即時海氣象水文觀測資料（IHMT）,.csv,3334226,2026-09-17T18:54:01+08:00,CSV,utf-8-sig,測站編號; 時間; 陣風_風速; 風速; 風向; 氣壓; 氣溫; 海面溫度; 示性波高; 平均週期; 波向; 波浪尖峰週期; 流速; 分層流速{深度:流速}; 流向,中心經度; 中心緯度,,時間,2024–2024,36801,IHMT,需確認各提供者授權條件,高（涉及安全決策風險）,live_or_time_series_candidate,時序工具候選,IHMT qc（品管歷史） 資料。研究統計優先使用 qc 品管版本。不可列為 document_rag_candidate。歷史資料僅可回答歷史描述，不可提供當日下水安全判定。,確認時區（疑似 UTC+8）；確認授權（IHMT）；確認 qc 與 realtime 時間範圍
歷史品管、即時海氣象水文觀測資料\IHMT\布袋港-港務公司頂樓\qc\2025.csv,歷史品管與即時海氣象水文觀測資料（IHMT）,.csv,3324926,2026-09-17T18:54:01+08:00,CSV,utf-8-sig,測站編號; 時間; 陣風_風速; 風速; 風向; 氣壓; 氣溫; 海面溫度; 示性波高; 平均週期; 波向; 波浪尖峰週期; 流速; 分層流速{深度:流速}; 流向,中心經度; 中心緯度,,時間,2025–2025,36698,IHMT,需確認各提供者授權條件,高（涉及安全決策風險）,live_or_time_series_candidate,時序工具候選,IHMT qc（品管歷史） 資料。研究統計優先使用 qc 品管版本。不可列為 document_rag_candidate。歷史資料僅可回答歷史描述，不可提供當日下水安全判定。,確認時區（疑似 UTC+8）；確認授權（IHMT）；確認 qc 與 realtime 時間範圍
歷史品管、即時海氣象水文觀測資料\IHMT\布袋港-港務公司頂樓\realtime\2023.csv,歷史品管與即時海氣象水文觀測資料（IHMT）,.csv,552171,2026-09-17T18:54:01+08:00,CSV,utf-8-sig,測站編號; 時間; 陣風_風速; 風速; 風向; 氣壓; 氣溫; 海面溫度; 示性波高; 平均週期; 波向; 波浪尖峰週期; 流速; 分層流速{深度:流速}; 流向,中心經度; 中心緯度,,時間,2023–2023,5962,IHMT,需確認各提供者授權條件,高（涉及安全決策風險）,live_or_time_series_candidate,時序工具候選,IHMT realtime（即時） 資料。研究統計優先使用 qc 品管版本。不可列為 document_rag_candidate。歷史資料僅可回答歷史描述，不可提供當日下水安全判定。,確認時區（疑似 UTC+8）；確認授權（IHMT）；確認 qc 與 realtime 時間範圍
歷史品管、即時海氣象水文觀測資料\IHMT\布袋港-港務公司頂樓\realtime\2024.csv,歷史品管與即時海氣象水文觀測資料（IHMT）,.csv,415544,2026-09-17T18:54:01+08:00,CSV,utf-8-sig,測站編號; 時間; 陣風_風速; 風速; 風向; 氣壓; 氣溫; 海面溫度; 示性波高; 平均週期; 波向; 波浪尖峰週期; 流速; 分層流速{深度:流速}; 流向,中心經度; 中心緯度,,時間,2024–2024,4571,IHMT,需確認各提供者授權條件,高（涉及安全決策風險）,live_or_time_series_candidate,時序工具候選,IHMT realtime（即時） 資料。研究統計優先使用 qc 品管版本。不可列為 document_rag_candidate。歷史資料僅可回答歷史描述，不可提供當日下水安全判定。,確認時區（疑似 UTC+8）；確認授權（IHMT）；確認 qc 與 realtime 時間範圍
歷史品管、即時海氣象水文觀測資料\IHMT\澎湖馬公港\LonLat.csv,歷史品管與即時海氣象水文觀測資料（IHMT）,.csv,50,2026-09-17T18:54:01+08:00,CSV,utf-8-sig,CenterLongitude; CenterLatitude,CenterLongitude; CenterLatitude,,,,2,IHMT,需確認各提供者授權條件,高（涉及安全決策風險）,live_or_time_series_candidate,時序工具候選,IHMT 座標或後設 資料。研究統計優先使用 qc 品管版本。不可列為 document_rag_candidate。歷史資料僅可回答歷史描述，不可提供當日下水安全判定。,確認時區（疑似 UTC+8）；確認授權（IHMT）；確認 qc 與 realtime 時間範圍
歷史品管、即時海氣象水文觀測資料\IHMT\澎湖馬公港\qc\2024.csv,歷史品管與即時海氣象水文觀測資料（IHMT）,.csv,3913401,2026-09-17T18:54:01+08:00,CSV,utf-8-sig,測站編號; 時間; 陣風_風速; 風速; 風向; 氣壓; 氣溫; 海面溫度; 示性波高; 平均週期; 波向; 波浪尖峰週期; 流速; 分層流速{深度:流速}; 流向,中心經度; 中心緯度,,時間,2024–2024,42583,IHMT,需確認各提供者授權條件,高（涉及安全決策風險）,live_or_time_series_candidate,時序工具候選,IHMT qc（品管歷史） 資料。研究統計優先使用 qc 品管版本。不可列為 document_rag_candidate。歷史資料僅可回答歷史描述，不可提供當日下水安全判定。,確認時區（疑似 UTC+8）；確認授權（IHMT）；確認 qc 與 realtime 時間範圍
歷史品管、即時海氣象水文觀測資料\IHMT\澎湖馬公港\qc\2025.csv,歷史品管與即時海氣象水文觀測資料（IHMT）,.csv,3940873,2026-09-17T18:54:01+08:00,CSV,utf-8-sig,測站編號; 時間; 陣風_風速; 風速; 風向; 氣壓; 氣溫; 海面溫度; 示性波高; 平均週期; 波向; 波浪尖峰週期; 流速; 分層流速{深度:流速}; 流向,中心經度; 中心緯度,,時間,2025–2025,43116,IHMT,需確認各提供者授權條件,高（涉及安全決策風險）,live_or_time_series_candidate,時序工具候選,IHMT qc（品管歷史） 資料。研究統計優先使用 qc 品管版本。不可列為 document_rag_candidate。歷史資料僅可回答歷史描述，不可提供當日下水安全判定。,確認時區（疑似 UTC+8）；確認授權（IHMT）；確認 qc 與 realtime 時間範圍
歷史品管、即時海氣象水文觀測資料\IHMT\澎湖龍門尖山港\LonLat.csv,歷史品管與即時海氣象水文觀測資料（IHMT）,.csv,50,2026-09-17T18:54:01+08:00,CSV,utf-8-sig,CenterLongitude; CenterLatitude,CenterLongitude; CenterLatitude,,,,2,IHMT,需確認各提供者授權條件,高（涉及安全決策風險）,live_or_time_series_candidate,時序工具候選,IHMT 座標或後設 資料。研究統計優先使用 qc 品管版本。不可列為 document_rag_candidate。歷史資料僅可回答歷史描述，不可提供當日下水安全判定。,確認時區（疑似 UTC+8）；確認授權（IHMT）；確認 qc 與 realtime 時間範圍
歷史品管、即時海氣象水文觀測資料\IHMT\澎湖龍門尖山港\qc\2024.csv,歷史品管與即時海氣象水文觀測資料（IHMT）,.csv,4630122,2026-09-17T18:54:01+08:00,CSV,utf-8-sig,測站編號; 時間; 陣風_風速; 風速; 風向; 氣壓; 氣溫; 海面溫度; 示性波高; 平均週期; 波向; 波浪尖峰週期; 流速; 分層流速{深度:流速}; 流向,中心經度; 中心緯度,,時間,2024–2024,50824,IHMT,需確認各提供者授權條件,高（涉及安全決策風險）,live_or_time_series_candidate,時序工具候選,IHMT qc（品管歷史） 資料。研究統計優先使用 qc 品管版本。不可列為 document_rag_candidate。歷史資料僅可回答歷史描述，不可提供當日下水安全判定。,確認時區（疑似 UTC+8）；確認授權（IHMT）；確認 qc 與 realtime 時間範圍
歷史品管、即時海氣象水文觀測資料\IHMT\澎湖龍門尖山港\qc\2025.csv,歷史品管與即時海氣象水文觀測資料（IHMT）,.csv,4656560,2026-09-17T18:54:01+08:00,CSV,utf-8-sig,測站編號; 時間; 陣風_風速; 風速; 風向; 氣壓; 氣溫; 海面溫度; 示性波高; 平均週期; 波向; 波浪尖峰週期; 流速; 分層流速{深度:流速}; 流向,中心經度; 中心緯度,,時間,2025–2025,51453,IHMT,需確認各提供者授權條件,高（涉及安全決策風險）,live_or_time_series_candidate,時序工具候選,IHMT qc（品管歷史） 資料。研究統計優先使用 qc 品管版本。不可列為 document_rag_candidate。歷史資料僅可回答歷史描述，不可提供當日下水安全判定。,確認時區（疑似 UTC+8）；確認授權（IHMT）；確認 qc 與 realtime 時間範圍
歷史品管、即時海氣象水文觀測資料\IHMT\臺中港-15碼頭\LonLat.csv,歷史品管與即時海氣象水文觀測資料（IHMT）,.csv,52,2026-09-17T18:54:01+08:00,CSV,utf-8-sig,CenterLongitude; CenterLatitude,CenterLongitude; CenterLatitude,,,,2,IHMT,需確認各提供者授權條件,高（涉及安全決策風險）,live_or_time_series_candidate,時序工具候選,IHMT 座標或後設 資料。研究統計優先使用 qc 品管版本。不可列為 document_rag_candidate。歷史資料僅可回答歷史描述，不可提供當日下水安全判定。,確認時區（疑似 UTC+8）；確認授權（IHMT）；確認 qc 與 realtime 時間範圍
歷史品管、即時海氣象水文觀測資料\IHMT\臺中港-15碼頭\qc\2023.csv,歷史品管與即時海氣象水文觀測資料（IHMT）,.csv,555465,2026-09-17T18:54:01+08:00,CSV,utf-8-sig,測站編號; 時間; 陣風_風速; 風速; 風向; 氣壓; 氣溫; 海面溫度; 示性波高; 平均週期; 波向; 波浪尖峰週期; 流速; 分層流速{深度:流速}; 流向,中心經度; 中心緯度,,時間,2023–2023,6104,IHMT,需確認各提供者授權條件,高（涉及安全決策風險）,live_or_time_series_candidate,時序工具候選,IHMT qc（品管歷史） 資料。研究統計優先使用 qc 品管版本。不可列為 document_rag_candidate。歷史資料僅可回答歷史描述，不可提供當日下水安全判定。,確認時區（疑似 UTC+8）；確認授權（IHMT）；確認 qc 與 realtime 時間範圍
歷史品管、即時海氣象水文觀測資料\IHMT\臺中港-15碼頭\qc\2024.csv,歷史品管與即時海氣象水文觀測資料（IHMT）,.csv,554188,2026-09-17T18:54:01+08:00,CSV,utf-8-sig,測站編號; 時間; 陣風_風速; 風速; 風向; 氣壓; 氣溫; 海面溫度; 示性波高; 平均週期; 波向; 波浪尖峰週期; 流速; 分層流速{深度:流速}; 流向,中心經度; 中心緯度,,時間,2024–2024,6096,IHMT,需確認各提供者授權條件,高（涉及安全決策風險）,live_or_time_series_candidate,時序工具候選,IHMT qc（品管歷史） 資料。研究統計優先使用 qc 品管版本。不可列為 document_rag_candidate。歷史資料僅可回答歷史描述，不可提供當日下水安全判定。,確認時區（疑似 UTC+8）；確認授權（IHMT）；確認 qc 與 realtime 時間範圍
歷史品管、即時海氣象水文觀測資料\IHMT\臺中港-15碼頭\qc\2025.csv,歷史品管與即時海氣象水文觀測資料（IHMT）,.csv,555464,2026-09-17T18:54:01+08:00,CSV,utf-8-sig,測站編號; 時間; 陣風_風速; 風速; 風向; 氣壓; 氣溫; 海面溫度; 示性波高; 平均週期; 波向; 波浪尖峰週期; 流速; 分層流速{深度:流速}; 流向,中心經度; 中心緯度,,時間,2025–2025,6097,IHMT,需確認各提供者授權條件,高（涉及安全決策風險）,live_or_time_series_candidate,時序工具候選,IHMT qc（品管歷史） 資料。研究統計優先使用 qc 品管版本。不可列為 document_rag_candidate。歷史資料僅可回答歷史描述，不可提供當日下水安全判定。,確認時區（疑似 UTC+8）；確認授權（IHMT）；確認 qc 與 realtime 時間範圍
歷史品管、即時海氣象水文觀測資料\IHMT\臺中港-15碼頭\realtime\2023.csv,歷史品管與即時海氣象水文觀測資料（IHMT）,.csv,526835,2026-09-17T18:54:01+08:00,CSV,utf-8-sig,測站編號; 時間; 陣風_風速; 風速; 風向; 氣壓; 氣溫; 海面溫度; 示性波高; 平均週期; 波向; 波浪尖峰週期; 流速; 分層流速{深度:流速}; 流向,中心經度; 中心緯度,,時間,2023–2023,5814,IHMT,需確認各提供者授權條件,高（涉及安全決策風險）,live_or_time_series_candidate,時序工具候選,IHMT realtime（即時） 資料。研究統計優先使用 qc 品管版本。不可列為 document_rag_candidate。歷史資料僅可回答歷史描述，不可提供當日下水安全判定。,確認時區（疑似 UTC+8）；確認授權（IHMT）；確認 qc 與 realtime 時間範圍
歷史品管、即時海氣象水文觀測資料\IHMT\臺中港-15碼頭\realtime\2024.csv,歷史品管與即時海氣象水文觀測資料（IHMT）,.csv,531426,2026-09-17T18:54:01+08:00,CSV,utf-8-sig,測站編號; 時間; 陣風_風速; 風速; 風向; 氣壓; 氣溫; 海面溫度; 示性波高; 平均週期; 波向; 波浪尖峰週期; 流速; 分層流速{深度:流速}; 流向,中心經度; 中心緯度,,時間,2024–2024,5911,IHMT,需確認各提供者授權條件,高（涉及安全決策風險）,live_or_time_series_candidate,時序工具候選,IHMT realtime（即時） 資料。研究統計優先使用 qc 品管版本。不可列為 document_rag_candidate。歷史資料僅可回答歷史描述，不可提供當日下水安全判定。,確認時區（疑似 UTC+8）；確認授權（IHMT）；確認 qc 與 realtime 時間範圍
歷史品管、即時海氣象水文觀測資料\IHMT\臺中港-15碼頭\realtime\2025.csv,歷史品管與即時海氣象水文觀測資料（IHMT）,.csv,537022,2026-09-17T18:54:01+08:00,CSV,utf-8-sig,測站編號; 時間; 陣風_風速; 風速; 風向; 氣壓; 氣溫; 海面溫度; 示性波高; 平均週期; 波向; 波浪尖峰週期; 流速; 分層流速{深度:流速}; 流向,中心經度; 中心緯度,,時間,2025–2025,5966,IHMT,需確認各提供者授權條件,高（涉及安全決策風險）,live_or_time_series_candidate,時序工具候選,IHMT realtime（即時） 資料。研究統計優先使用 qc 品管版本。不可列為 document_rag_candidate。歷史資料僅可回答歷史描述，不可提供當日下水安全判定。,確認時區（疑似 UTC+8）；確認授權（IHMT）；確認 qc 與 realtime 時間範圍
歷史品管、即時海氣象水文觀測資料\IHMT\臺中港-北堤綠燈塔\LonLat.csv,歷史品管與即時海氣象水文觀測資料（IHMT）,.csv,52,2026-09-17T18:54:01+08:00,CSV,utf-8-sig,CenterLongitude; CenterLatitude,CenterLongitude; CenterLatitude,,,,2,IHMT,需確認各提供者授權條件,高（涉及安全決策風險）,live_or_time_series_candidate,時序工具候選,IHMT 座標或後設 資料。研究統計優先使用 qc 品管版本。不可列為 document_rag_candidate。歷史資料僅可回答歷史描述，不可提供當日下水安全判定。,確認時區（疑似 UTC+8）；確認授權（IHMT）；確認 qc 與 realtime 時間範圍
歷史品管、即時海氣象水文觀測資料\IHMT\臺中港-北堤綠燈塔\qc\2023.csv,歷史品管與即時海氣象水文觀測資料（IHMT）,.csv,553067,2026-09-17T18:54:01+08:00,CSV,utf-8-sig,測站編號; 時間; 陣風_風速; 風速; 風向; 氣壓; 氣溫; 海面溫度; 示性波高; 平均週期; 波向; 波浪尖峰週期; 流速; 分層流速{深度:流速}; 流向,中心經度; 中心緯度,,時間,2023–2023,6051,IHMT,需確認各提供者授權條件,高（涉及安全決策風險）,live_or_time_series_candidate,時序工具候選,IHMT qc（品管歷史） 資料。研究統計優先使用 qc 品管版本。不可列為 document_rag_candidate。歷史資料僅可回答歷史描述，不可提供當日下水安全判定。,確認時區（疑似 UTC+8）；確認授權（IHMT）；確認 qc 與 realtime 時間範圍
歷史品管、即時海氣象水文觀測資料\IHMT\臺中港-北堤綠燈塔\qc\2024.csv,歷史品管與即時海氣象水文觀測資料（IHMT）,.csv,3353661,2026-09-17T18:54:01+08:00,CSV,utf-8-sig,測站編號; 時間; 陣風_風速; 風速; 風向; 氣壓; 氣溫; 海面溫度; 示性波高; 平均週期; 波向; 波浪尖峰週期; 流速; 分層流速{深度:流速}; 流向,中心經度; 中心緯度,,時間,2024–2024,36732,IHMT,需確認各提供者授權條件,高（涉及安全決策風險）,live_or_time_series_candidate,時序工具候選,IHMT qc（品管歷史） 資料。研究統計優先使用 qc 品管版本。不可列為 document_rag_candidate。歷史資料僅可回答歷史描述，不可提供當日下水安全判定。,確認時區（疑似 UTC+8）；確認授權（IHMT）；確認 qc 與 realtime 時間範圍
歷史品管、即時海氣象水文觀測資料\IHMT\臺中港-北堤綠燈塔\qc\2025.csv,歷史品管與即時海氣象水文觀測資料（IHMT）,.csv,3343664,2026-09-17T18:54:01+08:00,CSV,utf-8-sig,測站編號; 時間; 陣風_風速; 風速; 風向; 氣壓; 氣溫; 海面溫度; 示性波高; 平均週期; 波向; 波浪尖峰週期; 流速; 分層流速{深度:流速}; 流向,中心經度; 中心緯度,,時間,2025–2025,36582,IHMT,需確認各提供者授權條件,高（涉及安全決策風險）,live_or_time_series_candidate,時序工具候選,IHMT qc（品管歷史） 資料。研究統計優先使用 qc 品管版本。不可列為 document_rag_candidate。歷史資料僅可回答歷史描述，不可提供當日下水安全判定。,確認時區（疑似 UTC+8）；確認授權（IHMT）；確認 qc 與 realtime 時間範圍
歷史品管、即時海氣象水文觀測資料\IHMT\臺中港-北堤綠燈塔\realtime\2023.csv,歷史品管與即時海氣象水文觀測資料（IHMT）,.csv,513365,2026-09-17T18:54:01+08:00,CSV,utf-8-sig,測站編號; 時間; 陣風_風速; 風速; 風向; 氣壓; 氣溫; 海面溫度; 示性波高; 平均週期; 波向; 波浪尖峰週期; 流速; 分層流速{深度:流速}; 流向,中心經度; 中心緯度,,時間,2023–2023,5580,IHMT,需確認各提供者授權條件,高（涉及安全決策風險）,live_or_time_series_candidate,時序工具候選,IHMT realtime（即時） 資料。研究統計優先使用 qc 品管版本。不可列為 document_rag_candidate。歷史資料僅可回答歷史描述，不可提供當日下水安全判定。,確認時區（疑似 UTC+8）；確認授權（IHMT）；確認 qc 與 realtime 時間範圍
歷史品管、即時海氣象水文觀測資料\IHMT\臺中港-北堤綠燈塔\realtime\2024.csv,歷史品管與即時海氣象水文觀測資料（IHMT）,.csv,550577,2026-09-17T18:54:01+08:00,CSV,utf-8-sig,測站編號; 時間; 陣風_風速; 風速; 風向; 氣壓; 氣溫; 海面溫度; 示性波高; 平均週期; 波向; 波浪尖峰週期; 流速; 分層流速{深度:流速}; 流向,中心經度; 中心緯度,,時間,2024–2024,5984,IHMT,需確認各提供者授權條件,高（涉及安全決策風險）,live_or_time_series_candidate,時序工具候選,IHMT realtime（即時） 資料。研究統計優先使用 qc 品管版本。不可列為 document_rag_candidate。歷史資料僅可回答歷史描述，不可提供當日下水安全判定。,確認時區（疑似 UTC+8）；確認授權（IHMT）；確認 qc 與 realtime 時間範圍
歷史品管、即時海氣象水文觀測資料\IHMT\臺中港-北堤綠燈塔\realtime\2025.csv,歷史品管與即時海氣象水文觀測資料（IHMT）,.csv,546536,2026-09-17T18:54:01+08:00,CSV,utf-8-sig,測站編號; 時間; 陣風_風速; 風速; 風向; 氣壓; 氣溫; 海面溫度; 示性波高; 平均週期; 波向; 波浪尖峰週期; 流速; 分層流速{深度:流速}; 流向,中心經度; 中心緯度,,時間,2025–2025,6039,IHMT,需確認各提供者授權條件,高（涉及安全決策風險）,live_or_time_series_candidate,時序工具候選,IHMT realtime（即時） 資料。研究統計優先使用 qc 品管版本。不可列為 document_rag_candidate。歷史資料僅可回答歷史描述，不可提供當日下水安全判定。,確認時區（疑似 UTC+8）；確認授權（IHMT）；確認 qc 與 realtime 時間範圍
歷史品管、即時海氣象水文觀測資料\IHMT\臺中港-底碇式波流觀測站(綠燈塔)\LonLat.csv,歷史品管與即時海氣象水文觀測資料（IHMT）,.csv,52,2026-09-17T18:54:01+08:00,CSV,utf-8-sig,CenterLongitude; CenterLatitude,CenterLongitude; CenterLatitude,,,,2,IHMT,需確認各提供者授權條件,高（涉及安全決策風險）,live_or_time_series_candidate,時序工具候選,IHMT 座標或後設 資料。研究統計優先使用 qc 品管版本。不可列為 document_rag_candidate。歷史資料僅可回答歷史描述，不可提供當日下水安全判定。,確認時區（疑似 UTC+8）；確認授權（IHMT）；確認 qc 與 realtime 時間範圍
歷史品管、即時海氣象水文觀測資料\IHMT\臺中港-底碇式波流觀測站(綠燈塔)\qc\2023.csv,歷史品管與即時海氣象水文觀測資料（IHMT）,.csv,1357527,2026-09-17T18:54:01+08:00,CSV,utf-8-sig,測站編號; 時間; 陣風_風速; 風速; 風向; 氣壓; 氣溫; 海面溫度; 示性波高; 平均週期; 波向; 波浪尖峰週期; 流速; 分層流速{深度:流速}; 流向,中心經度; 中心緯度,,時間,2023–2023,13244,IHMT,需確認各提供者授權條件,高（涉及安全決策風險）,live_or_time_series_candidate,時序工具候選,IHMT qc（品管歷史） 資料。研究統計優先使用 qc 品管版本。不可列為 document_rag_candidate。歷史資料僅可回答歷史描述，不可提供當日下水安全判定。,確認時區（疑似 UTC+8）；確認授權（IHMT）；確認 qc 與 realtime 時間範圍
歷史品管、即時海氣象水文觀測資料\IHMT\臺中港-底碇式波流觀測站(綠燈塔)\qc\2024.csv,歷史品管與即時海氣象水文觀測資料（IHMT）,.csv,1364018,2026-09-17T18:54:01+08:00,CSV,utf-8-sig,測站編號; 時間; 陣風_風速; 風速; 風向; 氣壓; 氣溫; 海面溫度; 示性波高; 平均週期; 波向; 波浪尖峰週期; 流速; 分層流速{深度:流速}; 流向,中心經度; 中心緯度,,時間,2024–2024,13307,IHMT,需確認各提供者授權條件,高（涉及安全決策風險）,live_or_time_series_candidate,時序工具候選,IHMT qc（品管歷史） 資料。研究統計優先使用 qc 品管版本。不可列為 document_rag_candidate。歷史資料僅可回答歷史描述，不可提供當日下水安全判定。,確認時區（疑似 UTC+8）；確認授權（IHMT）；確認 qc 與 realtime 時間範圍
歷史品管、即時海氣象水文觀測資料\IHMT\臺中港-底碇式波流觀測站(綠燈塔)\qc\2025.csv,歷史品管與即時海氣象水文觀測資料（IHMT）,.csv,995729,2026-09-17T18:54:01+08:00,CSV,utf-8-sig,測站編號; 時間; 陣風_風速; 風速; 風向; 氣壓; 氣溫; 海面溫度; 示性波高; 平均週期; 波向; 波浪尖峰週期; 流速; 分層流速{深度:流速}; 流向,中心經度; 中心緯度,,時間,2025–2025,9733,IHMT,需確認各提供者授權條件,高（涉及安全決策風險）,live_or_time_series_candidate,時序工具候選,IHMT qc（品管歷史） 資料。研究統計優先使用 qc 品管版本。不可列為 document_rag_candidate。歷史資料僅可回答歷史描述，不可提供當日下水安全判定。,確認時區（疑似 UTC+8）；確認授權（IHMT）；確認 qc 與 realtime 時間範圍
歷史品管、即時海氣象水文觀測資料\IHMT\臺中港-底碇式波流觀測站(綠燈塔)\realtime\2023.csv,歷史品管與即時海氣象水文觀測資料（IHMT）,.csv,658034,2026-09-17T18:54:01+08:00,CSV,utf-8-sig,測站編號; 時間; 陣風_風速; 風速; 風向; 氣壓; 氣溫; 海面溫度; 示性波高; 平均週期; 波向; 波浪尖峰週期; 流速; 分層流速{深度:流速}; 流向,中心經度; 中心緯度,,時間,2023–2023,6376,IHMT,需確認各提供者授權條件,高（涉及安全決策風險）,live_or_time_series_candidate,時序工具候選,IHMT realtime（即時） 資料。研究統計優先使用 qc 品管版本。不可列為 document_rag_candidate。歷史資料僅可回答歷史描述，不可提供當日下水安全判定。,確認時區（疑似 UTC+8）；確認授權（IHMT）；確認 qc 與 realtime 時間範圍
歷史品管、即時海氣象水文觀測資料\IHMT\臺中港-底碇式波流觀測站(綠燈塔)\realtime\2024.csv,歷史品管與即時海氣象水文觀測資料（IHMT）,.csv,539283,2026-09-17T18:54:01+08:00,CSV,utf-8-sig,測站編號; 時間; 陣風_風速; 風速; 風向; 氣壓; 氣溫; 海面溫度; 示性波高; 平均週期; 波向; 波浪尖峰週期; 流速; 分層流速{深度:流速}; 流向,中心經度; 中心緯度,,時間,2024–2024,5240,IHMT,需確認各提供者授權條件,高（涉及安全決策風險）,live_or_time_series_candidate,時序工具候選,IHMT realtime（即時） 資料。研究統計優先使用 qc 品管版本。不可列為 document_rag_candidate。歷史資料僅可回答歷史描述，不可提供當日下水安全判定。,確認時區（疑似 UTC+8）；確認授權（IHMT）；確認 qc 與 realtime 時間範圍
歷史品管、即時海氣象水文觀測資料\IHMT\臺中港-底碇式波流觀測站(綠燈塔)\realtime\2025.csv,歷史品管與即時海氣象水文觀測資料（IHMT）,.csv,140923,2026-09-17T18:54:01+08:00,CSV,utf-8-sig,測站編號; 時間; 陣風_風速; 風速; 風向; 氣壓; 氣溫; 海面溫度; 示性波高; 平均週期; 波向; 波浪尖峰週期; 流速; 分層流速{深度:流速}; 流向,中心經度; 中心緯度,,時間,2025–2025,1412,IHMT,需確認各提供者授權條件,高（涉及安全決策風險）,live_or_time_series_candidate,時序工具候選,IHMT realtime（即時） 資料。研究統計優先使用 qc 品管版本。不可列為 document_rag_candidate。歷史資料僅可回答歷史描述，不可提供當日下水安全判定。,確認時區（疑似 UTC+8）；確認授權（IHMT）；確認 qc 與 realtime 時間範圍
歷史品管、即時海氣象水文觀測資料\IHMT\臺北港-北2碼頭\LonLat.csv,歷史品管與即時海氣象水文觀測資料（IHMT）,.csv,51,2026-09-17T18:54:01+08:00,CSV,utf-8-sig,CenterLongitude; CenterLatitude,CenterLongitude; CenterLatitude,,,,2,IHMT,需確認各提供者授權條件,高（涉及安全決策風險）,live_or_time_series_candidate,時序工具候選,IHMT 座標或後設 資料。研究統計優先使用 qc 品管版本。不可列為 document_rag_candidate。歷史資料僅可回答歷史描述，不可提供當日下水安全判定。,確認時區（疑似 UTC+8）；確認授權（IHMT）；確認 qc 與 realtime 時間範圍
歷史品管、即時海氣象水文觀測資料\IHMT\臺北港-北2碼頭\qc\2023.csv,歷史品管與即時海氣象水文觀測資料（IHMT）,.csv,5551559,2026-09-17T18:54:01+08:00,CSV,utf-8-sig,測站編號; 時間; 陣風_風速; 風速; 風向; 氣壓; 氣溫; 海面溫度; 示性波高; 平均週期; 波向; 波浪尖峰週期; 流速; 分層流速{深度:流速}; 流向,中心經度; 中心緯度,,時間,2023–2023,60805,IHMT,需確認各提供者授權條件,高（涉及安全決策風險）,live_or_time_series_candidate,時序工具候選,IHMT qc（品管歷史） 資料。研究統計優先使用 qc 品管版本。不可列為 document_rag_candidate。歷史資料僅可回答歷史描述，不可提供當日下水安全判定。,確認時區（疑似 UTC+8）；確認授權（IHMT）；確認 qc 與 realtime 時間範圍
歷史品管、即時海氣象水文觀測資料\IHMT\臺北港-北2碼頭\qc\2024.csv,歷史品管與即時海氣象水文觀測資料（IHMT）,.csv,5641159,2026-09-17T18:54:01+08:00,CSV,utf-8-sig,測站編號; 時間; 陣風_風速; 風速; 風向; 氣壓; 氣溫; 海面溫度; 示性波高; 平均週期; 波向; 波浪尖峰週期; 流速; 分層流速{深度:流速}; 流向,中心經度; 中心緯度,,時間,2024–2024,61854,IHMT,需確認各提供者授權條件,高（涉及安全決策風險）,live_or_time_series_candidate,時序工具候選,IHMT qc（品管歷史） 資料。研究統計優先使用 qc 品管版本。不可列為 document_rag_candidate。歷史資料僅可回答歷史描述，不可提供當日下水安全判定。,確認時區（疑似 UTC+8）；確認授權（IHMT）；確認 qc 與 realtime 時間範圍
歷史品管、即時海氣象水文觀測資料\IHMT\臺北港-北2碼頭\qc\2025.csv,歷史品管與即時海氣象水文觀測資料（IHMT）,.csv,537868,2026-09-17T18:54:01+08:00,CSV,utf-8-sig,測站編號; 時間; 陣風_風速; 風速; 風向; 氣壓; 氣溫; 海面溫度; 示性波高; 平均週期; 波向; 波浪尖峰週期; 流速; 分層流速{深度:流速}; 流向,中心經度; 中心緯度,,時間,2025–2025,5910,IHMT,需確認各提供者授權條件,高（涉及安全決策風險）,live_or_time_series_candidate,時序工具候選,IHMT qc（品管歷史） 資料。研究統計優先使用 qc 品管版本。不可列為 document_rag_candidate。歷史資料僅可回答歷史描述，不可提供當日下水安全判定。,確認時區（疑似 UTC+8）；確認授權（IHMT）；確認 qc 與 realtime 時間範圍
歷史品管、即時海氣象水文觀測資料\IHMT\臺北港-北2碼頭\realtime\2023.csv,歷史品管與即時海氣象水文觀測資料（IHMT）,.csv,526539,2026-09-17T18:54:01+08:00,CSV,utf-8-sig,測站編號; 時間; 陣風_風速; 風速; 風向; 氣壓; 氣溫; 海面溫度; 示性波高; 平均週期; 波向; 波浪尖峰週期; 流速; 分層流速{深度:流速}; 流向,中心經度; 中心緯度,,時間,2023–2023,5811,IHMT,需確認各提供者授權條件,高（涉及安全決策風險）,live_or_time_series_candidate,時序工具候選,IHMT realtime（即時） 資料。研究統計優先使用 qc 品管版本。不可列為 document_rag_candidate。歷史資料僅可回答歷史描述，不可提供當日下水安全判定。,確認時區（疑似 UTC+8）；確認授權（IHMT）；確認 qc 與 realtime 時間範圍
歷史品管、即時海氣象水文觀測資料\IHMT\臺北港-北2碼頭\realtime\2024.csv,歷史品管與即時海氣象水文觀測資料（IHMT）,.csv,532072,2026-09-17T18:54:01+08:00,CSV,utf-8-sig,測站編號; 時間; 陣風_風速; 風速; 風向; 氣壓; 氣溫; 海面溫度; 示性波高; 平均週期; 波向; 波浪尖峰週期; 流速; 分層流速{深度:流速}; 流向,中心經度; 中心緯度,,時間,2024–2024,5918,IHMT,需確認各提供者授權條件,高（涉及安全決策風險）,live_or_time_series_candidate,時序工具候選,IHMT realtime（即時） 資料。研究統計優先使用 qc 品管版本。不可列為 document_rag_candidate。歷史資料僅可回答歷史描述，不可提供當日下水安全判定。,確認時區（疑似 UTC+8）；確認授權（IHMT）；確認 qc 與 realtime 時間範圍
歷史品管、即時海氣象水文觀測資料\IHMT\臺北港-北2碼頭\realtime\2025.csv,歷史品管與即時海氣象水文觀測資料（IHMT）,.csv,537089,2026-09-17T18:54:01+08:00,CSV,utf-8-sig,測站編號; 時間; 陣風_風速; 風速; 風向; 氣壓; 氣溫; 海面溫度; 示性波高; 平均週期; 波向; 波浪尖峰週期; 流速; 分層流速{深度:流速}; 流向,中心經度; 中心緯度,,時間,2025–2025,5954,IHMT,需確認各提供者授權條件,高（涉及安全決策風險）,live_or_time_series_candidate,時序工具候選,IHMT realtime（即時） 資料。研究統計優先使用 qc 品管版本。不可列為 document_rag_candidate。歷史資料僅可回答歷史描述，不可提供當日下水安全判定。,確認時區（疑似 UTC+8）；確認授權（IHMT）；確認 qc 與 realtime 時間範圍
歷史品管、即時海氣象水文觀測資料\IHMT\臺北港-小綠燈塔\LonLat.csv,歷史品管與即時海氣象水文觀測資料（IHMT）,.csv,52,2026-09-17T18:54:01+08:00,CSV,utf-8-sig,CenterLongitude; CenterLatitude,CenterLongitude; CenterLatitude,,,,2,IHMT,需確認各提供者授權條件,高（涉及安全決策風險）,live_or_time_series_candidate,時序工具候選,IHMT 座標或後設 資料。研究統計優先使用 qc 品管版本。不可列為 document_rag_candidate。歷史資料僅可回答歷史描述，不可提供當日下水安全判定。,確認時區（疑似 UTC+8）；確認授權（IHMT）；確認 qc 與 realtime 時間範圍
歷史品管、即時海氣象水文觀測資料\IHMT\臺北港-小綠燈塔\qc\2023.csv,歷史品管與即時海氣象水文觀測資料（IHMT）,.csv,554466,2026-09-17T18:54:01+08:00,CSV,utf-8-sig,測站編號; 時間; 陣風_風速; 風速; 風向; 氣壓; 氣溫; 海面溫度; 示性波高; 平均週期; 波向; 波浪尖峰週期; 流速; 分層流速{深度:流速}; 流向,中心經度; 中心緯度,,時間,2023–2023,6133,IHMT,需確認各提供者授權條件,高（涉及安全決策風險）,live_or_time_series_candidate,時序工具候選,IHMT qc（品管歷史） 資料。研究統計優先使用 qc 品管版本。不可列為 document_rag_candidate。歷史資料僅可回答歷史描述，不可提供當日下水安全判定。,確認時區（疑似 UTC+8）；確認授權（IHMT）；確認 qc 與 realtime 時間範圍
歷史品管、即時海氣象水文觀測資料\IHMT\臺北港-小綠燈塔\qc\2024.csv,歷史品管與即時海氣象水文觀測資料（IHMT）,.csv,668,2026-09-17T18:54:01+08:00,CSV,utf-8-sig,測站編號; 時間; 陣風_風速; 風速; 風向; 氣壓; 氣溫; 海面溫度; 示性波高; 平均週期; 波向; 波浪尖峰週期; 流速; 分層流速{深度:流速}; 流向,中心經度; 中心緯度,,時間,2024–2024,5,IHMT,需確認各提供者授權條件,高（涉及安全決策風險）,live_or_time_series_candidate,時序工具候選,IHMT qc（品管歷史） 資料。研究統計優先使用 qc 品管版本。不可列為 document_rag_candidate。歷史資料僅可回答歷史描述，不可提供當日下水安全判定。,確認時區（疑似 UTC+8）；確認授權（IHMT）；確認 qc 與 realtime 時間範圍
歷史品管、即時海氣象水文觀測資料\IHMT\臺北港-小綠燈塔\realtime\2023.csv,歷史品管與即時海氣象水文觀測資料（IHMT）,.csv,511345,2026-09-17T18:54:01+08:00,CSV,utf-8-sig,測站編號; 時間; 陣風_風速; 風速; 風向; 氣壓; 氣溫; 海面溫度; 示性波高; 平均週期; 波向; 波浪尖峰週期; 流速; 分層流速{深度:流速}; 流向,中心經度; 中心緯度,,時間,2023–2023,5594,IHMT,需確認各提供者授權條件,高（涉及安全決策風險）,live_or_time_series_candidate,時序工具候選,IHMT realtime（即時） 資料。研究統計優先使用 qc 品管版本。不可列為 document_rag_candidate。歷史資料僅可回答歷史描述，不可提供當日下水安全判定。,確認時區（疑似 UTC+8）；確認授權（IHMT）；確認 qc 與 realtime 時間範圍
歷史品管、即時海氣象水文觀測資料\IHMT\臺北港-小綠燈塔\realtime\2024.csv,歷史品管與即時海氣象水文觀測資料（IHMT）,.csv,546993,2026-09-17T18:54:02+08:00,CSV,utf-8-sig,測站編號; 時間; 陣風_風速; 風速; 風向; 氣壓; 氣溫; 海面溫度; 示性波高; 平均週期; 波向; 波浪尖峰週期; 流速; 分層流速{深度:流速}; 流向,中心經度; 中心緯度,,時間,2024–2024,5991,IHMT,需確認各提供者授權條件,高（涉及安全決策風險）,live_or_time_series_candidate,時序工具候選,IHMT realtime（即時） 資料。研究統計優先使用 qc 品管版本。不可列為 document_rag_candidate。歷史資料僅可回答歷史描述，不可提供當日下水安全判定。,確認時區（疑似 UTC+8）；確認授權（IHMT）；確認 qc 與 realtime 時間範圍
歷史品管、即時海氣象水文觀測資料\IHMT\臺北港-小綠燈塔\realtime\2025.csv,歷史品管與即時海氣象水文觀測資料（IHMT）,.csv,543556,2026-09-17T18:54:02+08:00,CSV,utf-8-sig,測站編號; 時間; 陣風_風速; 風速; 風向; 氣壓; 氣溫; 海面溫度; 示性波高; 平均週期; 波向; 波浪尖峰週期; 流速; 分層流速{深度:流速}; 流向,中心經度; 中心緯度,,時間,2025–2025,6039,IHMT,需確認各提供者授權條件,高（涉及安全決策風險）,live_or_time_series_candidate,時序工具候選,IHMT realtime（即時） 資料。研究統計優先使用 qc 品管版本。不可列為 document_rag_candidate。歷史資料僅可回答歷史描述，不可提供當日下水安全判定。,確認時區（疑似 UTC+8）；確認授權（IHMT）；確認 qc 與 realtime 時間範圍
歷史品管、即時海氣象水文觀測資料\IHMT\臺北港-資料浮標站\LonLat.csv,歷史品管與即時海氣象水文觀測資料（IHMT）,.csv,53,2026-09-17T18:54:02+08:00,CSV,utf-8-sig,CenterLongitude; CenterLatitude,CenterLongitude; CenterLatitude,,,,2,IHMT,需確認各提供者授權條件,高（涉及安全決策風險）,live_or_time_series_candidate,時序工具候選,IHMT 座標或後設 資料。研究統計優先使用 qc 品管版本。不可列為 document_rag_candidate。歷史資料僅可回答歷史描述，不可提供當日下水安全判定。,確認時區（疑似 UTC+8）；確認授權（IHMT）；確認 qc 與 realtime 時間範圍
歷史品管、即時海氣象水文觀測資料\IHMT\臺北港-資料浮標站\qc\2023.csv,歷史品管與即時海氣象水文觀測資料（IHMT）,.csv,717325,2026-09-17T18:54:02+08:00,CSV,utf-8-sig,測站編號; 時間; 陣風_風速; 風速; 風向; 氣壓; 氣溫; 海面溫度; 示性波高; 平均週期; 波向; 波浪尖峰週期; 流速; 分層流速{深度:流速}; 流向,中心經度; 中心緯度,,時間,2023–2023,6780,IHMT,需確認各提供者授權條件,高（涉及安全決策風險）,live_or_time_series_candidate,時序工具候選,IHMT qc（品管歷史） 資料。研究統計優先使用 qc 品管版本。不可列為 document_rag_candidate。歷史資料僅可回答歷史描述，不可提供當日下水安全判定。,確認時區（疑似 UTC+8）；確認授權（IHMT）；確認 qc 與 realtime 時間範圍
歷史品管、即時海氣象水文觀測資料\IHMT\臺北港-資料浮標站\qc\2024.csv,歷史品管與即時海氣象水文觀測資料（IHMT）,.csv,695,2026-09-17T18:54:02+08:00,CSV,utf-8-sig,測站編號; 時間; 陣風_風速; 風速; 風向; 氣壓; 氣溫; 海面溫度; 示性波高; 平均週期; 波向; 波浪尖峰週期; 流速; 分層流速{深度:流速}; 流向,中心經度; 中心緯度,,時間,2024–2024,5,IHMT,需確認各提供者授權條件,高（涉及安全決策風險）,live_or_time_series_candidate,時序工具候選,IHMT qc（品管歷史） 資料。研究統計優先使用 qc 品管版本。不可列為 document_rag_candidate。歷史資料僅可回答歷史描述，不可提供當日下水安全判定。,確認時區（疑似 UTC+8）；確認授權（IHMT）；確認 qc 與 realtime 時間範圍
歷史品管、即時海氣象水文觀測資料\IHMT\臺北港-資料浮標站\realtime\2024.csv,歷史品管與即時海氣象水文觀測資料（IHMT）,.csv,614524,2026-09-17T18:54:02+08:00,CSV,utf-8-sig,測站編號; 時間; 陣風_風速; 風速; 風向; 氣壓; 氣溫; 海面溫度; 示性波高; 平均週期; 波向; 波浪尖峰週期; 流速; 分層流速{深度:流速}; 流向,中心經度; 中心緯度,,時間,2024–2024,6354,IHMT,需確認各提供者授權條件,高（涉及安全決策風險）,live_or_time_series_candidate,時序工具候選,IHMT realtime（即時） 資料。研究統計優先使用 qc 品管版本。不可列為 document_rag_candidate。歷史資料僅可回答歷史描述，不可提供當日下水安全判定。,確認時區（疑似 UTC+8）；確認授權（IHMT）；確認 qc 與 realtime 時間範圍
歷史品管、即時海氣象水文觀測資料\IHMT\臺北港-資料浮標站\realtime\2025.csv,歷史品管與即時海氣象水文觀測資料（IHMT）,.csv,632068,2026-09-17T18:54:02+08:00,CSV,utf-8-sig,測站編號; 時間; 陣風_風速; 風速; 風向; 氣壓; 氣溫; 海面溫度; 示性波高; 平均週期; 波向; 波浪尖峰週期; 流速; 分層流速{深度:流速}; 流向,中心經度; 中心緯度,,時間,2025–2025,6529,IHMT,需確認各提供者授權條件,高（涉及安全決策風險）,live_or_time_series_candidate,時序工具候選,IHMT realtime（即時） 資料。研究統計優先使用 qc 品管版本。不可列為 document_rag_candidate。歷史資料僅可回答歷史描述，不可提供當日下水安全判定。,確認時區（疑似 UTC+8）；確認授權（IHMT）；確認 qc 與 realtime 時間範圍
歷史品管、即時海氣象水文觀測資料\IHMT\臺北港資料浮標\LonLat.csv,歷史品管與即時海氣象水文觀測資料（IHMT）,.csv,46,2026-09-17T18:54:02+08:00,CSV,utf-8-sig,CenterLongitude; CenterLatitude,CenterLongitude; CenterLatitude,,,,2,IHMT,需確認各提供者授權條件,高（涉及安全決策風險）,live_or_time_series_candidate,時序工具候選,IHMT 座標或後設 資料。研究統計優先使用 qc 品管版本。不可列為 document_rag_candidate。歷史資料僅可回答歷史描述，不可提供當日下水安全判定。,確認時區（疑似 UTC+8）；確認授權（IHMT）；確認 qc 與 realtime 時間範圍
歷史品管、即時海氣象水文觀測資料\IHMT\臺北港資料浮標\realtime\2023.csv,歷史品管與即時海氣象水文觀測資料（IHMT）,.csv,735938,2026-09-17T18:54:02+08:00,CSV,utf-8-sig,測站編號; 時間; 陣風_風速; 風速; 風向; 氣壓; 氣溫; 海面溫度; 示性波高; 平均週期; 波向; 波浪尖峰週期; 流速; 分層流速{深度:流速}; 流向,中心經度; 中心緯度,,時間,2023–2023,6929,IHMT,需確認各提供者授權條件,高（涉及安全決策風險）,live_or_time_series_candidate,時序工具候選,IHMT realtime（即時） 資料。研究統計優先使用 qc 品管版本。不可列為 document_rag_candidate。歷史資料僅可回答歷史描述，不可提供當日下水安全判定。,確認時區（疑似 UTC+8）；確認授權（IHMT）；確認 qc 與 realtime 時間範圍
歷史品管、即時海氣象水文觀測資料\IHMT\臺北港資料浮標\realtime\2024.csv,歷史品管與即時海氣象水文觀測資料（IHMT）,.csv,733288,2026-09-17T18:54:02+08:00,CSV,utf-8-sig,測站編號; 時間; 陣風_風速; 風速; 風向; 氣壓; 氣溫; 海面溫度; 示性波高; 平均週期; 波向; 波浪尖峰週期; 流速; 分層流速{深度:流速}; 流向,中心經度; 中心緯度,,時間,2024–2024,6930,IHMT,需確認各提供者授權條件,高（涉及安全決策風險）,live_or_time_series_candidate,時序工具候選,IHMT realtime（即時） 資料。研究統計優先使用 qc 品管版本。不可列為 document_rag_candidate。歷史資料僅可回答歷史描述，不可提供當日下水安全判定。,確認時區（疑似 UTC+8）；確認授權（IHMT）；確認 qc 與 realtime 時間範圍
歷史品管、即時海氣象水文觀測資料\IHMT\臺北港資料浮標\realtime\2025.csv,歷史品管與即時海氣象水文觀測資料（IHMT）,.csv,735873,2026-09-17T18:54:02+08:00,CSV,utf-8-sig,測站編號; 時間; 陣風_風速; 風速; 風向; 氣壓; 氣溫; 海面溫度; 示性波高; 平均週期; 波向; 波浪尖峰週期; 流速; 分層流速{深度:流速}; 流向,中心經度; 中心緯度,,時間,2025–2025,7008,IHMT,需確認各提供者授權條件,高（涉及安全決策風險）,live_or_time_series_candidate,時序工具候選,IHMT realtime（即時） 資料。研究統計優先使用 qc 品管版本。不可列為 document_rag_candidate。歷史資料僅可回答歷史描述，不可提供當日下水安全判定。,確認時區（疑似 UTC+8）；確認授權（IHMT）；確認 qc 與 realtime 時間範圍
歷史品管、即時海氣象水文觀測資料\IHMT\花蓮港-9號碼頭\LonLat.csv,歷史品管與即時海氣象水文觀測資料（IHMT）,.csv,54,2026-09-17T18:54:02+08:00,CSV,utf-8-sig,CenterLongitude; CenterLatitude,CenterLongitude; CenterLatitude,,,,2,IHMT,需確認各提供者授權條件,高（涉及安全決策風險）,live_or_time_series_candidate,時序工具候選,IHMT 座標或後設 資料。研究統計優先使用 qc 品管版本。不可列為 document_rag_candidate。歷史資料僅可回答歷史描述，不可提供當日下水安全判定。,確認時區（疑似 UTC+8）；確認授權（IHMT）；確認 qc 與 realtime 時間範圍
歷史品管、即時海氣象水文觀測資料\IHMT\花蓮港-9號碼頭\qc\2023.csv,歷史品管與即時海氣象水文觀測資料（IHMT）,.csv,554481,2026-09-17T18:54:02+08:00,CSV,utf-8-sig,測站編號; 時間; 陣風_風速; 風速; 風向; 氣壓; 氣溫; 海面溫度; 示性波高; 平均週期; 波向; 波浪尖峰週期; 流速; 分層流速{深度:流速}; 流向,中心經度; 中心緯度,,時間,2023–2023,6099,IHMT,需確認各提供者授權條件,高（涉及安全決策風險）,live_or_time_series_candidate,時序工具候選,IHMT qc（品管歷史） 資料。研究統計優先使用 qc 品管版本。不可列為 document_rag_candidate。歷史資料僅可回答歷史描述，不可提供當日下水安全判定。,確認時區（疑似 UTC+8）；確認授權（IHMT）；確認 qc 與 realtime 時間範圍
歷史品管、即時海氣象水文觀測資料\IHMT\花蓮港-9號碼頭\qc\2024.csv,歷史品管與即時海氣象水文觀測資料（IHMT）,.csv,555843,2026-09-17T18:54:02+08:00,CSV,utf-8-sig,測站編號; 時間; 陣風_風速; 風速; 風向; 氣壓; 氣溫; 海面溫度; 示性波高; 平均週期; 波向; 波浪尖峰週期; 流速; 分層流速{深度:流速}; 流向,中心經度; 中心緯度,,時間,2024–2024,6088,IHMT,需確認各提供者授權條件,高（涉及安全決策風險）,live_or_time_series_candidate,時序工具候選,IHMT qc（品管歷史） 資料。研究統計優先使用 qc 品管版本。不可列為 document_rag_candidate。歷史資料僅可回答歷史描述，不可提供當日下水安全判定。,確認時區（疑似 UTC+8）；確認授權（IHMT）；確認 qc 與 realtime 時間範圍
歷史品管、即時海氣象水文觀測資料\IHMT\花蓮港-9號碼頭\qc\2025.csv,歷史品管與即時海氣象水文觀測資料（IHMT）,.csv,554074,2026-09-17T18:54:02+08:00,CSV,utf-8-sig,測站編號; 時間; 陣風_風速; 風速; 風向; 氣壓; 氣溫; 海面溫度; 示性波高; 平均週期; 波向; 波浪尖峰週期; 流速; 分層流速{深度:流速}; 流向,中心經度; 中心緯度,,時間,2025–2025,6088,IHMT,需確認各提供者授權條件,高（涉及安全決策風險）,live_or_time_series_candidate,時序工具候選,IHMT qc（品管歷史） 資料。研究統計優先使用 qc 品管版本。不可列為 document_rag_candidate。歷史資料僅可回答歷史描述，不可提供當日下水安全判定。,確認時區（疑似 UTC+8）；確認授權（IHMT）；確認 qc 與 realtime 時間範圍
歷史品管、即時海氣象水文觀測資料\IHMT\花蓮港-9號碼頭\realtime\2023.csv,歷史品管與即時海氣象水文觀測資料（IHMT）,.csv,517610,2026-09-17T18:54:02+08:00,CSV,utf-8-sig,測站編號; 時間; 陣風_風速; 風速; 風向; 氣壓; 氣溫; 海面溫度; 示性波高; 平均週期; 波向; 波浪尖峰週期; 流速; 分層流速{深度:流速}; 流向,中心經度; 中心緯度,,時間,2023–2023,5713,IHMT,需確認各提供者授權條件,高（涉及安全決策風險）,live_or_time_series_candidate,時序工具候選,IHMT realtime（即時） 資料。研究統計優先使用 qc 品管版本。不可列為 document_rag_candidate。歷史資料僅可回答歷史描述，不可提供當日下水安全判定。,確認時區（疑似 UTC+8）；確認授權（IHMT）；確認 qc 與 realtime 時間範圍
歷史品管、即時海氣象水文觀測資料\IHMT\花蓮港-9號碼頭\realtime\2024.csv,歷史品管與即時海氣象水文觀測資料（IHMT）,.csv,532520,2026-09-17T18:54:02+08:00,CSV,utf-8-sig,測站編號; 時間; 陣風_風速; 風速; 風向; 氣壓; 氣溫; 海面溫度; 示性波高; 平均週期; 波向; 波浪尖峰週期; 流速; 分層流速{深度:流速}; 流向,中心經度; 中心緯度,,時間,2024–2024,5923,IHMT,需確認各提供者授權條件,高（涉及安全決策風險）,live_or_time_series_candidate,時序工具候選,IHMT realtime（即時） 資料。研究統計優先使用 qc 品管版本。不可列為 document_rag_candidate。歷史資料僅可回答歷史描述，不可提供當日下水安全判定。,確認時區（疑似 UTC+8）；確認授權（IHMT）；確認 qc 與 realtime 時間範圍
歷史品管、即時海氣象水文觀測資料\IHMT\花蓮港-9號碼頭\realtime\2025.csv,歷史品管與即時海氣象水文觀測資料（IHMT）,.csv,538359,2026-09-17T18:54:02+08:00,CSV,utf-8-sig,測站編號; 時間; 陣風_風速; 風速; 風向; 氣壓; 氣溫; 海面溫度; 示性波高; 平均週期; 波向; 波浪尖峰週期; 流速; 分層流速{深度:流速}; 流向,中心經度; 中心緯度,,時間,2025–2025,5948,IHMT,需確認各提供者授權條件,高（涉及安全決策風險）,live_or_time_series_candidate,時序工具候選,IHMT realtime（即時） 資料。研究統計優先使用 qc 品管版本。不可列為 document_rag_candidate。歷史資料僅可回答歷史描述，不可提供當日下水安全判定。,確認時區（疑似 UTC+8）；確認授權（IHMT）；確認 qc 與 realtime 時間範圍
歷史品管、即時海氣象水文觀測資料\IHMT\花蓮港-底碇式波流觀測站\LonLat.csv,歷史品管與即時海氣象水文觀測資料（IHMT）,.csv,52,2026-09-17T18:54:02+08:00,CSV,utf-8-sig,CenterLongitude; CenterLatitude,CenterLongitude; CenterLatitude,,,,2,IHMT,需確認各提供者授權條件,高（涉及安全決策風險）,live_or_time_series_candidate,時序工具候選,IHMT 座標或後設 資料。研究統計優先使用 qc 品管版本。不可列為 document_rag_candidate。歷史資料僅可回答歷史描述，不可提供當日下水安全判定。,確認時區（疑似 UTC+8）；確認授權（IHMT）；確認 qc 與 realtime 時間範圍
歷史品管、即時海氣象水文觀測資料\IHMT\花蓮港-底碇式波流觀測站\qc\2023.csv,歷史品管與即時海氣象水文觀測資料（IHMT）,.csv,1347055,2026-09-17T18:54:02+08:00,CSV,utf-8-sig,測站編號; 時間; 陣風_風速; 風速; 風向; 氣壓; 氣溫; 海面溫度; 示性波高; 平均週期; 波向; 波浪尖峰週期; 流速; 分層流速{深度:流速}; 流向,中心經度; 中心緯度,,時間,2023–2023,13193,IHMT,需確認各提供者授權條件,高（涉及安全決策風險）,live_or_time_series_candidate,時序工具候選,IHMT qc（品管歷史） 資料。研究統計優先使用 qc 品管版本。不可列為 document_rag_candidate。歷史資料僅可回答歷史描述，不可提供當日下水安全判定。,確認時區（疑似 UTC+8）；確認授權（IHMT）；確認 qc 與 realtime 時間範圍
歷史品管、即時海氣象水文觀測資料\IHMT\花蓮港-底碇式波流觀測站\qc\2024.csv,歷史品管與即時海氣象水文觀測資料（IHMT）,.csv,1376641,2026-09-17T18:54:02+08:00,CSV,utf-8-sig,測站編號; 時間; 陣風_風速; 風速; 風向; 氣壓; 氣溫; 海面溫度; 示性波高; 平均週期; 波向; 波浪尖峰週期; 流速; 分層流速{深度:流速}; 流向,中心經度; 中心緯度,,時間,2024–2024,13509,IHMT,需確認各提供者授權條件,高（涉及安全決策風險）,live_or_time_series_candidate,時序工具候選,IHMT qc（品管歷史） 資料。研究統計優先使用 qc 品管版本。不可列為 document_rag_candidate。歷史資料僅可回答歷史描述，不可提供當日下水安全判定。,確認時區（疑似 UTC+8）；確認授權（IHMT）；確認 qc 與 realtime 時間範圍
歷史品管、即時海氣象水文觀測資料\IHMT\花蓮港-底碇式波流觀測站\qc\2025.csv,歷史品管與即時海氣象水文觀測資料（IHMT）,.csv,1029542,2026-09-17T18:54:02+08:00,CSV,utf-8-sig,測站編號; 時間; 陣風_風速; 風速; 風向; 氣壓; 氣溫; 海面溫度; 示性波高; 平均週期; 波向; 波浪尖峰週期; 流速; 分層流速{深度:流速}; 流向,中心經度; 中心緯度,,時間,2025–2025,10093,IHMT,需確認各提供者授權條件,高（涉及安全決策風險）,live_or_time_series_candidate,時序工具候選,IHMT qc（品管歷史） 資料。研究統計優先使用 qc 品管版本。不可列為 document_rag_candidate。歷史資料僅可回答歷史描述，不可提供當日下水安全判定。,確認時區（疑似 UTC+8）；確認授權（IHMT）；確認 qc 與 realtime 時間範圍
歷史品管、即時海氣象水文觀測資料\IHMT\花蓮港-底碇式波流觀測站\realtime\2023.csv,歷史品管與即時海氣象水文觀測資料（IHMT）,.csv,649125,2026-09-17T18:54:02+08:00,CSV,utf-8-sig,測站編號; 時間; 陣風_風速; 風速; 風向; 氣壓; 氣溫; 海面溫度; 示性波高; 平均週期; 波向; 波浪尖峰週期; 流速; 分層流速{深度:流速}; 流向,中心經度; 中心緯度,,時間,2023–2023,6320,IHMT,需確認各提供者授權條件,高（涉及安全決策風險）,live_or_time_series_candidate,時序工具候選,IHMT realtime（即時） 資料。研究統計優先使用 qc 品管版本。不可列為 document_rag_candidate。歷史資料僅可回答歷史描述，不可提供當日下水安全判定。,確認時區（疑似 UTC+8）；確認授權（IHMT）；確認 qc 與 realtime 時間範圍
歷史品管、即時海氣象水文觀測資料\IHMT\花蓮港-底碇式波流觀測站\realtime\2024.csv,歷史品管與即時海氣象水文觀測資料（IHMT）,.csv,546314,2026-09-17T18:54:02+08:00,CSV,utf-8-sig,測站編號; 時間; 陣風_風速; 風速; 風向; 氣壓; 氣溫; 海面溫度; 示性波高; 平均週期; 波向; 波浪尖峰週期; 流速; 分層流速{深度:流速}; 流向,中心經度; 中心緯度,,時間,2024–2024,5309,IHMT,需確認各提供者授權條件,高（涉及安全決策風險）,live_or_time_series_candidate,時序工具候選,IHMT realtime（即時） 資料。研究統計優先使用 qc 品管版本。不可列為 document_rag_candidate。歷史資料僅可回答歷史描述，不可提供當日下水安全判定。,確認時區（疑似 UTC+8）；確認授權（IHMT）；確認 qc 與 realtime 時間範圍
歷史品管、即時海氣象水文觀測資料\IHMT\花蓮港-底碇式波流觀測站\realtime\2025.csv,歷史品管與即時海氣象水文觀測資料（IHMT）,.csv,401497,2026-09-17T18:54:02+08:00,CSV,utf-8-sig,測站編號; 時間; 陣風_風速; 風速; 風向; 氣壓; 氣溫; 海面溫度; 示性波高; 平均週期; 波向; 波浪尖峰週期; 流速; 分層流速{深度:流速}; 流向,中心經度; 中心緯度,,時間,2025–2025,4014,IHMT,需確認各提供者授權條件,高（涉及安全決策風險）,live_or_time_series_candidate,時序工具候選,IHMT realtime（即時） 資料。研究統計優先使用 qc 品管版本。不可列為 document_rag_candidate。歷史資料僅可回答歷史描述，不可提供當日下水安全判定。,確認時區（疑似 UTC+8）；確認授權（IHMT）；確認 qc 與 realtime 時間範圍
歷史品管、即時海氣象水文觀測資料\IHMT\花蓮港-西突堤平臺\LonLat.csv,歷史品管與即時海氣象水文觀測資料（IHMT）,.csv,52,2026-09-17T18:54:02+08:00,CSV,utf-8-sig,CenterLongitude; CenterLatitude,CenterLongitude; CenterLatitude,,,,2,IHMT,需確認各提供者授權條件,高（涉及安全決策風險）,live_or_time_series_candidate,時序工具候選,IHMT 座標或後設 資料。研究統計優先使用 qc 品管版本。不可列為 document_rag_candidate。歷史資料僅可回答歷史描述，不可提供當日下水安全判定。,確認時區（疑似 UTC+8）；確認授權（IHMT）；確認 qc 與 realtime 時間範圍
歷史品管、即時海氣象水文觀測資料\IHMT\花蓮港-西突堤平臺\qc\2023.csv,歷史品管與即時海氣象水文觀測資料（IHMT）,.csv,548007,2026-09-17T18:54:02+08:00,CSV,utf-8-sig,測站編號; 時間; 陣風_風速; 風速; 風向; 氣壓; 氣溫; 海面溫度; 示性波高; 平均週期; 波向; 波浪尖峰週期; 流速; 分層流速{深度:流速}; 流向,中心經度; 中心緯度,,時間,2023–2023,6008,IHMT,需確認各提供者授權條件,高（涉及安全決策風險）,live_or_time_series_candidate,時序工具候選,IHMT qc（品管歷史） 資料。研究統計優先使用 qc 品管版本。不可列為 document_rag_candidate。歷史資料僅可回答歷史描述，不可提供當日下水安全判定。,確認時區（疑似 UTC+8）；確認授權（IHMT）；確認 qc 與 realtime 時間範圍
歷史品管、即時海氣象水文觀測資料\IHMT\花蓮港-西突堤平臺\qc\2024.csv,歷史品管與即時海氣象水文觀測資料（IHMT）,.csv,3330299,2026-09-17T18:54:02+08:00,CSV,utf-8-sig,測站編號; 時間; 陣風_風速; 風速; 風向; 氣壓; 氣溫; 海面溫度; 示性波高; 平均週期; 波向; 波浪尖峰週期; 流速; 分層流速{深度:流速}; 流向,中心經度; 中心緯度,,時間,2024–2024,36880,IHMT,需確認各提供者授權條件,高（涉及安全決策風險）,live_or_time_series_candidate,時序工具候選,IHMT qc（品管歷史） 資料。研究統計優先使用 qc 品管版本。不可列為 document_rag_candidate。歷史資料僅可回答歷史描述，不可提供當日下水安全判定。,確認時區（疑似 UTC+8）；確認授權（IHMT）；確認 qc 與 realtime 時間範圍
歷史品管、即時海氣象水文觀測資料\IHMT\花蓮港-西突堤平臺\qc\2025.csv,歷史品管與即時海氣象水文觀測資料（IHMT）,.csv,3333675,2026-09-17T18:54:02+08:00,CSV,utf-8-sig,測站編號; 時間; 陣風_風速; 風速; 風向; 氣壓; 氣溫; 海面溫度; 示性波高; 平均週期; 波向; 波浪尖峰週期; 流速; 分層流速{深度:流速}; 流向,中心經度; 中心緯度,,時間,2025–2025,36473,IHMT,需確認各提供者授權條件,高（涉及安全決策風險）,live_or_time_series_candidate,時序工具候選,IHMT qc（品管歷史） 資料。研究統計優先使用 qc 品管版本。不可列為 document_rag_candidate。歷史資料僅可回答歷史描述，不可提供當日下水安全判定。,確認時區（疑似 UTC+8）；確認授權（IHMT）；確認 qc 與 realtime 時間範圍
歷史品管、即時海氣象水文觀測資料\IHMT\花蓮港-西突堤平臺\realtime\2023.csv,歷史品管與即時海氣象水文觀測資料（IHMT）,.csv,304278,2026-09-17T18:54:02+08:00,CSV,utf-8-sig,測站編號; 時間; 陣風_風速; 風速; 風向; 氣壓; 氣溫; 海面溫度; 示性波高; 平均週期; 波向; 波浪尖峰週期; 流速; 分層流速{深度:流速}; 流向,中心經度; 中心緯度,,時間,2023–2023,3303,IHMT,需確認各提供者授權條件,高（涉及安全決策風險）,live_or_time_series_candidate,時序工具候選,IHMT realtime（即時） 資料。研究統計優先使用 qc 品管版本。不可列為 document_rag_candidate。歷史資料僅可回答歷史描述，不可提供當日下水安全判定。,確認時區（疑似 UTC+8）；確認授權（IHMT）；確認 qc 與 realtime 時間範圍
歷史品管、即時海氣象水文觀測資料\IHMT\花蓮港-西突堤平臺\realtime\2024.csv,歷史品管與即時海氣象水文觀測資料（IHMT）,.csv,545720,2026-09-17T18:54:02+08:00,CSV,utf-8-sig,測站編號; 時間; 陣風_風速; 風速; 風向; 氣壓; 氣溫; 海面溫度; 示性波高; 平均週期; 波向; 波浪尖峰週期; 流速; 分層流速{深度:流速}; 流向,中心經度; 中心緯度,,時間,2024–2024,5983,IHMT,需確認各提供者授權條件,高（涉及安全決策風險）,live_or_time_series_candidate,時序工具候選,IHMT realtime（即時） 資料。研究統計優先使用 qc 品管版本。不可列為 document_rag_candidate。歷史資料僅可回答歷史描述，不可提供當日下水安全判定。,確認時區（疑似 UTC+8）；確認授權（IHMT）；確認 qc 與 realtime 時間範圍
歷史品管、即時海氣象水文觀測資料\IHMT\花蓮港-西突堤平臺\realtime\2025.csv,歷史品管與即時海氣象水文觀測資料（IHMT）,.csv,544706,2026-09-17T18:54:02+08:00,CSV,utf-8-sig,測站編號; 時間; 陣風_風速; 風速; 風向; 氣壓; 氣溫; 海面溫度; 示性波高; 平均週期; 波向; 波浪尖峰週期; 流速; 分層流速{深度:流速}; 流向,中心經度; 中心緯度,,時間,2025–2025,6045,IHMT,需確認各提供者授權條件,高（涉及安全決策風險）,live_or_time_series_candidate,時序工具候選,IHMT realtime（即時） 資料。研究統計優先使用 qc 品管版本。不可列為 document_rag_candidate。歷史資料僅可回答歷史描述，不可提供當日下水安全判定。,確認時區（疑似 UTC+8）；確認授權（IHMT）；確認 qc 與 realtime 時間範圍
歷史品管、即時海氣象水文觀測資料\IHMT\蘇澳港-3號碼頭\LonLat.csv,歷史品管與即時海氣象水文觀測資料（IHMT）,.csv,54,2026-09-17T18:54:02+08:00,CSV,utf-8-sig,CenterLongitude; CenterLatitude,CenterLongitude; CenterLatitude,,,,2,IHMT,需確認各提供者授權條件,高（涉及安全決策風險）,live_or_time_series_candidate,時序工具候選,IHMT 座標或後設 資料。研究統計優先使用 qc 品管版本。不可列為 document_rag_candidate。歷史資料僅可回答歷史描述，不可提供當日下水安全判定。,確認時區（疑似 UTC+8）；確認授權（IHMT）；確認 qc 與 realtime 時間範圍
歷史品管、即時海氣象水文觀測資料\IHMT\蘇澳港-3號碼頭\qc\2023.csv,歷史品管與即時海氣象水文觀測資料（IHMT）,.csv,554906,2026-09-17T18:54:02+08:00,CSV,utf-8-sig,測站編號; 時間; 陣風_風速; 風速; 風向; 氣壓; 氣溫; 海面溫度; 示性波高; 平均週期; 波向; 波浪尖峰週期; 流速; 分層流速{深度:流速}; 流向,中心經度; 中心緯度,,時間,2023–2023,6084,IHMT,需確認各提供者授權條件,高（涉及安全決策風險）,live_or_time_series_candidate,時序工具候選,IHMT qc（品管歷史） 資料。研究統計優先使用 qc 品管版本。不可列為 document_rag_candidate。歷史資料僅可回答歷史描述，不可提供當日下水安全判定。,確認時區（疑似 UTC+8）；確認授權（IHMT）；確認 qc 與 realtime 時間範圍
歷史品管、即時海氣象水文觀測資料\IHMT\蘇澳港-3號碼頭\qc\2024.csv,歷史品管與即時海氣象水文觀測資料（IHMT）,.csv,556288,2026-09-17T18:54:02+08:00,CSV,utf-8-sig,測站編號; 時間; 陣風_風速; 風速; 風向; 氣壓; 氣溫; 海面溫度; 示性波高; 平均週期; 波向; 波浪尖峰週期; 流速; 分層流速{深度:流速}; 流向,中心經度; 中心緯度,,時間,2024–2024,6086,IHMT,需確認各提供者授權條件,高（涉及安全決策風險）,live_or_time_series_candidate,時序工具候選,IHMT qc（品管歷史） 資料。研究統計優先使用 qc 品管版本。不可列為 document_rag_candidate。歷史資料僅可回答歷史描述，不可提供當日下水安全判定。,確認時區（疑似 UTC+8）；確認授權（IHMT）；確認 qc 與 realtime 時間範圍
歷史品管、即時海氣象水文觀測資料\IHMT\蘇澳港-3號碼頭\qc\2025.csv,歷史品管與即時海氣象水文觀測資料（IHMT）,.csv,553735,2026-09-17T18:54:02+08:00,CSV,utf-8-sig,測站編號; 時間; 陣風_風速; 風速; 風向; 氣壓; 氣溫; 海面溫度; 示性波高; 平均週期; 波向; 波浪尖峰週期; 流速; 分層流速{深度:流速}; 流向,中心經度; 中心緯度,,時間,2025–2025,6085,IHMT,需確認各提供者授權條件,高（涉及安全決策風險）,live_or_time_series_candidate,時序工具候選,IHMT qc（品管歷史） 資料。研究統計優先使用 qc 品管版本。不可列為 document_rag_candidate。歷史資料僅可回答歷史描述，不可提供當日下水安全判定。,確認時區（疑似 UTC+8）；確認授權（IHMT）；確認 qc 與 realtime 時間範圍
歷史品管、即時海氣象水文觀測資料\IHMT\蘇澳港-3號碼頭\realtime\2023.csv,歷史品管與即時海氣象水文觀測資料（IHMT）,.csv,517090,2026-09-17T18:54:02+08:00,CSV,utf-8-sig,測站編號; 時間; 陣風_風速; 風速; 風向; 氣壓; 氣溫; 海面溫度; 示性波高; 平均週期; 波向; 波浪尖峰週期; 流速; 分層流速{深度:流速}; 流向,中心經度; 中心緯度,,時間,2023–2023,5707,IHMT,需確認各提供者授權條件,高（涉及安全決策風險）,live_or_time_series_candidate,時序工具候選,IHMT realtime（即時） 資料。研究統計優先使用 qc 品管版本。不可列為 document_rag_candidate。歷史資料僅可回答歷史描述，不可提供當日下水安全判定。,確認時區（疑似 UTC+8）；確認授權（IHMT）；確認 qc 與 realtime 時間範圍
歷史品管、即時海氣象水文觀測資料\IHMT\蘇澳港-3號碼頭\realtime\2024.csv,歷史品管與即時海氣象水文觀測資料（IHMT）,.csv,507670,2026-09-17T18:54:02+08:00,CSV,utf-8-sig,測站編號; 時間; 陣風_風速; 風速; 風向; 氣壓; 氣溫; 海面溫度; 示性波高; 平均週期; 波向; 波浪尖峰週期; 流速; 分層流速{深度:流速}; 流向,中心經度; 中心緯度,,時間,2024–2024,5640,IHMT,需確認各提供者授權條件,高（涉及安全決策風險）,live_or_time_series_candidate,時序工具候選,IHMT realtime（即時） 資料。研究統計優先使用 qc 品管版本。不可列為 document_rag_candidate。歷史資料僅可回答歷史描述，不可提供當日下水安全判定。,確認時區（疑似 UTC+8）；確認授權（IHMT）；確認 qc 與 realtime 時間範圍
歷史品管、即時海氣象水文觀測資料\IHMT\蘇澳港-3號碼頭\realtime\2025.csv,歷史品管與即時海氣象水文觀測資料（IHMT）,.csv,536881,2026-09-17T18:54:02+08:00,CSV,utf-8-sig,測站編號; 時間; 陣風_風速; 風速; 風向; 氣壓; 氣溫; 海面溫度; 示性波高; 平均週期; 波向; 波浪尖峰週期; 流速; 分層流速{深度:流速}; 流向,中心經度; 中心緯度,,時間,2025–2025,5965,IHMT,需確認各提供者授權條件,高（涉及安全決策風險）,live_or_time_series_candidate,時序工具候選,IHMT realtime（即時） 資料。研究統計優先使用 qc 品管版本。不可列為 document_rag_candidate。歷史資料僅可回答歷史描述，不可提供當日下水安全判定。,確認時區（疑似 UTC+8）；確認授權（IHMT）；確認 qc 與 realtime 時間範圍
歷史品管、即時海氣象水文觀測資料\IHMT\蘇澳港-信號臺\LonLat.csv,歷史品管與即時海氣象水文觀測資料（IHMT）,.csv,50,2026-09-17T18:54:02+08:00,CSV,utf-8-sig,CenterLongitude; CenterLatitude,CenterLongitude; CenterLatitude,,,,2,IHMT,需確認各提供者授權條件,高（涉及安全決策風險）,live_or_time_series_candidate,時序工具候選,IHMT 座標或後設 資料。研究統計優先使用 qc 品管版本。不可列為 document_rag_candidate。歷史資料僅可回答歷史描述，不可提供當日下水安全判定。,確認時區（疑似 UTC+8）；確認授權（IHMT）；確認 qc 與 realtime 時間範圍
歷史品管、即時海氣象水文觀測資料\IHMT\蘇澳港-信號臺\qc\2023.csv,歷史品管與即時海氣象水文觀測資料（IHMT）,.csv,555496,2026-09-17T18:54:02+08:00,CSV,utf-8-sig,測站編號; 時間; 陣風_風速; 風速; 風向; 氣壓; 氣溫; 海面溫度; 示性波高; 平均週期; 波向; 波浪尖峰週期; 流速; 分層流速{深度:流速}; 流向,中心經度; 中心緯度,,時間,2023–2023,6090,IHMT,需確認各提供者授權條件,高（涉及安全決策風險）,live_or_time_series_candidate,時序工具候選,IHMT qc（品管歷史） 資料。研究統計優先使用 qc 品管版本。不可列為 document_rag_candidate。歷史資料僅可回答歷史描述，不可提供當日下水安全判定。,確認時區（疑似 UTC+8）；確認授權（IHMT）；確認 qc 與 realtime 時間範圍
歷史品管、即時海氣象水文觀測資料\IHMT\蘇澳港-信號臺\qc\2024.csv,歷史品管與即時海氣象水文觀測資料（IHMT）,.csv,3358211,2026-09-17T18:54:02+08:00,CSV,utf-8-sig,測站編號; 時間; 陣風_風速; 風速; 風向; 氣壓; 氣溫; 海面溫度; 示性波高; 平均週期; 波向; 波浪尖峰週期; 流速; 分層流速{深度:流速}; 流向,中心經度; 中心緯度,,時間,2024–2024,36741,IHMT,需確認各提供者授權條件,高（涉及安全決策風險）,live_or_time_series_candidate,時序工具候選,IHMT qc（品管歷史） 資料。研究統計優先使用 qc 品管版本。不可列為 document_rag_candidate。歷史資料僅可回答歷史描述，不可提供當日下水安全判定。,確認時區（疑似 UTC+8）；確認授權（IHMT）；確認 qc 與 realtime 時間範圍
歷史品管、即時海氣象水文觀測資料\IHMT\蘇澳港-信號臺\qc\2025.csv,歷史品管與即時海氣象水文觀測資料（IHMT）,.csv,3350510,2026-09-17T18:54:02+08:00,CSV,utf-8-sig,測站編號; 時間; 陣風_風速; 風速; 風向; 氣壓; 氣溫; 海面溫度; 示性波高; 平均週期; 波向; 波浪尖峰週期; 流速; 分層流速{深度:流速}; 流向,中心經度; 中心緯度,,時間,2025–2025,36657,IHMT,需確認各提供者授權條件,高（涉及安全決策風險）,live_or_time_series_candidate,時序工具候選,IHMT qc（品管歷史） 資料。研究統計優先使用 qc 品管版本。不可列為 document_rag_candidate。歷史資料僅可回答歷史描述，不可提供當日下水安全判定。,確認時區（疑似 UTC+8）；確認授權（IHMT）；確認 qc 與 realtime 時間範圍
歷史品管、即時海氣象水文觀測資料\IHMT\蘇澳港-信號臺\realtime\2023.csv,歷史品管與即時海氣象水文觀測資料（IHMT）,.csv,541571,2026-09-17T18:54:02+08:00,CSV,utf-8-sig,測站編號; 時間; 陣風_風速; 風速; 風向; 氣壓; 氣溫; 海面溫度; 示性波高; 平均週期; 波向; 波浪尖峰週期; 流速; 分層流速{深度:流速}; 流向,中心經度; 中心緯度,,時間,2023–2023,5938,IHMT,需確認各提供者授權條件,高（涉及安全決策風險）,live_or_time_series_candidate,時序工具候選,IHMT realtime（即時） 資料。研究統計優先使用 qc 品管版本。不可列為 document_rag_candidate。歷史資料僅可回答歷史描述，不可提供當日下水安全判定。,確認時區（疑似 UTC+8）；確認授權（IHMT）；確認 qc 與 realtime 時間範圍
歷史品管、即時海氣象水文觀測資料\IHMT\蘇澳港-信號臺\realtime\2024.csv,歷史品管與即時海氣象水文觀測資料（IHMT）,.csv,543964,2026-09-17T18:54:02+08:00,CSV,utf-8-sig,測站編號; 時間; 陣風_風速; 風速; 風向; 氣壓; 氣溫; 海面溫度; 示性波高; 平均週期; 波向; 波浪尖峰週期; 流速; 分層流速{深度:流速}; 流向,中心經度; 中心緯度,,時間,2024–2024,5906,IHMT,需確認各提供者授權條件,高（涉及安全決策風險）,live_or_time_series_candidate,時序工具候選,IHMT realtime（即時） 資料。研究統計優先使用 qc 品管版本。不可列為 document_rag_candidate。歷史資料僅可回答歷史描述，不可提供當日下水安全判定。,確認時區（疑似 UTC+8）；確認授權（IHMT）；確認 qc 與 realtime 時間範圍
歷史品管、即時海氣象水文觀測資料\IHMT\蘇澳港-信號臺\realtime\2025.csv,歷史品管與即時海氣象水文觀測資料（IHMT）,.csv,543814,2026-09-17T18:54:02+08:00,CSV,utf-8-sig,測站編號; 時間; 陣風_風速; 風速; 風向; 氣壓; 氣溫; 海面溫度; 示性波高; 平均週期; 波向; 波浪尖峰週期; 流速; 分層流速{深度:流速}; 流向,中心經度; 中心緯度,,時間,2025–2025,6022,IHMT,需確認各提供者授權條件,高（涉及安全決策風險）,live_or_time_series_candidate,時序工具候選,IHMT realtime（即時） 資料。研究統計優先使用 qc 品管版本。不可列為 document_rag_candidate。歷史資料僅可回答歷史描述，不可提供當日下水安全判定。,確認時區（疑似 UTC+8）；確認授權（IHMT）；確認 qc 與 realtime 時間範圍
歷史品管、即時海氣象水文觀測資料\IHMT\蘇澳港-底碇式波流觀測副站\LonLat.csv,歷史品管與即時海氣象水文觀測資料（IHMT）,.csv,52,2026-09-17T18:54:02+08:00,CSV,utf-8-sig,CenterLongitude; CenterLatitude,CenterLongitude; CenterLatitude,,,,2,IHMT,需確認各提供者授權條件,高（涉及安全決策風險）,live_or_time_series_candidate,時序工具候選,IHMT 座標或後設 資料。研究統計優先使用 qc 品管版本。不可列為 document_rag_candidate。歷史資料僅可回答歷史描述，不可提供當日下水安全判定。,確認時區（疑似 UTC+8）；確認授權（IHMT）；確認 qc 與 realtime 時間範圍
歷史品管、即時海氣象水文觀測資料\IHMT\蘇澳港-底碇式波流觀測副站\qc\2023.csv,歷史品管與即時海氣象水文觀測資料（IHMT）,.csv,1038865,2026-09-17T18:54:02+08:00,CSV,utf-8-sig,測站編號; 時間; 陣風_風速; 風速; 風向; 氣壓; 氣溫; 海面溫度; 示性波高; 平均週期; 波向; 波浪尖峰週期; 流速; 分層流速{深度:流速}; 流向,中心經度; 中心緯度,,時間,2023–2023,10194,IHMT,需確認各提供者授權條件,高（涉及安全決策風險）,live_or_time_series_candidate,時序工具候選,IHMT qc（品管歷史） 資料。研究統計優先使用 qc 品管版本。不可列為 document_rag_candidate。歷史資料僅可回答歷史描述，不可提供當日下水安全判定。,確認時區（疑似 UTC+8）；確認授權（IHMT）；確認 qc 與 realtime 時間範圍
歷史品管、即時海氣象水文觀測資料\IHMT\蘇澳港-底碇式波流觀測副站\qc\2024.csv,歷史品管與即時海氣象水文觀測資料（IHMT）,.csv,1175468,2026-09-17T18:54:02+08:00,CSV,utf-8-sig,測站編號; 時間; 陣風_風速; 風速; 風向; 氣壓; 氣溫; 海面溫度; 示性波高; 平均週期; 波向; 波浪尖峰週期; 流速; 分層流速{深度:流速}; 流向,中心經度; 中心緯度,,時間,2024–2024,11535,IHMT,需確認各提供者授權條件,高（涉及安全決策風險）,live_or_time_series_candidate,時序工具候選,IHMT qc（品管歷史） 資料。研究統計優先使用 qc 品管版本。不可列為 document_rag_candidate。歷史資料僅可回答歷史描述，不可提供當日下水安全判定。,確認時區（疑似 UTC+8）；確認授權（IHMT）；確認 qc 與 realtime 時間範圍
歷史品管、即時海氣象水文觀測資料\IHMT\蘇澳港-底碇式波流觀測副站\qc\2025.csv,歷史品管與即時海氣象水文觀測資料（IHMT）,.csv,924916,2026-09-17T18:54:02+08:00,CSV,utf-8-sig,測站編號; 時間; 陣風_風速; 風速; 風向; 氣壓; 氣溫; 海面溫度; 示性波高; 平均週期; 波向; 波浪尖峰週期; 流速; 分層流速{深度:流速}; 流向,中心經度; 中心緯度,,時間,2025–2025,9041,IHMT,需確認各提供者授權條件,高（涉及安全決策風險）,live_or_time_series_candidate,時序工具候選,IHMT qc（品管歷史） 資料。研究統計優先使用 qc 品管版本。不可列為 document_rag_candidate。歷史資料僅可回答歷史描述，不可提供當日下水安全判定。,確認時區（疑似 UTC+8）；確認授權（IHMT）；確認 qc 與 realtime 時間範圍
歷史品管、即時海氣象水文觀測資料\IHMT\蘇澳港-底碇式波流觀測副站\realtime\2023.csv,歷史品管與即時海氣象水文觀測資料（IHMT）,.csv,499662,2026-09-17T18:54:02+08:00,CSV,utf-8-sig,測站編號; 時間; 陣風_風速; 風速; 風向; 氣壓; 氣溫; 海面溫度; 示性波高; 平均週期; 波向; 波浪尖峰週期; 流速; 分層流速{深度:流速}; 流向,中心經度; 中心緯度,,時間,2023–2023,4855,IHMT,需確認各提供者授權條件,高（涉及安全決策風險）,live_or_time_series_candidate,時序工具候選,IHMT realtime（即時） 資料。研究統計優先使用 qc 品管版本。不可列為 document_rag_candidate。歷史資料僅可回答歷史描述，不可提供當日下水安全判定。,確認時區（疑似 UTC+8）；確認授權（IHMT）；確認 qc 與 realtime 時間範圍
歷史品管、即時海氣象水文觀測資料\IHMT\蘇澳港-底碇式波流觀測副站\realtime\2024.csv,歷史品管與即時海氣象水文觀測資料（IHMT）,.csv,390133,2026-09-17T18:54:02+08:00,CSV,utf-8-sig,測站編號; 時間; 陣風_風速; 風速; 風向; 氣壓; 氣溫; 海面溫度; 示性波高; 平均週期; 波向; 波浪尖峰週期; 流速; 分層流速{深度:流速}; 流向,中心經度; 中心緯度,,時間,2024–2024,3784,IHMT,需確認各提供者授權條件,高（涉及安全決策風險）,live_or_time_series_candidate,時序工具候選,IHMT realtime（即時） 資料。研究統計優先使用 qc 品管版本。不可列為 document_rag_candidate。歷史資料僅可回答歷史描述，不可提供當日下水安全判定。,確認時區（疑似 UTC+8）；確認授權（IHMT）；確認 qc 與 realtime 時間範圍
歷史品管、即時海氣象水文觀測資料\IHMT\蘇澳港-底碇式波流觀測副站\realtime\2025.csv,歷史品管與即時海氣象水文觀測資料（IHMT）,.csv,368544,2026-09-17T18:54:02+08:00,CSV,utf-8-sig,測站編號; 時間; 陣風_風速; 風速; 風向; 氣壓; 氣溫; 海面溫度; 示性波高; 平均週期; 波向; 波浪尖峰週期; 流速; 分層流速{深度:流速}; 流向,中心經度; 中心緯度,,時間,2025–2025,3711,IHMT,需確認各提供者授權條件,高（涉及安全決策風險）,live_or_time_series_candidate,時序工具候選,IHMT realtime（即時） 資料。研究統計優先使用 qc 品管版本。不可列為 document_rag_candidate。歷史資料僅可回答歷史描述，不可提供當日下水安全判定。,確認時區（疑似 UTC+8）；確認授權（IHMT）；確認 qc 與 realtime 時間範圍
歷史品管、即時海氣象水文觀測資料\IHMT\金門水頭港\LonLat.csv,歷史品管與即時海氣象水文觀測資料（IHMT）,.csv,50,2026-09-17T18:54:02+08:00,CSV,utf-8-sig,CenterLongitude; CenterLatitude,CenterLongitude; CenterLatitude,,,,2,IHMT,需確認各提供者授權條件,高（涉及安全決策風險）,live_or_time_series_candidate,時序工具候選,IHMT 座標或後設 資料。研究統計優先使用 qc 品管版本。不可列為 document_rag_candidate。歷史資料僅可回答歷史描述，不可提供當日下水安全判定。,確認時區（疑似 UTC+8）；確認授權（IHMT）；確認 qc 與 realtime 時間範圍
歷史品管、即時海氣象水文觀測資料\IHMT\金門水頭港\qc\2024.csv,歷史品管與即時海氣象水文觀測資料（IHMT）,.csv,557319,2026-09-17T18:54:02+08:00,CSV,utf-8-sig,測站編號; 時間; 陣風_風速; 風速; 風向; 氣壓; 氣溫; 海面溫度; 示性波高; 平均週期; 波向; 波浪尖峰週期; 流速; 分層流速{深度:流速}; 流向,中心經度; 中心緯度,,時間,2024–2024,6171,IHMT,需確認各提供者授權條件,高（涉及安全決策風險）,live_or_time_series_candidate,時序工具候選,IHMT qc（品管歷史） 資料。研究統計優先使用 qc 品管版本。不可列為 document_rag_candidate。歷史資料僅可回答歷史描述，不可提供當日下水安全判定。,確認時區（疑似 UTC+8）；確認授權（IHMT）；確認 qc 與 realtime 時間範圍
歷史品管、即時海氣象水文觀測資料\IHMT\金門水頭港\qc\2025.csv,歷史品管與即時海氣象水文觀測資料（IHMT）,.csv,555758,2026-09-17T18:54:02+08:00,CSV,utf-8-sig,測站編號; 時間; 陣風_風速; 風速; 風向; 氣壓; 氣溫; 海面溫度; 示性波高; 平均週期; 波向; 波浪尖峰週期; 流速; 分層流速{深度:流速}; 流向,中心經度; 中心緯度,,時間,2025–2025,6107,IHMT,需確認各提供者授權條件,高（涉及安全決策風險）,live_or_time_series_candidate,時序工具候選,IHMT qc（品管歷史） 資料。研究統計優先使用 qc 品管版本。不可列為 document_rag_candidate。歷史資料僅可回答歷史描述，不可提供當日下水安全判定。,確認時區（疑似 UTC+8）；確認授權（IHMT）；確認 qc 與 realtime 時間範圍
歷史品管、即時海氣象水文觀測資料\IHMT\金門港水頭底碇式波流觀測站\LonLat.csv,歷史品管與即時海氣象水文觀測資料（IHMT）,.csv,49,2026-09-17T18:54:02+08:00,CSV,utf-8-sig,CenterLongitude; CenterLatitude,CenterLongitude; CenterLatitude,,,,2,IHMT,需確認各提供者授權條件,高（涉及安全決策風險）,live_or_time_series_candidate,時序工具候選,IHMT 座標或後設 資料。研究統計優先使用 qc 品管版本。不可列為 document_rag_candidate。歷史資料僅可回答歷史描述，不可提供當日下水安全判定。,確認時區（疑似 UTC+8）；確認授權（IHMT）；確認 qc 與 realtime 時間範圍
歷史品管、即時海氣象水文觀測資料\IHMT\金門港水頭底碇式波流觀測站\qc\2024.csv,歷史品管與即時海氣象水文觀測資料（IHMT）,.csv,640019,2026-09-17T18:54:02+08:00,CSV,utf-8-sig,測站編號; 時間; 陣風_風速; 風速; 風向; 氣壓; 氣溫; 海面溫度; 示性波高; 平均週期; 波向; 波浪尖峰週期; 流速; 分層流速{深度:流速}; 流向,中心經度; 中心緯度,,時間,2024–2024,6060,IHMT,需確認各提供者授權條件,高（涉及安全決策風險）,live_or_time_series_candidate,時序工具候選,IHMT qc（品管歷史） 資料。研究統計優先使用 qc 品管版本。不可列為 document_rag_candidate。歷史資料僅可回答歷史描述，不可提供當日下水安全判定。,確認時區（疑似 UTC+8）；確認授權（IHMT）；確認 qc 與 realtime 時間範圍
歷史品管、即時海氣象水文觀測資料\IHMT\金門港水頭底碇式波流觀測站\qc\2025.csv,歷史品管與即時海氣象水文觀測資料（IHMT）,.csv,707620,2026-09-17T18:54:02+08:00,CSV,utf-8-sig,測站編號; 時間; 陣風_風速; 風速; 風向; 氣壓; 氣溫; 海面溫度; 示性波高; 平均週期; 波向; 波浪尖峰週期; 流速; 分層流速{深度:流速}; 流向,中心經度; 中心緯度,,時間,2025–2025,6631,IHMT,需確認各提供者授權條件,高（涉及安全決策風險）,live_or_time_series_candidate,時序工具候選,IHMT qc（品管歷史） 資料。研究統計優先使用 qc 品管版本。不可列為 document_rag_candidate。歷史資料僅可回答歷史描述，不可提供當日下水安全判定。,確認時區（疑似 UTC+8）；確認授權（IHMT）；確認 qc 與 realtime 時間範圍
歷史品管、即時海氣象水文觀測資料\IHMT\馬祖南竿-2號浮動碼頭\LonLat.csv,歷史品管與即時海氣象水文觀測資料（IHMT）,.csv,54,2026-09-17T18:54:02+08:00,CSV,utf-8-sig,CenterLongitude; CenterLatitude,CenterLongitude; CenterLatitude,,,,2,IHMT,需確認各提供者授權條件,高（涉及安全決策風險）,live_or_time_series_candidate,時序工具候選,IHMT 座標或後設 資料。研究統計優先使用 qc 品管版本。不可列為 document_rag_candidate。歷史資料僅可回答歷史描述，不可提供當日下水安全判定。,確認時區（疑似 UTC+8）；確認授權（IHMT）；確認 qc 與 realtime 時間範圍
歷史品管、即時海氣象水文觀測資料\IHMT\馬祖南竿-2號浮動碼頭\qc\2023.csv,歷史品管與即時海氣象水文觀測資料（IHMT）,.csv,555779,2026-09-17T18:54:02+08:00,CSV,utf-8-sig,測站編號; 時間; 陣風_風速; 風速; 風向; 氣壓; 氣溫; 海面溫度; 示性波高; 平均週期; 波向; 波浪尖峰週期; 流速; 分層流速{深度:流速}; 流向,中心經度; 中心緯度,,時間,2023–2023,6114,IHMT,需確認各提供者授權條件,高（涉及安全決策風險）,live_or_time_series_candidate,時序工具候選,IHMT qc（品管歷史） 資料。研究統計優先使用 qc 品管版本。不可列為 document_rag_candidate。歷史資料僅可回答歷史描述，不可提供當日下水安全判定。,確認時區（疑似 UTC+8）；確認授權（IHMT）；確認 qc 與 realtime 時間範圍
歷史品管、即時海氣象水文觀測資料\IHMT\馬祖南竿-2號浮動碼頭\realtime\2023.csv,歷史品管與即時海氣象水文觀測資料（IHMT）,.csv,379248,2026-09-17T18:54:02+08:00,CSV,utf-8-sig,測站編號; 時間; 陣風_風速; 風速; 風向; 氣壓; 氣溫; 海面溫度; 示性波高; 平均週期; 波向; 波浪尖峰週期; 流速; 分層流速{深度:流速}; 流向,中心經度; 中心緯度,,時間,2023–2023,4149,IHMT,需確認各提供者授權條件,高（涉及安全決策風險）,live_or_time_series_candidate,時序工具候選,IHMT realtime（即時） 資料。研究統計優先使用 qc 品管版本。不可列為 document_rag_candidate。歷史資料僅可回答歷史描述，不可提供當日下水安全判定。,確認時區（疑似 UTC+8）；確認授權（IHMT）；確認 qc 與 realtime 時間範圍
歷史品管、即時海氣象水文觀測資料\IHMT\馬祖南竿-2號浮動碼頭\realtime\2024.csv,歷史品管與即時海氣象水文觀測資料（IHMT）,.csv,517559,2026-09-17T18:54:02+08:00,CSV,utf-8-sig,測站編號; 時間; 陣風_風速; 風速; 風向; 氣壓; 氣溫; 海面溫度; 示性波高; 平均週期; 波向; 波浪尖峰週期; 流速; 分層流速{深度:流速}; 流向,中心經度; 中心緯度,,時間,2024–2024,5662,IHMT,需確認各提供者授權條件,高（涉及安全決策風險）,live_or_time_series_candidate,時序工具候選,IHMT realtime（即時） 資料。研究統計優先使用 qc 品管版本。不可列為 document_rag_candidate。歷史資料僅可回答歷史描述，不可提供當日下水安全判定。,確認時區（疑似 UTC+8）；確認授權（IHMT）；確認 qc 與 realtime 時間範圍
歷史品管、即時海氣象水文觀測資料\IHMT\馬祖南竿-2號浮動碼頭\realtime\2025.csv,歷史品管與即時海氣象水文觀測資料（IHMT）,.csv,496162,2026-09-17T18:54:02+08:00,CSV,utf-8-sig,測站編號; 時間; 陣風_風速; 風速; 風向; 氣壓; 氣溫; 海面溫度; 示性波高; 平均週期; 波向; 波浪尖峰週期; 流速; 分層流速{深度:流速}; 流向,中心經度; 中心緯度,,時間,2025–2025,5512,IHMT,需確認各提供者授權條件,高（涉及安全決策風險）,live_or_time_series_candidate,時序工具候選,IHMT realtime（即時） 資料。研究統計優先使用 qc 品管版本。不可列為 document_rag_candidate。歷史資料僅可回答歷史描述，不可提供當日下水安全判定。,確認時區（疑似 UTC+8）；確認授權（IHMT）；確認 qc 與 realtime 時間範圍
歷史品管、即時海氣象水文觀測資料\IHMT\馬祖南竿-原港務大樓\LonLat.csv,歷史品管與即時海氣象水文觀測資料（IHMT）,.csv,53,2026-09-17T18:54:02+08:00,CSV,utf-8-sig,CenterLongitude; CenterLatitude,CenterLongitude; CenterLatitude,,,,2,IHMT,需確認各提供者授權條件,高（涉及安全決策風險）,live_or_time_series_candidate,時序工具候選,IHMT 座標或後設 資料。研究統計優先使用 qc 品管版本。不可列為 document_rag_candidate。歷史資料僅可回答歷史描述，不可提供當日下水安全判定。,確認時區（疑似 UTC+8）；確認授權（IHMT）；確認 qc 與 realtime 時間範圍
歷史品管、即時海氣象水文觀測資料\IHMT\馬祖南竿-原港務大樓\qc\2023.csv,歷史品管與即時海氣象水文觀測資料（IHMT）,.csv,485547,2026-09-17T18:54:02+08:00,CSV,utf-8-sig,測站編號; 時間; 陣風_風速; 風速; 風向; 氣壓; 氣溫; 海面溫度; 示性波高; 平均週期; 波向; 波浪尖峰週期; 流速; 分層流速{深度:流速}; 流向,中心經度; 中心緯度,,時間,2023–2023,5232,IHMT,需確認各提供者授權條件,高（涉及安全決策風險）,live_or_time_series_candidate,時序工具候選,IHMT qc（品管歷史） 資料。研究統計優先使用 qc 品管版本。不可列為 document_rag_candidate。歷史資料僅可回答歷史描述，不可提供當日下水安全判定。,確認時區（疑似 UTC+8）；確認授權（IHMT）；確認 qc 與 realtime 時間範圍
歷史品管、即時海氣象水文觀測資料\IHMT\馬祖南竿-原港務大樓\qc\2024.csv,歷史品管與即時海氣象水文觀測資料（IHMT）,.csv,671,2026-09-17T18:54:02+08:00,CSV,utf-8-sig,測站編號; 時間; 陣風_風速; 風速; 風向; 氣壓; 氣溫; 海面溫度; 示性波高; 平均週期; 波向; 波浪尖峰週期; 流速; 分層流速{深度:流速}; 流向,中心經度; 中心緯度,,時間,2024–2024,5,IHMT,需確認各提供者授權條件,高（涉及安全決策風險）,live_or_time_series_candidate,時序工具候選,IHMT qc（品管歷史） 資料。研究統計優先使用 qc 品管版本。不可列為 document_rag_candidate。歷史資料僅可回答歷史描述，不可提供當日下水安全判定。,確認時區（疑似 UTC+8）；確認授權（IHMT）；確認 qc 與 realtime 時間範圍
歷史品管、即時海氣象水文觀測資料\IHMT\馬祖南竿-原港務大樓\realtime\2023.csv,歷史品管與即時海氣象水文觀測資料（IHMT）,.csv,350785,2026-09-17T18:54:02+08:00,CSV,utf-8-sig,測站編號; 時間; 陣風_風速; 風速; 風向; 氣壓; 氣溫; 海面溫度; 示性波高; 平均週期; 波向; 波浪尖峰週期; 流速; 分層流速{深度:流速}; 流向,中心經度; 中心緯度,,時間,2023–2023,3755,IHMT,需確認各提供者授權條件,高（涉及安全決策風險）,live_or_time_series_candidate,時序工具候選,IHMT realtime（即時） 資料。研究統計優先使用 qc 品管版本。不可列為 document_rag_candidate。歷史資料僅可回答歷史描述，不可提供當日下水安全判定。,確認時區（疑似 UTC+8）；確認授權（IHMT）；確認 qc 與 realtime 時間範圍
歷史品管、即時海氣象水文觀測資料\IHMT\馬祖南竿-原港務大樓\realtime\2024.csv,歷史品管與即時海氣象水文觀測資料（IHMT）,.csv,16006,2026-09-17T18:54:02+08:00,CSV,utf-8-sig,測站編號; 時間; 陣風_風速; 風速; 風向; 氣壓; 氣溫; 海面溫度; 示性波高; 平均週期; 波向; 波浪尖峰週期; 流速; 分層流速{深度:流速}; 流向,中心經度; 中心緯度,,時間,2024–2024,171,IHMT,需確認各提供者授權條件,高（涉及安全決策風險）,live_or_time_series_candidate,時序工具候選,IHMT realtime（即時） 資料。研究統計優先使用 qc 品管版本。不可列為 document_rag_candidate。歷史資料僅可回答歷史描述，不可提供當日下水安全判定。,確認時區（疑似 UTC+8）；確認授權（IHMT）；確認 qc 與 realtime 時間範圍
歷史品管、即時海氣象水文觀測資料\IHMT\馬祖南竿-底碇式波流觀測站\LonLat.csv,歷史品管與即時海氣象水文觀測資料（IHMT）,.csv,53,2026-09-17T18:54:02+08:00,CSV,utf-8-sig,CenterLongitude; CenterLatitude,CenterLongitude; CenterLatitude,,,,2,IHMT,需確認各提供者授權條件,高（涉及安全決策風險）,live_or_time_series_candidate,時序工具候選,IHMT 座標或後設 資料。研究統計優先使用 qc 品管版本。不可列為 document_rag_candidate。歷史資料僅可回答歷史描述，不可提供當日下水安全判定。,確認時區（疑似 UTC+8）；確認授權（IHMT）；確認 qc 與 realtime 時間範圍
歷史品管、即時海氣象水文觀測資料\IHMT\馬祖南竿-底碇式波流觀測站\qc\2023.csv,歷史品管與即時海氣象水文觀測資料（IHMT）,.csv,725883,2026-09-17T18:54:02+08:00,CSV,utf-8-sig,測站編號; 時間; 陣風_風速; 風速; 風向; 氣壓; 氣溫; 海面溫度; 示性波高; 平均週期; 波向; 波浪尖峰週期; 流速; 分層流速{深度:流速}; 流向,中心經度; 中心緯度,,時間,2023–2023,7095,IHMT,需確認各提供者授權條件,高（涉及安全決策風險）,live_or_time_series_candidate,時序工具候選,IHMT qc（品管歷史） 資料。研究統計優先使用 qc 品管版本。不可列為 document_rag_candidate。歷史資料僅可回答歷史描述，不可提供當日下水安全判定。,確認時區（疑似 UTC+8）；確認授權（IHMT）；確認 qc 與 realtime 時間範圍
歷史品管、即時海氣象水文觀測資料\IHMT\馬祖南竿-底碇式波流觀測站\realtime\2024.csv,歷史品管與即時海氣象水文觀測資料（IHMT）,.csv,612060,2026-09-17T18:54:02+08:00,CSV,utf-8-sig,測站編號; 時間; 陣風_風速; 風速; 風向; 氣壓; 氣溫; 海面溫度; 示性波高; 平均週期; 波向; 波浪尖峰週期; 流速; 分層流速{深度:流速}; 流向,中心經度; 中心緯度,,時間,2024–2024,6239,IHMT,需確認各提供者授權條件,高（涉及安全決策風險）,live_or_time_series_candidate,時序工具候選,IHMT realtime（即時） 資料。研究統計優先使用 qc 品管版本。不可列為 document_rag_candidate。歷史資料僅可回答歷史描述，不可提供當日下水安全判定。,確認時區（疑似 UTC+8）；確認授權（IHMT）；確認 qc 與 realtime 時間範圍
歷史品管、即時海氣象水文觀測資料\IHMT\馬祖南竿-底碇式波流觀測站\realtime\2025.csv,歷史品管與即時海氣象水文觀測資料（IHMT）,.csv,649142,2026-09-17T18:54:02+08:00,CSV,utf-8-sig,測站編號; 時間; 陣風_風速; 風速; 風向; 氣壓; 氣溫; 海面溫度; 示性波高; 平均週期; 波向; 波浪尖峰週期; 流速; 分層流速{深度:流速}; 流向,中心經度; 中心緯度,,時間,2025–2025,6517,IHMT,需確認各提供者授權條件,高（涉及安全決策風險）,live_or_time_series_candidate,時序工具候選,IHMT realtime（即時） 資料。研究統計優先使用 qc 品管版本。不可列為 document_rag_candidate。歷史資料僅可回答歷史描述，不可提供當日下水安全判定。,確認時區（疑似 UTC+8）；確認授權（IHMT）；確認 qc 與 realtime 時間範圍
歷史品管、即時海氣象水文觀測資料\IHMT\馬祖港南竿底碇式波流觀測站\LonLat.csv,歷史品管與即時海氣象水文觀測資料（IHMT）,.csv,49,2026-09-17T18:54:02+08:00,CSV,utf-8-sig,CenterLongitude; CenterLatitude,CenterLongitude; CenterLatitude,,,,2,IHMT,需確認各提供者授權條件,高（涉及安全決策風險）,live_or_time_series_candidate,時序工具候選,IHMT 座標或後設 資料。研究統計優先使用 qc 品管版本。不可列為 document_rag_candidate。歷史資料僅可回答歷史描述，不可提供當日下水安全判定。,確認時區（疑似 UTC+8）；確認授權（IHMT）；確認 qc 與 realtime 時間範圍
歷史品管、即時海氣象水文觀測資料\IHMT\馬祖港南竿底碇式波流觀測站\qc\2024.csv,歷史品管與即時海氣象水文觀測資料（IHMT）,.csv,1464078,2026-09-17T18:54:02+08:00,CSV,utf-8-sig,測站編號; 時間; 陣風_風速; 風速; 風向; 氣壓; 氣溫; 海面溫度; 示性波高; 平均週期; 波向; 波浪尖峰週期; 流速; 分層流速{深度:流速}; 流向,中心經度; 中心緯度,,時間,2024–2024,13877,IHMT,需確認各提供者授權條件,高（涉及安全決策風險）,live_or_time_series_candidate,時序工具候選,IHMT qc（品管歷史） 資料。研究統計優先使用 qc 品管版本。不可列為 document_rag_candidate。歷史資料僅可回答歷史描述，不可提供當日下水安全判定。,確認時區（疑似 UTC+8）；確認授權（IHMT）；確認 qc 與 realtime 時間範圍
歷史品管、即時海氣象水文觀測資料\IHMT\馬祖港南竿底碇式波流觀測站\qc\2025.csv,歷史品管與即時海氣象水文觀測資料（IHMT）,.csv,1470850,2026-09-17T18:54:02+08:00,CSV,utf-8-sig,測站編號; 時間; 陣風_風速; 風速; 風向; 氣壓; 氣溫; 海面溫度; 示性波高; 平均週期; 波向; 波浪尖峰週期; 流速; 分層流速{深度:流速}; 流向,中心經度; 中心緯度,,時間,2025–2025,14008,IHMT,需確認各提供者授權條件,高（涉及安全決策風險）,live_or_time_series_candidate,時序工具候選,IHMT qc（品管歷史） 資料。研究統計優先使用 qc 品管版本。不可列為 document_rag_candidate。歷史資料僅可回答歷史描述，不可提供當日下水安全判定。,確認時區（疑似 UTC+8）；確認授權（IHMT）；確認 qc 與 realtime 時間範圍
歷史品管、即時海氣象水文觀測資料\IHMT\馬祖港南竿風速觀測站\LonLat.csv,歷史品管與即時海氣象水文觀測資料（IHMT）,.csv,46,2026-09-17T18:54:02+08:00,CSV,utf-8-sig,CenterLongitude; CenterLatitude,CenterLongitude; CenterLatitude,,,,2,IHMT,需確認各提供者授權條件,高（涉及安全決策風險）,live_or_time_series_candidate,時序工具候選,IHMT 座標或後設 資料。研究統計優先使用 qc 品管版本。不可列為 document_rag_candidate。歷史資料僅可回答歷史描述，不可提供當日下水安全判定。,確認時區（疑似 UTC+8）；確認授權（IHMT）；確認 qc 與 realtime 時間範圍
歷史品管、即時海氣象水文觀測資料\IHMT\馬祖港南竿風速觀測站\qc\2024.csv,歷史品管與即時海氣象水文觀測資料（IHMT）,.csv,3329334,2026-09-17T18:54:02+08:00,CSV,utf-8-sig,測站編號; 時間; 陣風_風速; 風速; 風向; 氣壓; 氣溫; 海面溫度; 示性波高; 平均週期; 波向; 波浪尖峰週期; 流速; 分層流速{深度:流速}; 流向,中心經度; 中心緯度,,時間,2024–2024,35722,IHMT,需確認各提供者授權條件,高（涉及安全決策風險）,live_or_time_series_candidate,時序工具候選,IHMT qc（品管歷史） 資料。研究統計優先使用 qc 品管版本。不可列為 document_rag_candidate。歷史資料僅可回答歷史描述，不可提供當日下水安全判定。,確認時區（疑似 UTC+8）；確認授權（IHMT）；確認 qc 與 realtime 時間範圍
歷史品管、即時海氣象水文觀測資料\IHMT\馬祖港南竿風速觀測站\qc\2025.csv,歷史品管與即時海氣象水文觀測資料（IHMT）,.csv,3503135,2026-09-17T18:54:02+08:00,CSV,utf-8-sig,測站編號; 時間; 陣風_風速; 風速; 風向; 氣壓; 氣溫; 海面溫度; 示性波高; 平均週期; 波向; 波浪尖峰週期; 流速; 分層流速{深度:流速}; 流向,中心經度; 中心緯度,,時間,2025–2025,37587,IHMT,需確認各提供者授權條件,高（涉及安全決策風險）,live_or_time_series_candidate,時序工具候選,IHMT qc（品管歷史） 資料。研究統計優先使用 qc 品管版本。不可列為 document_rag_candidate。歷史資料僅可回答歷史描述，不可提供當日下水安全判定。,確認時區（疑似 UTC+8）；確認授權（IHMT）；確認 qc 與 realtime 時間範圍
歷史品管、即時海氣象水文觀測資料\IHMT\高雄港-10碼頭\LonLat.csv,歷史品管與即時海氣象水文觀測資料（IHMT）,.csv,52,2026-09-17T18:54:02+08:00,CSV,utf-8-sig,CenterLongitude; CenterLatitude,CenterLongitude; CenterLatitude,,,,2,IHMT,需確認各提供者授權條件,高（涉及安全決策風險）,live_or_time_series_candidate,時序工具候選,IHMT 座標或後設 資料。研究統計優先使用 qc 品管版本。不可列為 document_rag_candidate。歷史資料僅可回答歷史描述，不可提供當日下水安全判定。,確認時區（疑似 UTC+8）；確認授權（IHMT）；確認 qc 與 realtime 時間範圍
歷史品管、即時海氣象水文觀測資料\IHMT\高雄港-10碼頭\qc\2023.csv,歷史品管與即時海氣象水文觀測資料（IHMT）,.csv,552368,2026-09-17T18:54:02+08:00,CSV,utf-8-sig,測站編號; 時間; 陣風_風速; 風速; 風向; 氣壓; 氣溫; 海面溫度; 示性波高; 平均週期; 波向; 波浪尖峰週期; 流速; 分層流速{深度:流速}; 流向,中心經度; 中心緯度,,時間,2023–2023,6103,IHMT,需確認各提供者授權條件,高（涉及安全決策風險）,live_or_time_series_candidate,時序工具候選,IHMT qc（品管歷史） 資料。研究統計優先使用 qc 品管版本。不可列為 document_rag_candidate。歷史資料僅可回答歷史描述，不可提供當日下水安全判定。,確認時區（疑似 UTC+8）；確認授權（IHMT）；確認 qc 與 realtime 時間範圍
歷史品管、即時海氣象水文觀測資料\IHMT\高雄港-10碼頭\qc\2024.csv,歷史品管與即時海氣象水文觀測資料（IHMT）,.csv,551071,2026-09-17T18:54:02+08:00,CSV,utf-8-sig,測站編號; 時間; 陣風_風速; 風速; 風向; 氣壓; 氣溫; 海面溫度; 示性波高; 平均週期; 波向; 波浪尖峰週期; 流速; 分層流速{深度:流速}; 流向,中心經度; 中心緯度,,時間,2024–2024,6055,IHMT,需確認各提供者授權條件,高（涉及安全決策風險）,live_or_time_series_candidate,時序工具候選,IHMT qc（品管歷史） 資料。研究統計優先使用 qc 品管版本。不可列為 document_rag_candidate。歷史資料僅可回答歷史描述，不可提供當日下水安全判定。,確認時區（疑似 UTC+8）；確認授權（IHMT）；確認 qc 與 realtime 時間範圍
歷史品管、即時海氣象水文觀測資料\IHMT\高雄港-10碼頭\qc\2025.csv,歷史品管與即時海氣象水文觀測資料（IHMT）,.csv,552398,2026-09-17T18:54:02+08:00,CSV,utf-8-sig,測站編號; 時間; 陣風_風速; 風速; 風向; 氣壓; 氣溫; 海面溫度; 示性波高; 平均週期; 波向; 波浪尖峰週期; 流速; 分層流速{深度:流速}; 流向,中心經度; 中心緯度,,時間,2025–2025,6050,IHMT,需確認各提供者授權條件,高（涉及安全決策風險）,live_or_time_series_candidate,時序工具候選,IHMT qc（品管歷史） 資料。研究統計優先使用 qc 品管版本。不可列為 document_rag_candidate。歷史資料僅可回答歷史描述，不可提供當日下水安全判定。,確認時區（疑似 UTC+8）；確認授權（IHMT）；確認 qc 與 realtime 時間範圍
歷史品管、即時海氣象水文觀測資料\IHMT\高雄港-10碼頭\realtime\2023.csv,歷史品管與即時海氣象水文觀測資料（IHMT）,.csv,503315,2026-09-17T18:54:02+08:00,CSV,utf-8-sig,測站編號; 時間; 陣風_風速; 風速; 風向; 氣壓; 氣溫; 海面溫度; 示性波高; 平均週期; 波向; 波浪尖峰週期; 流速; 分層流速{深度:流速}; 流向,中心經度; 中心緯度,,時間,2023–2023,5598,IHMT,需確認各提供者授權條件,高（涉及安全決策風險）,live_or_time_series_candidate,時序工具候選,IHMT realtime（即時） 資料。研究統計優先使用 qc 品管版本。不可列為 document_rag_candidate。歷史資料僅可回答歷史描述，不可提供當日下水安全判定。,確認時區（疑似 UTC+8）；確認授權（IHMT）；確認 qc 與 realtime 時間範圍
歷史品管、即時海氣象水文觀測資料\IHMT\高雄港-10碼頭\realtime\2024.csv,歷史品管與即時海氣象水文觀測資料（IHMT）,.csv,531069,2026-09-17T18:54:03+08:00,CSV,utf-8-sig,測站編號; 時間; 陣風_風速; 風速; 風向; 氣壓; 氣溫; 海面溫度; 示性波高; 平均週期; 波向; 波浪尖峰週期; 流速; 分層流速{深度:流速}; 流向,中心經度; 中心緯度,,時間,2024–2024,5900,IHMT,需確認各提供者授權條件,高（涉及安全決策風險）,live_or_time_series_candidate,時序工具候選,IHMT realtime（即時） 資料。研究統計優先使用 qc 品管版本。不可列為 document_rag_candidate。歷史資料僅可回答歷史描述，不可提供當日下水安全判定。,確認時區（疑似 UTC+8）；確認授權（IHMT）；確認 qc 與 realtime 時間範圍
歷史品管、即時海氣象水文觀測資料\IHMT\高雄港-10碼頭\realtime\2025.csv,歷史品管與即時海氣象水文觀測資料（IHMT）,.csv,536800,2026-09-17T18:54:03+08:00,CSV,utf-8-sig,測站編號; 時間; 陣風_風速; 風速; 風向; 氣壓; 氣溫; 海面溫度; 示性波高; 平均週期; 波向; 波浪尖峰週期; 流速; 分層流速{深度:流速}; 流向,中心經度; 中心緯度,,時間,2025–2025,5964,IHMT,需確認各提供者授權條件,高（涉及安全決策風險）,live_or_time_series_candidate,時序工具候選,IHMT realtime（即時） 資料。研究統計優先使用 qc 品管版本。不可列為 document_rag_candidate。歷史資料僅可回答歷史描述，不可提供當日下水安全判定。,確認時區（疑似 UTC+8）；確認授權（IHMT）；確認 qc 與 realtime 時間範圍
歷史品管、即時海氣象水文觀測資料\IHMT\高雄港-一港口底碇式波流觀測站\LonLat.csv,歷史品管與即時海氣象水文觀測資料（IHMT）,.csv,52,2026-09-17T18:54:03+08:00,CSV,utf-8-sig,CenterLongitude; CenterLatitude,CenterLongitude; CenterLatitude,,,,2,IHMT,需確認各提供者授權條件,高（涉及安全決策風險）,live_or_time_series_candidate,時序工具候選,IHMT 座標或後設 資料。研究統計優先使用 qc 品管版本。不可列為 document_rag_candidate。歷史資料僅可回答歷史描述，不可提供當日下水安全判定。,確認時區（疑似 UTC+8）；確認授權（IHMT）；確認 qc 與 realtime 時間範圍
歷史品管、即時海氣象水文觀測資料\IHMT\高雄港-一港口底碇式波流觀測站\qc\2023.csv,歷史品管與即時海氣象水文觀測資料（IHMT）,.csv,1359752,2026-09-17T18:54:03+08:00,CSV,utf-8-sig,測站編號; 時間; 陣風_風速; 風速; 風向; 氣壓; 氣溫; 海面溫度; 示性波高; 平均週期; 波向; 波浪尖峰週期; 流速; 分層流速{深度:流速}; 流向,中心經度; 中心緯度,,時間,2023–2023,13252,IHMT,需確認各提供者授權條件,高（涉及安全決策風險）,live_or_time_series_candidate,時序工具候選,IHMT qc（品管歷史） 資料。研究統計優先使用 qc 品管版本。不可列為 document_rag_candidate。歷史資料僅可回答歷史描述，不可提供當日下水安全判定。,確認時區（疑似 UTC+8）；確認授權（IHMT）；確認 qc 與 realtime 時間範圍
歷史品管、即時海氣象水文觀測資料\IHMT\高雄港-一港口底碇式波流觀測站\qc\2024.csv,歷史品管與即時海氣象水文觀測資料（IHMT）,.csv,1284146,2026-09-17T18:54:03+08:00,CSV,utf-8-sig,測站編號; 時間; 陣風_風速; 風速; 風向; 氣壓; 氣溫; 海面溫度; 示性波高; 平均週期; 波向; 波浪尖峰週期; 流速; 分層流速{深度:流速}; 流向,中心經度; 中心緯度,,時間,2024–2024,12455,IHMT,需確認各提供者授權條件,高（涉及安全決策風險）,live_or_time_series_candidate,時序工具候選,IHMT qc（品管歷史） 資料。研究統計優先使用 qc 品管版本。不可列為 document_rag_candidate。歷史資料僅可回答歷史描述，不可提供當日下水安全判定。,確認時區（疑似 UTC+8）；確認授權（IHMT）；確認 qc 與 realtime 時間範圍
歷史品管、即時海氣象水文觀測資料\IHMT\高雄港-一港口底碇式波流觀測站\qc\2025.csv,歷史品管與即時海氣象水文觀測資料（IHMT）,.csv,811696,2026-09-17T18:54:03+08:00,CSV,utf-8-sig,測站編號; 時間; 陣風_風速; 風速; 風向; 氣壓; 氣溫; 海面溫度; 示性波高; 平均週期; 波向; 波浪尖峰週期; 流速; 分層流速{深度:流速}; 流向,中心經度; 中心緯度,,時間,2025–2025,7888,IHMT,需確認各提供者授權條件,高（涉及安全決策風險）,live_or_time_series_candidate,時序工具候選,IHMT qc（品管歷史） 資料。研究統計優先使用 qc 品管版本。不可列為 document_rag_candidate。歷史資料僅可回答歷史描述，不可提供當日下水安全判定。,確認時區（疑似 UTC+8）；確認授權（IHMT）；確認 qc 與 realtime 時間範圍
歷史品管、即時海氣象水文觀測資料\IHMT\高雄港-一港口底碇式波流觀測站\realtime\2023.csv,歷史品管與即時海氣象水文觀測資料（IHMT）,.csv,655962,2026-09-17T18:54:03+08:00,CSV,utf-8-sig,測站編號; 時間; 陣風_風速; 風速; 風向; 氣壓; 氣溫; 海面溫度; 示性波高; 平均週期; 波向; 波浪尖峰週期; 流速; 分層流速{深度:流速}; 流向,中心經度; 中心緯度,,時間,2023–2023,6319,IHMT,需確認各提供者授權條件,高（涉及安全決策風險）,live_or_time_series_candidate,時序工具候選,IHMT realtime（即時） 資料。研究統計優先使用 qc 品管版本。不可列為 document_rag_candidate。歷史資料僅可回答歷史描述，不可提供當日下水安全判定。,確認時區（疑似 UTC+8）；確認授權（IHMT）；確認 qc 與 realtime 時間範圍
歷史品管、即時海氣象水文觀測資料\IHMT\高雄港-一港口底碇式波流觀測站\realtime\2024.csv,歷史品管與即時海氣象水文觀測資料（IHMT）,.csv,630398,2026-09-17T18:54:03+08:00,CSV,utf-8-sig,測站編號; 時間; 陣風_風速; 風速; 風向; 氣壓; 氣溫; 海面溫度; 示性波高; 平均週期; 波向; 波浪尖峰週期; 流速; 分層流速{深度:流速}; 流向,中心經度; 中心緯度,,時間,2024–2024,6084,IHMT,需確認各提供者授權條件,高（涉及安全決策風險）,live_or_time_series_candidate,時序工具候選,IHMT realtime（即時） 資料。研究統計優先使用 qc 品管版本。不可列為 document_rag_candidate。歷史資料僅可回答歷史描述，不可提供當日下水安全判定。,確認時區（疑似 UTC+8）；確認授權（IHMT）；確認 qc 與 realtime 時間範圍
歷史品管、即時海氣象水文觀測資料\IHMT\高雄港-一港口底碇式波流觀測站\realtime\2025.csv,歷史品管與即時海氣象水文觀測資料（IHMT）,.csv,543899,2026-09-17T18:54:03+08:00,CSV,utf-8-sig,測站編號; 時間; 陣風_風速; 風速; 風向; 氣壓; 氣溫; 海面溫度; 示性波高; 平均週期; 波向; 波浪尖峰週期; 流速; 分層流速{深度:流速}; 流向,中心經度; 中心緯度,,時間,2025–2025,5379,IHMT,需確認各提供者授權條件,高（涉及安全決策風險）,live_or_time_series_candidate,時序工具候選,IHMT realtime（即時） 資料。研究統計優先使用 qc 品管版本。不可列為 document_rag_candidate。歷史資料僅可回答歷史描述，不可提供當日下水安全判定。,確認時區（疑似 UTC+8）；確認授權（IHMT）；確認 qc 與 realtime 時間範圍
歷史品管、即時海氣象水文觀測資料\IHMT\高雄港-二港口北堤綠燈塔\LonLat.csv,歷史品管與即時海氣象水文觀測資料（IHMT）,.csv,54,2026-09-17T18:54:03+08:00,CSV,utf-8-sig,CenterLongitude; CenterLatitude,CenterLongitude; CenterLatitude,,,,2,IHMT,需確認各提供者授權條件,高（涉及安全決策風險）,live_or_time_series_candidate,時序工具候選,IHMT 座標或後設 資料。研究統計優先使用 qc 品管版本。不可列為 document_rag_candidate。歷史資料僅可回答歷史描述，不可提供當日下水安全判定。,確認時區（疑似 UTC+8）；確認授權（IHMT）；確認 qc 與 realtime 時間範圍
歷史品管、即時海氣象水文觀測資料\IHMT\高雄港-二港口北堤綠燈塔\qc\2023.csv,歷史品管與即時海氣象水文觀測資料（IHMT）,.csv,557725,2026-09-17T18:54:03+08:00,CSV,utf-8-sig,測站編號; 時間; 陣風_風速; 風速; 風向; 氣壓; 氣溫; 海面溫度; 示性波高; 平均週期; 波向; 波浪尖峰週期; 流速; 分層流速{深度:流速}; 流向,中心經度; 中心緯度,,時間,2023–2023,6162,IHMT,需確認各提供者授權條件,高（涉及安全決策風險）,live_or_time_series_candidate,時序工具候選,IHMT qc（品管歷史） 資料。研究統計優先使用 qc 品管版本。不可列為 document_rag_candidate。歷史資料僅可回答歷史描述，不可提供當日下水安全判定。,確認時區（疑似 UTC+8）；確認授權（IHMT）；確認 qc 與 realtime 時間範圍
歷史品管、即時海氣象水文觀測資料\IHMT\高雄港-二港口北堤綠燈塔\qc\2024.csv,歷史品管與即時海氣象水文觀測資料（IHMT）,.csv,3351592,2026-09-17T18:54:03+08:00,CSV,utf-8-sig,測站編號; 時間; 陣風_風速; 風速; 風向; 氣壓; 氣溫; 海面溫度; 示性波高; 平均週期; 波向; 波浪尖峰週期; 流速; 分層流速{深度:流速}; 流向,中心經度; 中心緯度,,時間,2024–2024,36669,IHMT,需確認各提供者授權條件,高（涉及安全決策風險）,live_or_time_series_candidate,時序工具候選,IHMT qc（品管歷史） 資料。研究統計優先使用 qc 品管版本。不可列為 document_rag_candidate。歷史資料僅可回答歷史描述，不可提供當日下水安全判定。,確認時區（疑似 UTC+8）；確認授權（IHMT）；確認 qc 與 realtime 時間範圍
歷史品管、即時海氣象水文觀測資料\IHMT\高雄港-二港口北堤綠燈塔\qc\2025.csv,歷史品管與即時海氣象水文觀測資料（IHMT）,.csv,3342381,2026-09-17T18:54:03+08:00,CSV,utf-8-sig,測站編號; 時間; 陣風_風速; 風速; 風向; 氣壓; 氣溫; 海面溫度; 示性波高; 平均週期; 波向; 波浪尖峰週期; 流速; 分層流速{深度:流速}; 流向,中心經度; 中心緯度,,時間,2025–2025,36769,IHMT,需確認各提供者授權條件,高（涉及安全決策風險）,live_or_time_series_candidate,時序工具候選,IHMT qc（品管歷史） 資料。研究統計優先使用 qc 品管版本。不可列為 document_rag_candidate。歷史資料僅可回答歷史描述，不可提供當日下水安全判定。,確認時區（疑似 UTC+8）；確認授權（IHMT）；確認 qc 與 realtime 時間範圍
歷史品管、即時海氣象水文觀測資料\IHMT\高雄港-二港口北堤綠燈塔\realtime\2023.csv,歷史品管與即時海氣象水文觀測資料（IHMT）,.csv,468783,2026-09-17T18:54:03+08:00,CSV,utf-8-sig,測站編號; 時間; 陣風_風速; 風速; 風向; 氣壓; 氣溫; 海面溫度; 示性波高; 平均週期; 波向; 波浪尖峰週期; 流速; 分層流速{深度:流速}; 流向,中心經度; 中心緯度,,時間,2023–2023,5134,IHMT,需確認各提供者授權條件,高（涉及安全決策風險）,live_or_time_series_candidate,時序工具候選,IHMT realtime（即時） 資料。研究統計優先使用 qc 品管版本。不可列為 document_rag_candidate。歷史資料僅可回答歷史描述，不可提供當日下水安全判定。,確認時區（疑似 UTC+8）；確認授權（IHMT）；確認 qc 與 realtime 時間範圍
歷史品管、即時海氣象水文觀測資料\IHMT\高雄港-二港口北堤綠燈塔\realtime\2024.csv,歷史品管與即時海氣象水文觀測資料（IHMT）,.csv,549686,2026-09-17T18:54:03+08:00,CSV,utf-8-sig,測站編號; 時間; 陣風_風速; 風速; 風向; 氣壓; 氣溫; 海面溫度; 示性波高; 平均週期; 波向; 波浪尖峰週期; 流速; 分層流速{深度:流速}; 流向,中心經度; 中心緯度,,時間,2024–2024,6053,IHMT,需確認各提供者授權條件,高（涉及安全決策風險）,live_or_time_series_candidate,時序工具候選,IHMT realtime（即時） 資料。研究統計優先使用 qc 品管版本。不可列為 document_rag_candidate。歷史資料僅可回答歷史描述，不可提供當日下水安全判定。,確認時區（疑似 UTC+8）；確認授權（IHMT）；確認 qc 與 realtime 時間範圍
歷史品管、即時海氣象水文觀測資料\IHMT\高雄港-二港口北堤綠燈塔\realtime\2025.csv,歷史品管與即時海氣象水文觀測資料（IHMT）,.csv,546087,2026-09-17T18:54:03+08:00,CSV,utf-8-sig,測站編號; 時間; 陣風_風速; 風速; 風向; 氣壓; 氣溫; 海面溫度; 示性波高; 平均週期; 波向; 波浪尖峰週期; 流速; 分層流速{深度:流速}; 流向,中心經度; 中心緯度,,時間,2025–2025,6054,IHMT,需確認各提供者授權條件,高（涉及安全決策風險）,live_or_time_series_candidate,時序工具候選,IHMT realtime（即時） 資料。研究統計優先使用 qc 品管版本。不可列為 document_rag_candidate。歷史資料僅可回答歷史描述，不可提供當日下水安全判定。,確認時區（疑似 UTC+8）；確認授權（IHMT）；確認 qc 與 realtime 時間範圍
歷史品管、即時海氣象水文觀測資料\NAMR\一般碼頭\LonLat.csv,歷史品管與即時海氣象水文觀測資料（NAMR）,.csv,52,2026-09-17T18:54:03+08:00,CSV,utf-8-sig,CenterLongitude; CenterLatitude,CenterLongitude; CenterLatitude,,,,2,NAMR,需確認各提供者授權條件,高（涉及安全決策風險）,live_or_time_series_candidate,時序工具候選,NAMR 座標或後設 資料。研究統計優先使用 qc 品管版本。不可列為 document_rag_candidate。歷史資料僅可回答歷史描述，不可提供當日下水安全判定。,確認時區（疑似 UTC+8）；確認授權（NAMR）；確認 qc 與 realtime 時間範圍
歷史品管、即時海氣象水文觀測資料\NAMR\一般碼頭\qc\2023.csv,歷史品管與即時海氣象水文觀測資料（NAMR）,.csv,236547,2026-09-17T18:54:03+08:00,CSV,utf-8-sig,測站編號; 時間; 陣風_風速; 風速; 風向; 氣壓; 氣溫; 海面溫度; 示性波高; 平均週期; 波向; 波浪尖峰週期; 流速; 分層流速{深度:流速}; 流向,中心經度; 中心緯度,,時間,2023–2023,1880,NAMR,需確認各提供者授權條件,高（涉及安全決策風險）,live_or_time_series_candidate,時序工具候選,NAMR qc（品管歷史） 資料。研究統計優先使用 qc 品管版本。不可列為 document_rag_candidate。歷史資料僅可回答歷史描述，不可提供當日下水安全判定。,確認時區（疑似 UTC+8）；確認授權（NAMR）；確認 qc 與 realtime 時間範圍
歷史品管、即時海氣象水文觀測資料\NAMR\一般碼頭\realtime\2023.csv,歷史品管與即時海氣象水文觀測資料（NAMR）,.csv,605,2026-09-17T18:54:03+08:00,CSV,utf-8-sig,測站編號; 時間; 陣風_風速; 風速; 風向; 氣壓; 氣溫; 海面溫度; 示性波高; 平均週期; 波向; 波浪尖峰週期; 流速; 分層流速{深度:流速}; 流向,中心經度; 中心緯度,,時間,2023–2023,3,NAMR,需確認各提供者授權條件,高（涉及安全決策風險）,live_or_time_series_candidate,時序工具候選,NAMR realtime（即時） 資料。研究統計優先使用 qc 品管版本。不可列為 document_rag_candidate。歷史資料僅可回答歷史描述，不可提供當日下水安全判定。,確認時區（疑似 UTC+8）；確認授權（NAMR）；確認 qc 與 realtime 時間範圍
歷史品管、即時海氣象水文觀測資料\NAMR\中角灣遙測站\LonLat.csv,歷史品管與即時海氣象水文觀測資料（NAMR）,.csv,51,2026-09-17T18:54:03+08:00,CSV,utf-8-sig,CenterLongitude; CenterLatitude,CenterLongitude; CenterLatitude,,,,2,NAMR,需確認各提供者授權條件,高（涉及安全決策風險）,live_or_time_series_candidate,時序工具候選,NAMR 座標或後設 資料。研究統計優先使用 qc 品管版本。不可列為 document_rag_candidate。歷史資料僅可回答歷史描述，不可提供當日下水安全判定。,確認時區（疑似 UTC+8）；確認授權（NAMR）；確認 qc 與 realtime 時間範圍
歷史品管、即時海氣象水文觀測資料\NAMR\佳樂水遙測站\LonLat.csv,歷史品管與即時海氣象水文觀測資料（NAMR）,.csv,48,2026-09-17T18:54:03+08:00,CSV,utf-8-sig,CenterLongitude; CenterLatitude,CenterLongitude; CenterLatitude,,,,2,NAMR,需確認各提供者授權條件,高（涉及安全決策風險）,live_or_time_series_candidate,時序工具候選,NAMR 座標或後設 資料。研究統計優先使用 qc 品管版本。不可列為 document_rag_candidate。歷史資料僅可回答歷史描述，不可提供當日下水安全判定。,確認時區（疑似 UTC+8）；確認授權（NAMR）；確認 qc 與 realtime 時間範圍
歷史品管、即時海氣象水文觀測資料\NAMR\南灣資料浮標站\LonLat.csv,歷史品管與即時海氣象水文觀測資料（NAMR）,.csv,50,2026-09-17T18:54:03+08:00,CSV,utf-8-sig,CenterLongitude; CenterLatitude,CenterLongitude; CenterLatitude,,,,2,NAMR,需確認各提供者授權條件,高（涉及安全決策風險）,live_or_time_series_candidate,時序工具候選,NAMR 座標或後設 資料。研究統計優先使用 qc 品管版本。不可列為 document_rag_candidate。歷史資料僅可回答歷史描述，不可提供當日下水安全判定。,確認時區（疑似 UTC+8）；確認授權（NAMR）；確認 qc 與 realtime 時間範圍
歷史品管、即時海氣象水文觀測資料\NAMR\南灣資料浮標站\qc\2023.csv,歷史品管與即時海氣象水文觀測資料（NAMR）,.csv,939677,2026-09-17T18:54:03+08:00,CSV,utf-8-sig,測站編號; 時間; 陣風_風速; 風速; 風向; 氣壓; 氣溫; 海面溫度; 示性波高; 平均週期; 波向; 波浪尖峰週期; 流速; 分層流速{深度:流速}; 流向,中心經度; 中心緯度,,時間,2023–2023,7804,NAMR,需確認各提供者授權條件,高（涉及安全決策風險）,live_or_time_series_candidate,時序工具候選,NAMR qc（品管歷史） 資料。研究統計優先使用 qc 品管版本。不可列為 document_rag_candidate。歷史資料僅可回答歷史描述，不可提供當日下水安全判定。,確認時區（疑似 UTC+8）；確認授權（NAMR）；確認 qc 與 realtime 時間範圍
歷史品管、即時海氣象水文觀測資料\NAMR\南灣資料浮標站\qc\2024.csv,歷史品管與即時海氣象水文觀測資料（NAMR）,.csv,854159,2026-09-17T18:54:03+08:00,CSV,utf-8-sig,測站編號; 時間; 陣風_風速; 風速; 風向; 氣壓; 氣溫; 海面溫度; 示性波高; 平均週期; 波向; 波浪尖峰週期; 流速; 分層流速{深度:流速}; 流向,中心經度; 中心緯度,,時間,2024–2024,6967,NAMR,需確認各提供者授權條件,高（涉及安全決策風險）,live_or_time_series_candidate,時序工具候選,NAMR qc（品管歷史） 資料。研究統計優先使用 qc 品管版本。不可列為 document_rag_candidate。歷史資料僅可回答歷史描述，不可提供當日下水安全判定。,確認時區（疑似 UTC+8）；確認授權（NAMR）；確認 qc 與 realtime 時間範圍
歷史品管、即時海氣象水文觀測資料\NAMR\南灣資料浮標站\realtime\2023.csv,歷史品管與即時海氣象水文觀測資料（NAMR）,.csv,4773600,2026-09-17T18:54:03+08:00,CSV,utf-8-sig,測站編號; 時間; 陣風_風速; 風速; 風向; 氣壓; 氣溫; 海面溫度; 示性波高; 平均週期; 波向; 波浪尖峰週期; 流速; 分層流速{深度:流速}; 流向,中心經度; 中心緯度,,時間,2023–2023,13223,NAMR,需確認各提供者授權條件,高（涉及安全決策風險）,live_or_time_series_candidate,時序工具候選,NAMR realtime（即時） 資料。研究統計優先使用 qc 品管版本。不可列為 document_rag_candidate。歷史資料僅可回答歷史描述，不可提供當日下水安全判定。,確認時區（疑似 UTC+8）；確認授權（NAMR）；確認 qc 與 realtime 時間範圍
歷史品管、即時海氣象水文觀測資料\NAMR\南灣資料浮標站\realtime\2024.csv,歷史品管與即時海氣象水文觀測資料（NAMR）,.csv,4521891,2026-09-17T18:54:03+08:00,CSV,utf-8-sig,測站編號; 時間; 陣風_風速; 風速; 風向; 氣壓; 氣溫; 海面溫度; 示性波高; 平均週期; 波向; 波浪尖峰週期; 流速; 分層流速{深度:流速}; 流向,中心經度; 中心緯度,,時間,2024–2024,8519,NAMR,需確認各提供者授權條件,高（涉及安全決策風險）,live_or_time_series_candidate,時序工具候選,NAMR realtime（即時） 資料。研究統計優先使用 qc 品管版本。不可列為 document_rag_candidate。歷史資料僅可回答歷史描述，不可提供當日下水安全判定。,確認時區（疑似 UTC+8）；確認授權（NAMR）；確認 qc 與 realtime 時間範圍
歷史品管、即時海氣象水文觀測資料\NAMR\南灣資料浮標站\realtime\2025.csv,歷史品管與即時海氣象水文觀測資料（NAMR）,.csv,1433960,2026-09-17T18:54:03+08:00,CSV,utf-8-sig,測站編號; 時間; 陣風_風速; 風速; 風向; 氣壓; 氣溫; 海面溫度; 示性波高; 平均週期; 波向; 波浪尖峰週期; 流速; 分層流速{深度:流速}; 流向,中心經度; 中心緯度,,時間,2025–2025,3650,NAMR,需確認各提供者授權條件,高（涉及安全決策風險）,live_or_time_series_candidate,時序工具候選,NAMR realtime（即時） 資料。研究統計優先使用 qc 品管版本。不可列為 document_rag_candidate。歷史資料僅可回答歷史描述，不可提供當日下水安全判定。,確認時區（疑似 UTC+8）；確認授權（NAMR）；確認 qc 與 realtime 時間範圍
歷史品管、即時海氣象水文觀測資料\NAMR\員貝嶼\LonLat.csv,歷史品管與即時海氣象水文觀測資料（NAMR）,.csv,52,2026-09-17T18:54:03+08:00,CSV,utf-8-sig,CenterLongitude; CenterLatitude,CenterLongitude; CenterLatitude,,,,2,NAMR,需確認各提供者授權條件,高（涉及安全決策風險）,live_or_time_series_candidate,時序工具候選,NAMR 座標或後設 資料。研究統計優先使用 qc 品管版本。不可列為 document_rag_candidate。歷史資料僅可回答歷史描述，不可提供當日下水安全判定。,確認時區（疑似 UTC+8）；確認授權（NAMR）；確認 qc 與 realtime 時間範圍
歷史品管、即時海氣象水文觀測資料\NAMR\員貝嶼\qc\2023.csv,歷史品管與即時海氣象水文觀測資料（NAMR）,.csv,1236282,2026-09-17T18:54:03+08:00,CSV,utf-8-sig,測站編號; 時間; 陣風_風速; 風速; 風向; 氣壓; 氣溫; 海面溫度; 示性波高; 平均週期; 波向; 波浪尖峰週期; 流速; 分層流速{深度:流速}; 流向,中心經度; 中心緯度,,時間,2023–2023,12301,NAMR,需確認各提供者授權條件,高（涉及安全決策風險）,live_or_time_series_candidate,時序工具候選,NAMR qc（品管歷史） 資料。研究統計優先使用 qc 品管版本。不可列為 document_rag_candidate。歷史資料僅可回答歷史描述，不可提供當日下水安全判定。,確認時區（疑似 UTC+8）；確認授權（NAMR）；確認 qc 與 realtime 時間範圍
歷史品管、即時海氣象水文觀測資料\NAMR\員貝嶼\realtime\2023.csv,歷史品管與即時海氣象水文觀測資料（NAMR）,.csv,659459,2026-09-17T18:54:03+08:00,CSV,utf-8-sig,測站編號; 時間; 陣風_風速; 風速; 風向; 氣壓; 氣溫; 海面溫度; 示性波高; 平均週期; 波向; 波浪尖峰週期; 流速; 分層流速{深度:流速}; 流向,中心經度; 中心緯度,,時間,2023–2023,2872,NAMR,需確認各提供者授權條件,高（涉及安全決策風險）,live_or_time_series_candidate,時序工具候選,NAMR realtime（即時） 資料。研究統計優先使用 qc 品管版本。不可列為 document_rag_candidate。歷史資料僅可回答歷史描述，不可提供當日下水安全判定。,確認時區（疑似 UTC+8）；確認授權（NAMR）；確認 qc 與 realtime 時間範圍
歷史品管、即時海氣象水文觀測資料\NAMR\員貝嶼\realtime\2024.csv,歷史品管與即時海氣象水文觀測資料（NAMR）,.csv,1067198,2026-09-17T18:54:03+08:00,CSV,utf-8-sig,測站編號; 時間; 陣風_風速; 風速; 風向; 氣壓; 氣溫; 海面溫度; 示性波高; 平均週期; 波向; 波浪尖峰週期; 流速; 分層流速{深度:流速}; 流向,中心經度; 中心緯度,,時間,2024–2024,8776,NAMR,需確認各提供者授權條件,高（涉及安全決策風險）,live_or_time_series_candidate,時序工具候選,NAMR realtime（即時） 資料。研究統計優先使用 qc 品管版本。不可列為 document_rag_candidate。歷史資料僅可回答歷史描述，不可提供當日下水安全判定。,確認時區（疑似 UTC+8）；確認授權（NAMR）；確認 qc 與 realtime 時間範圍
歷史品管、即時海氣象水文觀測資料\NAMR\員貝嶼\realtime\2025.csv,歷史品管與即時海氣象水文觀測資料（NAMR）,.csv,1795984,2026-09-17T18:54:03+08:00,CSV,utf-8-sig,測站編號; 時間; 陣風_風速; 風速; 風向; 氣壓; 氣溫; 海面溫度; 示性波高; 平均週期; 波向; 波浪尖峰週期; 流速; 分層流速{深度:流速}; 流向,中心經度; 中心緯度,,時間,2025–2025,6290,NAMR,需確認各提供者授權條件,高（涉及安全決策風險）,live_or_time_series_candidate,時序工具候選,NAMR realtime（即時） 資料。研究統計優先使用 qc 品管版本。不可列為 document_rag_candidate。歷史資料僅可回答歷史描述，不可提供當日下水安全判定。,確認時區（疑似 UTC+8）；確認授權（NAMR）；確認 qc 與 realtime 時間範圍
歷史品管、即時海氣象水文觀測資料\NAMR\四季灣遙測站\LonLat.csv,歷史品管與即時海氣象水文觀測資料（NAMR）,.csv,50,2026-09-17T18:54:03+08:00,CSV,utf-8-sig,CenterLongitude; CenterLatitude,CenterLongitude; CenterLatitude,,,,2,NAMR,需確認各提供者授權條件,高（涉及安全決策風險）,live_or_time_series_candidate,時序工具候選,NAMR 座標或後設 資料。研究統計優先使用 qc 品管版本。不可列為 document_rag_candidate。歷史資料僅可回答歷史描述，不可提供當日下水安全判定。,確認時區（疑似 UTC+8）；確認授權（NAMR）；確認 qc 與 realtime 時間範圍
歷史品管、即時海氣象水文觀測資料\NAMR\回船池\LonLat.csv,歷史品管與即時海氣象水文觀測資料（NAMR）,.csv,52,2026-09-17T18:54:03+08:00,CSV,utf-8-sig,CenterLongitude; CenterLatitude,CenterLongitude; CenterLatitude,,,,2,NAMR,需確認各提供者授權條件,高（涉及安全決策風險）,live_or_time_series_candidate,時序工具候選,NAMR 座標或後設 資料。研究統計優先使用 qc 品管版本。不可列為 document_rag_candidate。歷史資料僅可回答歷史描述，不可提供當日下水安全判定。,確認時區（疑似 UTC+8）；確認授權（NAMR）；確認 qc 與 realtime 時間範圍
歷史品管、即時海氣象水文觀測資料\NAMR\回船池\qc\2023.csv,歷史品管與即時海氣象水文觀測資料（NAMR）,.csv,471920,2026-09-17T18:54:03+08:00,CSV,utf-8-sig,測站編號; 時間; 陣風_風速; 風速; 風向; 氣壓; 氣溫; 海面溫度; 示性波高; 平均週期; 波向; 波浪尖峰週期; 流速; 分層流速{深度:流速}; 流向,中心經度; 中心緯度,,時間,2023–2023,3775,NAMR,需確認各提供者授權條件,高（涉及安全決策風險）,live_or_time_series_candidate,時序工具候選,NAMR qc（品管歷史） 資料。研究統計優先使用 qc 品管版本。不可列為 document_rag_candidate。歷史資料僅可回答歷史描述，不可提供當日下水安全判定。,確認時區（疑似 UTC+8）；確認授權（NAMR）；確認 qc 與 realtime 時間範圍
歷史品管、即時海氣象水文觀測資料\NAMR\回船池\realtime\2023.csv,歷史品管與即時海氣象水文觀測資料（NAMR）,.csv,482763,2026-09-17T18:54:03+08:00,CSV,utf-8-sig,測站編號; 時間; 陣風_風速; 風速; 風向; 氣壓; 氣溫; 海面溫度; 示性波高; 平均週期; 波向; 波浪尖峰週期; 流速; 分層流速{深度:流速}; 流向,中心經度; 中心緯度,,時間,2023–2023,3837,NAMR,需確認各提供者授權條件,高（涉及安全決策風險）,live_or_time_series_candidate,時序工具候選,NAMR realtime（即時） 資料。研究統計優先使用 qc 品管版本。不可列為 document_rag_candidate。歷史資料僅可回答歷史描述，不可提供當日下水安全判定。,確認時區（疑似 UTC+8）；確認授權（NAMR）；確認 qc 與 realtime 時間範圍
歷史品管、即時海氣象水文觀測資料\NAMR\外木山遙測站\LonLat.csv,歷史品管與即時海氣象水文觀測資料（NAMR）,.csv,50,2026-09-17T18:54:03+08:00,CSV,utf-8-sig,CenterLongitude; CenterLatitude,CenterLongitude; CenterLatitude,,,,2,NAMR,需確認各提供者授權條件,高（涉及安全決策風險）,live_or_time_series_candidate,時序工具候選,NAMR 座標或後設 資料。研究統計優先使用 qc 品管版本。不可列為 document_rag_candidate。歷史資料僅可回答歷史描述，不可提供當日下水安全判定。,確認時區（疑似 UTC+8）；確認授權（NAMR）；確認 qc 與 realtime 時間範圍
歷史品管、即時海氣象水文觀測資料\NAMR\大武崙\LonLat.csv,歷史品管與即時海氣象水文觀測資料（NAMR）,.csv,50,2026-09-17T18:54:03+08:00,CSV,utf-8-sig,CenterLongitude; CenterLatitude,CenterLongitude; CenterLatitude,,,,2,NAMR,需確認各提供者授權條件,高（涉及安全決策風險）,live_or_time_series_candidate,時序工具候選,NAMR 座標或後設 資料。研究統計優先使用 qc 品管版本。不可列為 document_rag_candidate。歷史資料僅可回答歷史描述，不可提供當日下水安全判定。,確認時區（疑似 UTC+8）；確認授權（NAMR）；確認 qc 與 realtime 時間範圍
歷史品管、即時海氣象水文觀測資料\NAMR\大武崙\qc\2023.csv,歷史品管與即時海氣象水文觀測資料（NAMR）,.csv,2040341,2026-09-17T18:54:03+08:00,CSV,utf-8-sig,測站編號; 時間; 陣風_風速; 風速; 風向; 氣壓; 氣溫; 海面溫度; 示性波高; 平均週期; 波向; 波浪尖峰週期; 流速; 分層流速{深度:流速}; 流向,中心經度; 中心緯度,,時間,2023–2023,21077,NAMR,需確認各提供者授權條件,高（涉及安全決策風險）,live_or_time_series_candidate,時序工具候選,NAMR qc（品管歷史） 資料。研究統計優先使用 qc 品管版本。不可列為 document_rag_candidate。歷史資料僅可回答歷史描述，不可提供當日下水安全判定。,確認時區（疑似 UTC+8）；確認授權（NAMR）；確認 qc 與 realtime 時間範圍
歷史品管、即時海氣象水文觀測資料\NAMR\大武崙\realtime\2023.csv,歷史品管與即時海氣象水文觀測資料（NAMR）,.csv,761818,2026-09-17T18:54:03+08:00,CSV,utf-8-sig,測站編號; 時間; 陣風_風速; 風速; 風向; 氣壓; 氣溫; 海面溫度; 示性波高; 平均週期; 波向; 波浪尖峰週期; 流速; 分層流速{深度:流速}; 流向,中心經度; 中心緯度,,時間,2023–2023,5449,NAMR,需確認各提供者授權條件,高（涉及安全決策風險）,live_or_time_series_candidate,時序工具候選,NAMR realtime（即時） 資料。研究統計優先使用 qc 品管版本。不可列為 document_rag_candidate。歷史資料僅可回答歷史描述，不可提供當日下水安全判定。,確認時區（疑似 UTC+8）；確認授權（NAMR）；確認 qc 與 realtime 時間範圍
歷史品管、即時海氣象水文觀測資料\NAMR\大武崙\realtime\2024.csv,歷史品管與即時海氣象水文觀測資料（NAMR）,.csv,937994,2026-09-17T18:54:03+08:00,CSV,utf-8-sig,測站編號; 時間; 陣風_風速; 風速; 風向; 氣壓; 氣溫; 海面溫度; 示性波高; 平均週期; 波向; 波浪尖峰週期; 流速; 分層流速{深度:流速}; 流向,中心經度; 中心緯度,,時間,2024–2024,10085,NAMR,需確認各提供者授權條件,高（涉及安全決策風險）,live_or_time_series_candidate,時序工具候選,NAMR realtime（即時） 資料。研究統計優先使用 qc 品管版本。不可列為 document_rag_candidate。歷史資料僅可回答歷史描述，不可提供當日下水安全判定。,確認時區（疑似 UTC+8）；確認授權（NAMR）；確認 qc 與 realtime 時間範圍
歷史品管、即時海氣象水文觀測資料\NAMR\大武崙\realtime\2025.csv,歷史品管與即時海氣象水文觀測資料（NAMR）,.csv,1487790,2026-09-17T18:54:03+08:00,CSV,utf-8-sig,測站編號; 時間; 陣風_風速; 風速; 風向; 氣壓; 氣溫; 海面溫度; 示性波高; 平均週期; 波向; 波浪尖峰週期; 流速; 分層流速{深度:流速}; 流向,中心經度; 中心緯度,,時間,2025–2025,12195,NAMR,需確認各提供者授權條件,高（涉及安全決策風險）,live_or_time_series_candidate,時序工具候選,NAMR realtime（即時） 資料。研究統計優先使用 qc 品管版本。不可列為 document_rag_candidate。歷史資料僅可回答歷史描述，不可提供當日下水安全判定。,確認時區（疑似 UTC+8）；確認授權（NAMR）；確認 qc 與 realtime 時間範圍
歷史品管、即時海氣象水文觀測資料\NAMR\安平觀夕遙測站\LonLat.csv,歷史品管與即時海氣象水文觀測資料（NAMR）,.csv,52,2026-09-17T18:54:03+08:00,CSV,utf-8-sig,CenterLongitude; CenterLatitude,CenterLongitude; CenterLatitude,,,,2,NAMR,需確認各提供者授權條件,高（涉及安全決策風險）,live_or_time_series_candidate,時序工具候選,NAMR 座標或後設 資料。研究統計優先使用 qc 品管版本。不可列為 document_rag_candidate。歷史資料僅可回答歷史描述，不可提供當日下水安全判定。,確認時區（疑似 UTC+8）；確認授權（NAMR）；確認 qc 與 realtime 時間範圍
歷史品管、即時海氣象水文觀測資料\NAMR\後壁湖遙測站\LonLat.csv,歷史品管與即時海氣象水文觀測資料（NAMR）,.csv,52,2026-09-17T18:54:03+08:00,CSV,utf-8-sig,CenterLongitude; CenterLatitude,CenterLongitude; CenterLatitude,,,,2,NAMR,需確認各提供者授權條件,高（涉及安全決策風險）,live_or_time_series_candidate,時序工具候選,NAMR 座標或後設 資料。研究統計優先使用 qc 品管版本。不可列為 document_rag_candidate。歷史資料僅可回答歷史描述，不可提供當日下水安全判定。,確認時區（疑似 UTC+8）；確認授權（NAMR）；確認 qc 與 realtime 時間範圍
歷史品管、即時海氣象水文觀測資料\NAMR\旗津遙測站\LonLat.csv,歷史品管與即時海氣象水文觀測資料（NAMR）,.csv,52,2026-09-17T18:54:03+08:00,CSV,utf-8-sig,CenterLongitude; CenterLatitude,CenterLongitude; CenterLatitude,,,,2,NAMR,需確認各提供者授權條件,高（涉及安全決策風險）,live_or_time_series_candidate,時序工具候選,NAMR 座標或後設 資料。研究統計優先使用 qc 品管版本。不可列為 document_rag_candidate。歷史資料僅可回答歷史描述，不可提供當日下水安全判定。,確認時區（疑似 UTC+8）；確認授權（NAMR）；確認 qc 與 realtime 時間範圍
歷史品管、即時海氣象水文觀測資料\NAMR\東吉嶼資料浮標站\LonLat.csv,歷史品管與即時海氣象水文觀測資料（NAMR）,.csv,50,2026-09-17T18:54:03+08:00,CSV,utf-8-sig,CenterLongitude; CenterLatitude,CenterLongitude; CenterLatitude,,,,2,NAMR,需確認各提供者授權條件,高（涉及安全決策風險）,live_or_time_series_candidate,時序工具候選,NAMR 座標或後設 資料。研究統計優先使用 qc 品管版本。不可列為 document_rag_candidate。歷史資料僅可回答歷史描述，不可提供當日下水安全判定。,確認時區（疑似 UTC+8）；確認授權（NAMR）；確認 qc 與 realtime 時間範圍
歷史品管、即時海氣象水文觀測資料\NAMR\東吉嶼資料浮標站\qc\2023.csv,歷史品管與即時海氣象水文觀測資料（NAMR）,.csv,910010,2026-09-17T18:54:03+08:00,CSV,utf-8-sig,測站編號; 時間; 陣風_風速; 風速; 風向; 氣壓; 氣溫; 海面溫度; 示性波高; 平均週期; 波向; 波浪尖峰週期; 流速; 分層流速{深度:流速}; 流向,中心經度; 中心緯度,,時間,2023–2023,7602,NAMR,需確認各提供者授權條件,高（涉及安全決策風險）,live_or_time_series_candidate,時序工具候選,NAMR qc（品管歷史） 資料。研究統計優先使用 qc 品管版本。不可列為 document_rag_candidate。歷史資料僅可回答歷史描述，不可提供當日下水安全判定。,確認時區（疑似 UTC+8）；確認授權（NAMR）；確認 qc 與 realtime 時間範圍
歷史品管、即時海氣象水文觀測資料\NAMR\東吉嶼資料浮標站\qc\2024.csv,歷史品管與即時海氣象水文觀測資料（NAMR）,.csv,836678,2026-09-17T18:54:03+08:00,CSV,utf-8-sig,測站編號; 時間; 陣風_風速; 風速; 風向; 氣壓; 氣溫; 海面溫度; 示性波高; 平均週期; 波向; 波浪尖峰週期; 流速; 分層流速{深度:流速}; 流向,中心經度; 中心緯度,,時間,2024–2024,6943,NAMR,需確認各提供者授權條件,高（涉及安全決策風險）,live_or_time_series_candidate,時序工具候選,NAMR qc（品管歷史） 資料。研究統計優先使用 qc 品管版本。不可列為 document_rag_candidate。歷史資料僅可回答歷史描述，不可提供當日下水安全判定。,確認時區（疑似 UTC+8）；確認授權（NAMR）；確認 qc 與 realtime 時間範圍
歷史品管、即時海氣象水文觀測資料\NAMR\東吉嶼資料浮標站\realtime\2023.csv,歷史品管與即時海氣象水文觀測資料（NAMR）,.csv,5798948,2026-09-17T18:54:03+08:00,CSV,utf-8-sig,測站編號; 時間; 陣風_風速; 風速; 風向; 氣壓; 氣溫; 海面溫度; 示性波高; 平均週期; 波向; 波浪尖峰週期; 流速; 分層流速{深度:流速}; 流向,中心經度; 中心緯度,,時間,2023–2023,11317,NAMR,需確認各提供者授權條件,高（涉及安全決策風險）,live_or_time_series_candidate,時序工具候選,NAMR realtime（即時） 資料。研究統計優先使用 qc 品管版本。不可列為 document_rag_candidate。歷史資料僅可回答歷史描述，不可提供當日下水安全判定。,確認時區（疑似 UTC+8）；確認授權（NAMR）；確認 qc 與 realtime 時間範圍
歷史品管、即時海氣象水文觀測資料\NAMR\東吉嶼資料浮標站\realtime\2024.csv,歷史品管與即時海氣象水文觀測資料（NAMR）,.csv,5533057,2026-09-17T18:54:03+08:00,CSV,utf-8-sig,測站編號; 時間; 陣風_風速; 風速; 風向; 氣壓; 氣溫; 海面溫度; 示性波高; 平均週期; 波向; 波浪尖峰週期; 流速; 分層流速{深度:流速}; 流向,中心經度; 中心緯度,,時間,2024–2024,10683,NAMR,需確認各提供者授權條件,高（涉及安全決策風險）,live_or_time_series_candidate,時序工具候選,NAMR realtime（即時） 資料。研究統計優先使用 qc 品管版本。不可列為 document_rag_candidate。歷史資料僅可回答歷史描述，不可提供當日下水安全判定。,確認時區（疑似 UTC+8）；確認授權（NAMR）；確認 qc 與 realtime 時間範圍
歷史品管、即時海氣象水文觀測資料\NAMR\東吉嶼資料浮標站\realtime\2025.csv,歷史品管與即時海氣象水文觀測資料（NAMR）,.csv,1471500,2026-09-17T18:54:03+08:00,CSV,utf-8-sig,測站編號; 時間; 陣風_風速; 風速; 風向; 氣壓; 氣溫; 海面溫度; 示性波高; 平均週期; 波向; 波浪尖峰週期; 流速; 分層流速{深度:流速}; 流向,中心經度; 中心緯度,,時間,2025–2025,2859,NAMR,需確認各提供者授權條件,高（涉及安全決策風險）,live_or_time_series_candidate,時序工具候選,NAMR realtime（即時） 資料。研究統計優先使用 qc 品管版本。不可列為 document_rag_candidate。歷史資料僅可回答歷史描述，不可提供當日下水安全判定。,確認時區（疑似 UTC+8）；確認授權（NAMR）；確認 qc 與 realtime 時間範圍
歷史品管、即時海氣象水文觀測資料\NAMR\東沙浮標\LonLat.csv,歷史品管與即時海氣象水文觀測資料（NAMR）,.csv,49,2026-09-17T18:54:03+08:00,CSV,utf-8-sig,CenterLongitude; CenterLatitude,CenterLongitude; CenterLatitude,,,,2,NAMR,需確認各提供者授權條件,高（涉及安全決策風險）,live_or_time_series_candidate,時序工具候選,NAMR 座標或後設 資料。研究統計優先使用 qc 品管版本。不可列為 document_rag_candidate。歷史資料僅可回答歷史描述，不可提供當日下水安全判定。,確認時區（疑似 UTC+8）；確認授權（NAMR）；確認 qc 與 realtime 時間範圍
歷史品管、即時海氣象水文觀測資料\NAMR\東沙浮標\realtime\2025.csv,歷史品管與即時海氣象水文觀測資料（NAMR）,.csv,22703,2026-09-17T18:54:03+08:00,CSV,utf-8-sig,測站編號; 時間; 陣風_風速; 風速; 風向; 氣壓; 氣溫; 海面溫度; 示性波高; 平均週期; 波向; 波浪尖峰週期; 流速; 分層流速{深度:流速}; 流向,中心經度; 中心緯度,,時間,2025–2025,213,NAMR,需確認各提供者授權條件,高（涉及安全決策風險）,live_or_time_series_candidate,時序工具候選,NAMR realtime（即時） 資料。研究統計優先使用 qc 品管版本。不可列為 document_rag_candidate。歷史資料僅可回答歷史描述，不可提供當日下水安全判定。,確認時區（疑似 UTC+8）；確認授權（NAMR）；確認 qc 與 realtime 時間範圍
歷史品管、即時海氣象水文觀測資料\NAMR\漁光島遙測站\LonLat.csv,歷史品管與即時海氣象水文觀測資料（NAMR）,.csv,52,2026-09-17T18:54:03+08:00,CSV,utf-8-sig,CenterLongitude; CenterLatitude,CenterLongitude; CenterLatitude,,,,2,NAMR,需確認各提供者授權條件,高（涉及安全決策風險）,live_or_time_series_candidate,時序工具候選,NAMR 座標或後設 資料。研究統計優先使用 qc 品管版本。不可列為 document_rag_candidate。歷史資料僅可回答歷史描述，不可提供當日下水安全判定。,確認時區（疑似 UTC+8）；確認授權（NAMR）；確認 qc 與 realtime 時間範圍
歷史品管、即時海氣象水文觀測資料\NAMR\潮境資料浮標站\LonLat.csv,歷史品管與即時海氣象水文觀測資料（NAMR）,.csv,49,2026-09-17T18:54:03+08:00,CSV,utf-8-sig,CenterLongitude; CenterLatitude,CenterLongitude; CenterLatitude,,,,2,NAMR,需確認各提供者授權條件,高（涉及安全決策風險）,live_or_time_series_candidate,時序工具候選,NAMR 座標或後設 資料。研究統計優先使用 qc 品管版本。不可列為 document_rag_candidate。歷史資料僅可回答歷史描述，不可提供當日下水安全判定。,確認時區（疑似 UTC+8）；確認授權（NAMR）；確認 qc 與 realtime 時間範圍
歷史品管、即時海氣象水文觀測資料\NAMR\潮境資料浮標站\qc\2023.csv,歷史品管與即時海氣象水文觀測資料（NAMR）,.csv,635166,2026-09-17T18:54:03+08:00,CSV,utf-8-sig,測站編號; 時間; 陣風_風速; 風速; 風向; 氣壓; 氣溫; 海面溫度; 示性波高; 平均週期; 波向; 波浪尖峰週期; 流速; 分層流速{深度:流速}; 流向,中心經度; 中心緯度,,時間,2023–2023,5401,NAMR,需確認各提供者授權條件,高（涉及安全決策風險）,live_or_time_series_candidate,時序工具候選,NAMR qc（品管歷史） 資料。研究統計優先使用 qc 品管版本。不可列為 document_rag_candidate。歷史資料僅可回答歷史描述，不可提供當日下水安全判定。,確認時區（疑似 UTC+8）；確認授權（NAMR）；確認 qc 與 realtime 時間範圍
歷史品管、即時海氣象水文觀測資料\NAMR\潮境資料浮標站\qc\2024.csv,歷史品管與即時海氣象水文觀測資料（NAMR）,.csv,467260,2026-09-17T18:54:03+08:00,CSV,utf-8-sig,測站編號; 時間; 陣風_風速; 風速; 風向; 氣壓; 氣溫; 海面溫度; 示性波高; 平均週期; 波向; 波浪尖峰週期; 流速; 分層流速{深度:流速}; 流向,中心經度; 中心緯度,,時間,2024–2024,3986,NAMR,需確認各提供者授權條件,高（涉及安全決策風險）,live_or_time_series_candidate,時序工具候選,NAMR qc（品管歷史） 資料。研究統計優先使用 qc 品管版本。不可列為 document_rag_candidate。歷史資料僅可回答歷史描述，不可提供當日下水安全判定。,確認時區（疑似 UTC+8）；確認授權（NAMR）；確認 qc 與 realtime 時間範圍
歷史品管、即時海氣象水文觀測資料\NAMR\潮境資料浮標站\realtime\2023.csv,歷史品管與即時海氣象水文觀測資料（NAMR）,.csv,2717202,2026-09-17T18:54:03+08:00,CSV,utf-8-sig,測站編號; 時間; 陣風_風速; 風速; 風向; 氣壓; 氣溫; 海面溫度; 示性波高; 平均週期; 波向; 波浪尖峰週期; 流速; 分層流速{深度:流速}; 流向,中心經度; 中心緯度,,時間,2023–2023,6256,NAMR,需確認各提供者授權條件,高（涉及安全決策風險）,live_or_time_series_candidate,時序工具候選,NAMR realtime（即時） 資料。研究統計優先使用 qc 品管版本。不可列為 document_rag_candidate。歷史資料僅可回答歷史描述，不可提供當日下水安全判定。,確認時區（疑似 UTC+8）；確認授權（NAMR）；確認 qc 與 realtime 時間範圍
歷史品管、即時海氣象水文觀測資料\NAMR\潮境資料浮標站\realtime\2024.csv,歷史品管與即時海氣象水文觀測資料（NAMR）,.csv,2791085,2026-09-17T18:54:03+08:00,CSV,utf-8-sig,測站編號; 時間; 陣風_風速; 風速; 風向; 氣壓; 氣溫; 海面溫度; 示性波高; 平均週期; 波向; 波浪尖峰週期; 流速; 分層流速{深度:流速}; 流向,中心經度; 中心緯度,,時間,2024–2024,7781,NAMR,需確認各提供者授權條件,高（涉及安全決策風險）,live_or_time_series_candidate,時序工具候選,NAMR realtime（即時） 資料。研究統計優先使用 qc 品管版本。不可列為 document_rag_candidate。歷史資料僅可回答歷史描述，不可提供當日下水安全判定。,確認時區（疑似 UTC+8）；確認授權（NAMR）；確認 qc 與 realtime 時間範圍
歷史品管、即時海氣象水文觀測資料\NAMR\潮境資料浮標站\realtime\2025.csv,歷史品管與即時海氣象水文觀測資料（NAMR）,.csv,1053621,2026-09-17T18:54:03+08:00,CSV,utf-8-sig,測站編號; 時間; 陣風_風速; 風速; 風向; 氣壓; 氣溫; 海面溫度; 示性波高; 平均週期; 波向; 波浪尖峰週期; 流速; 分層流速{深度:流速}; 流向,中心經度; 中心緯度,,時間,2025–2025,2745,NAMR,需確認各提供者授權條件,高（涉及安全決策風險）,live_or_time_series_candidate,時序工具候選,NAMR realtime（即時） 資料。研究統計優先使用 qc 品管版本。不可列為 document_rag_candidate。歷史資料僅可回答歷史描述，不可提供當日下水安全判定。,確認時區（疑似 UTC+8）；確認授權（NAMR）；確認 qc 與 realtime 時間範圍
歷史品管、即時海氣象水文觀測資料\NAMR\潮境遙測站\LonLat.csv,歷史品管與即時海氣象水文觀測資料（NAMR）,.csv,51,2026-09-17T18:54:03+08:00,CSV,utf-8-sig,CenterLongitude; CenterLatitude,CenterLongitude; CenterLatitude,,,,2,NAMR,需確認各提供者授權條件,高（涉及安全決策風險）,live_or_time_series_candidate,時序工具候選,NAMR 座標或後設 資料。研究統計優先使用 qc 品管版本。不可列為 document_rag_candidate。歷史資料僅可回答歷史描述，不可提供當日下水安全判定。,確認時區（疑似 UTC+8）；確認授權（NAMR）；確認 qc 與 realtime 時間範圍
歷史品管、即時海氣象水文觀測資料\NAMR\澎南\LonLat.csv,歷史品管與即時海氣象水文觀測資料（NAMR）,.csv,49,2026-09-17T18:54:03+08:00,CSV,utf-8-sig,CenterLongitude; CenterLatitude,CenterLongitude; CenterLatitude,,,,2,NAMR,需確認各提供者授權條件,高（涉及安全決策風險）,live_or_time_series_candidate,時序工具候選,NAMR 座標或後設 資料。研究統計優先使用 qc 品管版本。不可列為 document_rag_candidate。歷史資料僅可回答歷史描述，不可提供當日下水安全判定。,確認時區（疑似 UTC+8）；確認授權（NAMR）；確認 qc 與 realtime 時間範圍
歷史品管、即時海氣象水文觀測資料\NAMR\澎南\qc\2023.csv,歷史品管與即時海氣象水文觀測資料（NAMR）,.csv,4787275,2026-09-17T18:54:03+08:00,CSV,utf-8-sig,測站編號; 時間; 陣風_風速; 風速; 風向; 氣壓; 氣溫; 海面溫度; 示性波高; 平均週期; 波向; 波浪尖峰週期; 流速; 分層流速{深度:流速}; 流向,中心經度; 中心緯度,,時間,2023–2023,46523,NAMR,需確認各提供者授權條件,高（涉及安全決策風險）,live_or_time_series_candidate,時序工具候選,NAMR qc（品管歷史） 資料。研究統計優先使用 qc 品管版本。不可列為 document_rag_candidate。歷史資料僅可回答歷史描述，不可提供當日下水安全判定。,確認時區（疑似 UTC+8）；確認授權（NAMR）；確認 qc 與 realtime 時間範圍
歷史品管、即時海氣象水文觀測資料\NAMR\澎南\realtime\2023.csv,歷史品管與即時海氣象水文觀測資料（NAMR）,.csv,1871113,2026-09-17T18:54:03+08:00,CSV,utf-8-sig,測站編號; 時間; 陣風_風速; 風速; 風向; 氣壓; 氣溫; 海面溫度; 示性波高; 平均週期; 波向; 波浪尖峰週期; 流速; 分層流速{深度:流速}; 流向,中心經度; 中心緯度,,時間,2023–2023,6654,NAMR,需確認各提供者授權條件,高（涉及安全決策風險）,live_or_time_series_candidate,時序工具候選,NAMR realtime（即時） 資料。研究統計優先使用 qc 品管版本。不可列為 document_rag_candidate。歷史資料僅可回答歷史描述，不可提供當日下水安全判定。,確認時區（疑似 UTC+8）；確認授權（NAMR）；確認 qc 與 realtime 時間範圍
歷史品管、即時海氣象水文觀測資料\NAMR\澎南\realtime\2024.csv,歷史品管與即時海氣象水文觀測資料（NAMR）,.csv,1095154,2026-09-17T18:54:03+08:00,CSV,utf-8-sig,測站編號; 時間; 陣風_風速; 風速; 風向; 氣壓; 氣溫; 海面溫度; 示性波高; 平均週期; 波向; 波浪尖峰週期; 流速; 分層流速{深度:流速}; 流向,中心經度; 中心緯度,,時間,2024–2024,3969,NAMR,需確認各提供者授權條件,高（涉及安全決策風險）,live_or_time_series_candidate,時序工具候選,NAMR realtime（即時） 資料。研究統計優先使用 qc 品管版本。不可列為 document_rag_candidate。歷史資料僅可回答歷史描述，不可提供當日下水安全判定。,確認時區（疑似 UTC+8）；確認授權（NAMR）；確認 qc 與 realtime 時間範圍
歷史品管、即時海氣象水文觀測資料\NAMR\澎南\realtime\2025.csv,歷史品管與即時海氣象水文觀測資料（NAMR）,.csv,1305946,2026-09-17T18:54:03+08:00,CSV,utf-8-sig,測站編號; 時間; 陣風_風速; 風速; 風向; 氣壓; 氣溫; 海面溫度; 示性波高; 平均週期; 波向; 波浪尖峰週期; 流速; 分層流速{深度:流速}; 流向,中心經度; 中心緯度,,時間,2025–2025,10652,NAMR,需確認各提供者授權條件,高（涉及安全決策風險）,live_or_time_series_candidate,時序工具候選,NAMR realtime（即時） 資料。研究統計優先使用 qc 品管版本。不可列為 document_rag_candidate。歷史資料僅可回答歷史描述，不可提供當日下水安全判定。,確認時區（疑似 UTC+8）；確認授權（NAMR）；確認 qc 與 realtime 時間範圍
歷史品管、即時海氣象水文觀測資料\NAMR\社皆坑遙測站\LonLat.csv,歷史品管與即時海氣象水文觀測資料（NAMR）,.csv,50,2026-09-17T18:54:03+08:00,CSV,utf-8-sig,CenterLongitude; CenterLatitude,CenterLongitude; CenterLatitude,,,,2,NAMR,需確認各提供者授權條件,高（涉及安全決策風險）,live_or_time_series_candidate,時序工具候選,NAMR 座標或後設 資料。研究統計優先使用 qc 品管版本。不可列為 document_rag_candidate。歷史資料僅可回答歷史描述，不可提供當日下水安全判定。,確認時區（疑似 UTC+8）；確認授權（NAMR）；確認 qc 與 realtime 時間範圍
歷史品管、即時海氣象水文觀測資料\NAMR\福隆遙測站\LonLat.csv,歷史品管與即時海氣象水文觀測資料（NAMR）,.csv,52,2026-09-17T18:54:03+08:00,CSV,utf-8-sig,CenterLongitude; CenterLatitude,CenterLongitude; CenterLatitude,,,,2,NAMR,需確認各提供者授權條件,高（涉及安全決策風險）,live_or_time_series_candidate,時序工具候選,NAMR 座標或後設 資料。研究統計優先使用 qc 品管版本。不可列為 document_rag_candidate。歷史資料僅可回答歷史描述，不可提供當日下水安全判定。,確認時區（疑似 UTC+8）；確認授權（NAMR）；確認 qc 與 realtime 時間範圍
歷史品管、即時海氣象水文觀測資料\NAMR\綠島浮標-C1\LonLat.csv,歷史品管與即時海氣象水文觀測資料（NAMR）,.csv,56,2026-09-17T18:54:03+08:00,CSV,utf-8-sig,CenterLongitude; CenterLatitude,CenterLongitude; CenterLatitude,,,,2,NAMR,需確認各提供者授權條件,高（涉及安全決策風險）,live_or_time_series_candidate,時序工具候選,NAMR 座標或後設 資料。研究統計優先使用 qc 品管版本。不可列為 document_rag_candidate。歷史資料僅可回答歷史描述，不可提供當日下水安全判定。,確認時區（疑似 UTC+8）；確認授權（NAMR）；確認 qc 與 realtime 時間範圍
歷史品管、即時海氣象水文觀測資料\NAMR\綠島浮標-C1\realtime\2023.csv,歷史品管與即時海氣象水文觀測資料（NAMR）,.csv,17818621,2026-09-17T18:54:04+08:00,CSV,utf-8-sig,測站編號; 時間; 陣風_風速; 風速; 風向; 氣壓; 氣溫; 海面溫度; 示性波高; 平均週期; 波向; 波浪尖峰週期; 流速; 分層流速{深度:流速}; 流向,中心經度; 中心緯度,,時間,2023–2023,190777,NAMR,需確認各提供者授權條件,高（涉及安全決策風險）,live_or_time_series_candidate,時序工具候選,NAMR realtime（即時） 資料。研究統計優先使用 qc 品管版本。不可列為 document_rag_candidate。歷史資料僅可回答歷史描述，不可提供當日下水安全判定。,確認時區（疑似 UTC+8）；確認授權（NAMR）；確認 qc 與 realtime 時間範圍
歷史品管、即時海氣象水文觀測資料\NAMR\綠島浮標-C1\realtime\2024.csv,歷史品管與即時海氣象水文觀測資料（NAMR）,.csv,13666867,2026-09-17T18:54:04+08:00,CSV,utf-8-sig,測站編號; 時間; 陣風_風速; 風速; 風向; 氣壓; 氣溫; 海面溫度; 示性波高; 平均週期; 波向; 波浪尖峰週期; 流速; 分層流速{深度:流速}; 流向,中心經度; 中心緯度,,時間,2024–2024,146483,NAMR,需確認各提供者授權條件,高（涉及安全決策風險）,live_or_time_series_candidate,時序工具候選,NAMR realtime（即時） 資料。研究統計優先使用 qc 品管版本。不可列為 document_rag_candidate。歷史資料僅可回答歷史描述，不可提供當日下水安全判定。,確認時區（疑似 UTC+8）；確認授權（NAMR）；確認 qc 與 realtime 時間範圍
歷史品管、即時海氣象水文觀測資料\NAMR\綠島浮標-C2\LonLat.csv,歷史品管與即時海氣象水文觀測資料（NAMR）,.csv,56,2026-09-17T18:54:04+08:00,CSV,utf-8-sig,CenterLongitude; CenterLatitude,CenterLongitude; CenterLatitude,,,,2,NAMR,需確認各提供者授權條件,高（涉及安全決策風險）,live_or_time_series_candidate,時序工具候選,NAMR 座標或後設 資料。研究統計優先使用 qc 品管版本。不可列為 document_rag_candidate。歷史資料僅可回答歷史描述，不可提供當日下水安全判定。,確認時區（疑似 UTC+8）；確認授權（NAMR）；確認 qc 與 realtime 時間範圍
歷史品管、即時海氣象水文觀測資料\NAMR\船帆石遙測站\LonLat.csv,歷史品管與即時海氣象水文觀測資料（NAMR）,.csv,50,2026-09-17T18:54:04+08:00,CSV,utf-8-sig,CenterLongitude; CenterLatitude,CenterLongitude; CenterLatitude,,,,2,NAMR,需確認各提供者授權條件,高（涉及安全決策風險）,live_or_time_series_candidate,時序工具候選,NAMR 座標或後設 資料。研究統計優先使用 qc 品管版本。不可列為 document_rag_candidate。歷史資料僅可回答歷史描述，不可提供當日下水安全判定。,確認時區（疑似 UTC+8）；確認授權（NAMR）；確認 qc 與 realtime 時間範圍
歷史品管、即時海氣象水文觀測資料\NAMR\萬里桐\LonLat.csv,歷史品管與即時海氣象水文觀測資料（NAMR）,.csv,52,2026-09-17T18:54:04+08:00,CSV,utf-8-sig,CenterLongitude; CenterLatitude,CenterLongitude; CenterLatitude,,,,2,NAMR,需確認各提供者授權條件,高（涉及安全決策風險）,live_or_time_series_candidate,時序工具候選,NAMR 座標或後設 資料。研究統計優先使用 qc 品管版本。不可列為 document_rag_candidate。歷史資料僅可回答歷史描述，不可提供當日下水安全判定。,確認時區（疑似 UTC+8）；確認授權（NAMR）；確認 qc 與 realtime 時間範圍
歷史品管、即時海氣象水文觀測資料\NAMR\萬里桐\qc\2023.csv,歷史品管與即時海氣象水文觀測資料（NAMR）,.csv,3632066,2026-09-17T18:54:04+08:00,CSV,utf-8-sig,測站編號; 時間; 陣風_風速; 風速; 風向; 氣壓; 氣溫; 海面溫度; 示性波高; 平均週期; 波向; 波浪尖峰週期; 流速; 分層流速{深度:流速}; 流向,中心經度; 中心緯度,,時間,2023–2023,33723,NAMR,需確認各提供者授權條件,高（涉及安全決策風險）,live_or_time_series_candidate,時序工具候選,NAMR qc（品管歷史） 資料。研究統計優先使用 qc 品管版本。不可列為 document_rag_candidate。歷史資料僅可回答歷史描述，不可提供當日下水安全判定。,確認時區（疑似 UTC+8）；確認授權（NAMR）；確認 qc 與 realtime 時間範圍
歷史品管、即時海氣象水文觀測資料\NAMR\萬里桐\realtime\2023.csv,歷史品管與即時海氣象水文觀測資料（NAMR）,.csv,932835,2026-09-17T18:54:04+08:00,CSV,utf-8-sig,測站編號; 時間; 陣風_風速; 風速; 風向; 氣壓; 氣溫; 海面溫度; 示性波高; 平均週期; 波向; 波浪尖峰週期; 流速; 分層流速{深度:流速}; 流向,中心經度; 中心緯度,,時間,2023–2023,7639,NAMR,需確認各提供者授權條件,高（涉及安全決策風險）,live_or_time_series_candidate,時序工具候選,NAMR realtime（即時） 資料。研究統計優先使用 qc 品管版本。不可列為 document_rag_candidate。歷史資料僅可回答歷史描述，不可提供當日下水安全判定。,確認時區（疑似 UTC+8）；確認授權（NAMR）；確認 qc 與 realtime 時間範圍
歷史品管、即時海氣象水文觀測資料\NAMR\萬里桐\realtime\2024.csv,歷史品管與即時海氣象水文觀測資料（NAMR）,.csv,1894370,2026-09-17T18:54:04+08:00,CSV,utf-8-sig,測站編號; 時間; 陣風_風速; 風速; 風向; 氣壓; 氣溫; 海面溫度; 示性波高; 平均週期; 波向; 波浪尖峰週期; 流速; 分層流速{深度:流速}; 流向,中心經度; 中心緯度,,時間,2024–2024,6614,NAMR,需確認各提供者授權條件,高（涉及安全決策風險）,live_or_time_series_candidate,時序工具候選,NAMR realtime（即時） 資料。研究統計優先使用 qc 品管版本。不可列為 document_rag_candidate。歷史資料僅可回答歷史描述，不可提供當日下水安全判定。,確認時區（疑似 UTC+8）；確認授權（NAMR）；確認 qc 與 realtime 時間範圍
歷史品管、即時海氣象水文觀測資料\NAMR\萬里遙測站\LonLat.csv,歷史品管與即時海氣象水文觀測資料（NAMR）,.csv,50,2026-09-17T18:54:04+08:00,CSV,utf-8-sig,CenterLongitude; CenterLatitude,CenterLongitude; CenterLatitude,,,,2,NAMR,需確認各提供者授權條件,高（涉及安全決策風險）,live_or_time_series_candidate,時序工具候選,NAMR 座標或後設 資料。研究統計優先使用 qc 品管版本。不可列為 document_rag_candidate。歷史資料僅可回答歷史描述，不可提供當日下水安全判定。,確認時區（疑似 UTC+8）；確認授權（NAMR）；確認 qc 與 realtime 時間範圍
歷史品管、即時海氣象水文觀測資料\NAMR\蜜月灣資料浮標站\LonLat.csv,歷史品管與即時海氣象水文觀測資料（NAMR）,.csv,49,2026-09-17T18:54:04+08:00,CSV,utf-8-sig,CenterLongitude; CenterLatitude,CenterLongitude; CenterLatitude,,,,2,NAMR,需確認各提供者授權條件,高（涉及安全決策風險）,live_or_time_series_candidate,時序工具候選,NAMR 座標或後設 資料。研究統計優先使用 qc 品管版本。不可列為 document_rag_candidate。歷史資料僅可回答歷史描述，不可提供當日下水安全判定。,確認時區（疑似 UTC+8）；確認授權（NAMR）；確認 qc 與 realtime 時間範圍
歷史品管、即時海氣象水文觀測資料\NAMR\蜜月灣資料浮標站\qc\2023.csv,歷史品管與即時海氣象水文觀測資料（NAMR）,.csv,895981,2026-09-17T18:54:04+08:00,CSV,utf-8-sig,測站編號; 時間; 陣風_風速; 風速; 風向; 氣壓; 氣溫; 海面溫度; 示性波高; 平均週期; 波向; 波浪尖峰週期; 流速; 分層流速{深度:流速}; 流向,中心經度; 中心緯度,,時間,2023–2023,7541,NAMR,需確認各提供者授權條件,高（涉及安全決策風險）,live_or_time_series_candidate,時序工具候選,NAMR qc（品管歷史） 資料。研究統計優先使用 qc 品管版本。不可列為 document_rag_candidate。歷史資料僅可回答歷史描述，不可提供當日下水安全判定。,確認時區（疑似 UTC+8）；確認授權（NAMR）；確認 qc 與 realtime 時間範圍
歷史品管、即時海氣象水文觀測資料\NAMR\蜜月灣資料浮標站\qc\2024.csv,歷史品管與即時海氣象水文觀測資料（NAMR）,.csv,822187,2026-09-17T18:54:04+08:00,CSV,utf-8-sig,測站編號; 時間; 陣風_風速; 風速; 風向; 氣壓; 氣溫; 海面溫度; 示性波高; 平均週期; 波向; 波浪尖峰週期; 流速; 分層流速{深度:流速}; 流向,中心經度; 中心緯度,,時間,2024–2024,7009,NAMR,需確認各提供者授權條件,高（涉及安全決策風險）,live_or_time_series_candidate,時序工具候選,NAMR qc（品管歷史） 資料。研究統計優先使用 qc 品管版本。不可列為 document_rag_candidate。歷史資料僅可回答歷史描述，不可提供當日下水安全判定。,確認時區（疑似 UTC+8）；確認授權（NAMR）；確認 qc 與 realtime 時間範圍
歷史品管、即時海氣象水文觀測資料\NAMR\蜜月灣資料浮標站\realtime\2023.csv,歷史品管與即時海氣象水文觀測資料（NAMR）,.csv,5734753,2026-09-17T18:54:04+08:00,CSV,utf-8-sig,測站編號; 時間; 陣風_風速; 風速; 風向; 氣壓; 氣溫; 海面溫度; 示性波高; 平均週期; 波向; 波浪尖峰週期; 流速; 分層流速{深度:流速}; 流向,中心經度; 中心緯度,,時間,2023–2023,14194,NAMR,需確認各提供者授權條件,高（涉及安全決策風險）,live_or_time_series_candidate,時序工具候選,NAMR realtime（即時） 資料。研究統計優先使用 qc 品管版本。不可列為 document_rag_candidate。歷史資料僅可回答歷史描述，不可提供當日下水安全判定。,確認時區（疑似 UTC+8）；確認授權（NAMR）；確認 qc 與 realtime 時間範圍
歷史品管、即時海氣象水文觀測資料\NAMR\蜜月灣資料浮標站\realtime\2024.csv,歷史品管與即時海氣象水文觀測資料（NAMR）,.csv,5798884,2026-09-17T18:54:04+08:00,CSV,utf-8-sig,測站編號; 時間; 陣風_風速; 風速; 風向; 氣壓; 氣溫; 海面溫度; 示性波高; 平均週期; 波向; 波浪尖峰週期; 流速; 分層流速{深度:流速}; 流向,中心經度; 中心緯度,,時間,2024–2024,38150,NAMR,需確認各提供者授權條件,高（涉及安全決策風險）,live_or_time_series_candidate,時序工具候選,NAMR realtime（即時） 資料。研究統計優先使用 qc 品管版本。不可列為 document_rag_candidate。歷史資料僅可回答歷史描述，不可提供當日下水安全判定。,確認時區（疑似 UTC+8）；確認授權（NAMR）；確認 qc 與 realtime 時間範圍
歷史品管、即時海氣象水文觀測資料\NAMR\蜜月灣資料浮標站\realtime\2025.csv,歷史品管與即時海氣象水文觀測資料（NAMR）,.csv,795970,2026-09-17T18:54:04+08:00,CSV,utf-8-sig,測站編號; 時間; 陣風_風速; 風速; 風向; 氣壓; 氣溫; 海面溫度; 示性波高; 平均週期; 波向; 波浪尖峰週期; 流速; 分層流速{深度:流速}; 流向,中心經度; 中心緯度,,時間,2025–2025,2157,NAMR,需確認各提供者授權條件,高（涉及安全決策風險）,live_or_time_series_candidate,時序工具候選,NAMR realtime（即時） 資料。研究統計優先使用 qc 品管版本。不可列為 document_rag_candidate。歷史資料僅可回答歷史描述，不可提供當日下水安全判定。,確認時區（疑似 UTC+8）；確認授權（NAMR）；確認 qc 與 realtime 時間範圍
歷史品管、即時海氣象水文觀測資料\NAMR\觀音亭遙測站\LonLat.csv,歷史品管與即時海氣象水文觀測資料（NAMR）,.csv,50,2026-09-17T18:54:04+08:00,CSV,utf-8-sig,CenterLongitude; CenterLatitude,CenterLongitude; CenterLatitude,,,,2,NAMR,需確認各提供者授權條件,高（涉及安全決策風險）,live_or_time_series_candidate,時序工具候選,NAMR 座標或後設 資料。研究統計優先使用 qc 品管版本。不可列為 document_rag_candidate。歷史資料僅可回答歷史描述，不可提供當日下水安全判定。,確認時區（疑似 UTC+8）；確認授權（NAMR）；確認 qc 與 realtime 時間範圍
歷史品管、即時海氣象水文觀測資料\NAMR\重件碼頭\LonLat.csv,歷史品管與即時海氣象水文觀測資料（NAMR）,.csv,52,2026-09-17T18:54:04+08:00,CSV,utf-8-sig,CenterLongitude; CenterLatitude,CenterLongitude; CenterLatitude,,,,2,NAMR,需確認各提供者授權條件,高（涉及安全決策風險）,live_or_time_series_candidate,時序工具候選,NAMR 座標或後設 資料。研究統計優先使用 qc 品管版本。不可列為 document_rag_candidate。歷史資料僅可回答歷史描述，不可提供當日下水安全判定。,確認時區（疑似 UTC+8）；確認授權（NAMR）；確認 qc 與 realtime 時間範圍
歷史品管、即時海氣象水文觀測資料\NAMR\重件碼頭\qc\2023.csv,歷史品管與即時海氣象水文觀測資料（NAMR）,.csv,365560,2026-09-17T18:54:04+08:00,CSV,utf-8-sig,測站編號; 時間; 陣風_風速; 風速; 風向; 氣壓; 氣溫; 海面溫度; 示性波高; 平均週期; 波向; 波浪尖峰週期; 流速; 分層流速{深度:流速}; 流向,中心經度; 中心緯度,,時間,2023–2023,2910,NAMR,需確認各提供者授權條件,高（涉及安全決策風險）,live_or_time_series_candidate,時序工具候選,NAMR qc（品管歷史） 資料。研究統計優先使用 qc 品管版本。不可列為 document_rag_candidate。歷史資料僅可回答歷史描述，不可提供當日下水安全判定。,確認時區（疑似 UTC+8）；確認授權（NAMR）；確認 qc 與 realtime 時間範圍
歷史品管、即時海氣象水文觀測資料\NAMR\重件碼頭\realtime\2023.csv,歷史品管與即時海氣象水文觀測資料（NAMR）,.csv,355275,2026-09-17T18:54:04+08:00,CSV,utf-8-sig,測站編號; 時間; 陣風_風速; 風速; 風向; 氣壓; 氣溫; 海面溫度; 示性波高; 平均週期; 波向; 波浪尖峰週期; 流速; 分層流速{深度:流速}; 流向,中心經度; 中心緯度,,時間,2023–2023,2862,NAMR,需確認各提供者授權條件,高（涉及安全決策風險）,live_or_time_series_candidate,時序工具候選,NAMR realtime（即時） 資料。研究統計優先使用 qc 品管版本。不可列為 document_rag_candidate。歷史資料僅可回答歷史描述，不可提供當日下水安全判定。,確認時區（疑似 UTC+8）；確認授權（NAMR）；確認 qc 與 realtime 時間範圍
歷史品管、即時海氣象水文觀測資料\NAMR\鎖港遙測站\LonLat.csv,歷史品管與即時海氣象水文觀測資料（NAMR）,.csv,49,2026-09-17T18:54:04+08:00,CSV,utf-8-sig,CenterLongitude; CenterLatitude,CenterLongitude; CenterLatitude,,,,2,NAMR,需確認各提供者授權條件,高（涉及安全決策風險）,live_or_time_series_candidate,時序工具候選,NAMR 座標或後設 資料。研究統計優先使用 qc 品管版本。不可列為 document_rag_candidate。歷史資料僅可回答歷史描述，不可提供當日下水安全判定。,確認時區（疑似 UTC+8）；確認授權（NAMR）；確認 qc 與 realtime 時間範圍
歷史品管、即時海氣象水文觀測資料\NAMR\關山下遙測站\LonLat.csv,歷史品管與即時海氣象水文觀測資料（NAMR）,.csv,52,2026-09-17T18:54:04+08:00,CSV,utf-8-sig,CenterLongitude; CenterLatitude,CenterLongitude; CenterLatitude,,,,2,NAMR,需確認各提供者授權條件,高（涉及安全決策風險）,live_or_time_series_candidate,時序工具候選,NAMR 座標或後設 資料。研究統計優先使用 qc 品管版本。不可列為 document_rag_candidate。歷史資料僅可回答歷史描述，不可提供當日下水安全判定。,確認時區（疑似 UTC+8）；確認授權（NAMR）；確認 qc 與 realtime 時間範圍
歷史品管、即時海氣象水文觀測資料\NAMR\青灣遙測站\LonLat.csv,歷史品管與即時海氣象水文觀測資料（NAMR）,.csv,52,2026-09-17T18:54:04+08:00,CSV,utf-8-sig,CenterLongitude; CenterLatitude,CenterLongitude; CenterLatitude,,,,2,NAMR,需確認各提供者授權條件,高（涉及安全決策風險）,live_or_time_series_candidate,時序工具候選,NAMR 座標或後設 資料。研究統計優先使用 qc 品管版本。不可列為 document_rag_candidate。歷史資料僅可回答歷史描述，不可提供當日下水安全判定。,確認時區（疑似 UTC+8）；確認授權（NAMR）；確認 qc 與 realtime 時間範圍
歷史品管、即時海氣象水文觀測資料\NAMR\風箏坪遙測站\LonLat.csv,歷史品管與即時海氣象水文觀測資料（NAMR）,.csv,52,2026-09-17T18:54:04+08:00,CSV,utf-8-sig,CenterLongitude; CenterLatitude,CenterLongitude; CenterLatitude,,,,2,NAMR,需確認各提供者授權條件,高（涉及安全決策風險）,live_or_time_series_candidate,時序工具候選,NAMR 座標或後設 資料。研究統計優先使用 qc 品管版本。不可列為 document_rag_candidate。歷史資料僅可回答歷史描述，不可提供當日下水安全判定。,確認時區（疑似 UTC+8）；確認授權（NAMR）；確認 qc 與 realtime 時間範圍
歷史品管、即時海氣象水文觀測資料\NAMR\鹽水溪口遙測站\LonLat.csv,歷史品管與即時海氣象水文觀測資料（NAMR）,.csv,52,2026-09-17T18:54:04+08:00,CSV,utf-8-sig,CenterLongitude; CenterLatitude,CenterLongitude; CenterLatitude,,,,2,NAMR,需確認各提供者授權條件,高（涉及安全決策風險）,live_or_time_series_candidate,時序工具候選,NAMR 座標或後設 資料。研究統計優先使用 qc 品管版本。不可列為 document_rag_candidate。歷史資料僅可回答歷史描述，不可提供當日下水安全判定。,確認時區（疑似 UTC+8）；確認授權（NAMR）；確認 qc 與 realtime 時間範圍
歷史品管、即時海氣象水文觀測資料\NAMR\鼻頭角資料浮標站\LonLat.csv,歷史品管與即時海氣象水文觀測資料（NAMR）,.csv,50,2026-09-17T18:54:04+08:00,CSV,utf-8-sig,CenterLongitude; CenterLatitude,CenterLongitude; CenterLatitude,,,,2,NAMR,需確認各提供者授權條件,高（涉及安全決策風險）,live_or_time_series_candidate,時序工具候選,NAMR 座標或後設 資料。研究統計優先使用 qc 品管版本。不可列為 document_rag_candidate。歷史資料僅可回答歷史描述，不可提供當日下水安全判定。,確認時區（疑似 UTC+8）；確認授權（NAMR）；確認 qc 與 realtime 時間範圍
歷史品管、即時海氣象水文觀測資料\NAMR\鼻頭角資料浮標站\realtime\2023.csv,歷史品管與即時海氣象水文觀測資料（NAMR）,.csv,5740414,2026-09-17T18:54:04+08:00,CSV,utf-8-sig,測站編號; 時間; 陣風_風速; 風速; 風向; 氣壓; 氣溫; 海面溫度; 示性波高; 平均週期; 波向; 波浪尖峰週期; 流速; 分層流速{深度:流速}; 流向,中心經度; 中心緯度,,時間,2023–2023,8066,NAMR,需確認各提供者授權條件,高（涉及安全決策風險）,live_or_time_series_candidate,時序工具候選,NAMR realtime（即時） 資料。研究統計優先使用 qc 品管版本。不可列為 document_rag_candidate。歷史資料僅可回答歷史描述，不可提供當日下水安全判定。,確認時區（疑似 UTC+8）；確認授權（NAMR）；確認 qc 與 realtime 時間範圍
歷史品管、即時海氣象水文觀測資料\WRA\七股資料浮標\LonLat.csv,歷史品管與即時海氣象水文觀測資料（WRA）,.csv,48,2026-09-17T18:54:04+08:00,CSV,utf-8-sig,CenterLongitude; CenterLatitude,CenterLongitude; CenterLatitude,,,,2,WRA,需確認各提供者授權條件,高（涉及安全決策風險）,live_or_time_series_candidate,時序工具候選,WRA 座標或後設 資料。研究統計優先使用 qc 品管版本。不可列為 document_rag_candidate。歷史資料僅可回答歷史描述，不可提供當日下水安全判定。,確認時區（疑似 UTC+8）；確認授權（WRA）；確認 qc 與 realtime 時間範圍
歷史品管、即時海氣象水文觀測資料\WRA\七股資料浮標\qc\2023.csv,歷史品管與即時海氣象水文觀測資料（WRA）,.csv,5042150,2026-09-17T18:54:04+08:00,CSV,utf-8-sig,測站編號; 時間; 陣風_風速; 風速; 風向; 氣壓; 氣溫; 海面溫度; 示性波高; 平均週期; 波向; 波浪尖峰週期; 流速; 分層流速{深度:流速}; 流向,中心經度; 中心緯度,,時間,2023–2023,52852,WRA,需確認各提供者授權條件,高（涉及安全決策風險）,live_or_time_series_candidate,時序工具候選,WRA qc（品管歷史） 資料。研究統計優先使用 qc 品管版本。不可列為 document_rag_candidate。歷史資料僅可回答歷史描述，不可提供當日下水安全判定。,確認時區（疑似 UTC+8）；確認授權（WRA）；確認 qc 與 realtime 時間範圍
歷史品管、即時海氣象水文觀測資料\WRA\七股資料浮標\qc\2024.csv,歷史品管與即時海氣象水文觀測資料（WRA）,.csv,2052832,2026-09-17T18:54:04+08:00,CSV,utf-8-sig,測站編號; 時間; 陣風_風速; 風速; 風向; 氣壓; 氣溫; 海面溫度; 示性波高; 平均週期; 波向; 波浪尖峰週期; 流速; 分層流速{深度:流速}; 流向,中心經度; 中心緯度,,時間,2024–2024,21317,WRA,需確認各提供者授權條件,高（涉及安全決策風險）,live_or_time_series_candidate,時序工具候選,WRA qc（品管歷史） 資料。研究統計優先使用 qc 品管版本。不可列為 document_rag_candidate。歷史資料僅可回答歷史描述，不可提供當日下水安全判定。,確認時區（疑似 UTC+8）；確認授權（WRA）；確認 qc 與 realtime 時間範圍
歷史品管、即時海氣象水文觀測資料\WRA\七股資料浮標\realtime\2023.csv,歷史品管與即時海氣象水文觀測資料（WRA）,.csv,738942,2026-09-17T18:54:04+08:00,CSV,utf-8-sig,測站編號; 時間; 陣風_風速; 風速; 風向; 氣壓; 氣溫; 海面溫度; 示性波高; 平均週期; 波向; 波浪尖峰週期; 流速; 分層流速{深度:流速}; 流向,中心經度; 中心緯度,,時間,2023–2023,6984,WRA,需確認各提供者授權條件,高（涉及安全決策風險）,live_or_time_series_candidate,時序工具候選,WRA realtime（即時） 資料。研究統計優先使用 qc 品管版本。不可列為 document_rag_candidate。歷史資料僅可回答歷史描述，不可提供當日下水安全判定。,確認時區（疑似 UTC+8）；確認授權（WRA）；確認 qc 與 realtime 時間範圍
歷史品管、即時海氣象水文觀測資料\WRA\七股資料浮標\realtime\2024.csv,歷史品管與即時海氣象水文觀測資料（WRA）,.csv,723522,2026-09-17T18:54:04+08:00,CSV,utf-8-sig,測站編號; 時間; 陣風_風速; 風速; 風向; 氣壓; 氣溫; 海面溫度; 示性波高; 平均週期; 波向; 波浪尖峰週期; 流速; 分層流速{深度:流速}; 流向,中心經度; 中心緯度,,時間,2024–2024,6736,WRA,需確認各提供者授權條件,高（涉及安全決策風險）,live_or_time_series_candidate,時序工具候選,WRA realtime（即時） 資料。研究統計優先使用 qc 品管版本。不可列為 document_rag_candidate。歷史資料僅可回答歷史描述，不可提供當日下水安全判定。,確認時區（疑似 UTC+8）；確認授權（WRA）；確認 qc 與 realtime 時間範圍
歷史品管、即時海氣象水文觀測資料\WRA\七股資料浮標\realtime\2025.csv,歷史品管與即時海氣象水文觀測資料（WRA）,.csv,740180,2026-09-17T18:54:04+08:00,CSV,utf-8-sig,測站編號; 時間; 陣風_風速; 風速; 風向; 氣壓; 氣溫; 海面溫度; 示性波高; 平均週期; 波向; 波浪尖峰週期; 流速; 分層流速{深度:流速}; 流向,中心經度; 中心緯度,,時間,2025–2025,7270,WRA,需確認各提供者授權條件,高（涉及安全決策風險）,live_or_time_series_candidate,時序工具候選,WRA realtime（即時） 資料。研究統計優先使用 qc 品管版本。不可列為 document_rag_candidate。歷史資料僅可回答歷史描述，不可提供當日下水安全判定。,確認時區（疑似 UTC+8）；確認授權（WRA）；確認 qc 與 realtime 時間範圍
歷史品管、即時海氣象水文觀測資料\WRA\四草潮位站\LonLat.csv,歷史品管與即時海氣象水文觀測資料（WRA）,.csv,48,2026-09-17T18:54:04+08:00,CSV,utf-8-sig,CenterLongitude; CenterLatitude,CenterLongitude; CenterLatitude,,,,2,WRA,需確認各提供者授權條件,高（涉及安全決策風險）,live_or_time_series_candidate,時序工具候選,WRA 座標或後設 資料。研究統計優先使用 qc 品管版本。不可列為 document_rag_candidate。歷史資料僅可回答歷史描述，不可提供當日下水安全判定。,確認時區（疑似 UTC+8）；確認授權（WRA）；確認 qc 與 realtime 時間範圍
歷史品管、即時海氣象水文觀測資料\WRA\四草潮位站\qc\2023.csv,歷史品管與即時海氣象水文觀測資料（WRA）,.csv,5326772,2026-09-17T18:54:04+08:00,CSV,utf-8-sig,測站編號; 時間; 陣風_風速; 風速; 風向; 氣壓; 氣溫; 海面溫度; 示性波高; 平均週期; 波向; 波浪尖峰週期; 流速; 分層流速{深度:流速}; 流向,中心經度; 中心緯度,,時間,2023–2023,57774,WRA,需確認各提供者授權條件,高（涉及安全決策風險）,live_or_time_series_candidate,時序工具候選,WRA qc（品管歷史） 資料。研究統計優先使用 qc 品管版本。不可列為 document_rag_candidate。歷史資料僅可回答歷史描述，不可提供當日下水安全判定。,確認時區（疑似 UTC+8）；確認授權（WRA）；確認 qc 與 realtime 時間範圍
歷史品管、即時海氣象水文觀測資料\WRA\四草潮位站\qc\2024.csv,歷史品管與即時海氣象水文觀測資料（WRA）,.csv,1861100,2026-09-17T18:54:04+08:00,CSV,utf-8-sig,測站編號; 時間; 陣風_風速; 風速; 風向; 氣壓; 氣溫; 海面溫度; 示性波高; 平均週期; 波向; 波浪尖峰週期; 流速; 分層流速{深度:流速}; 流向,中心經度; 中心緯度,,時間,2024–2024,20362,WRA,需確認各提供者授權條件,高（涉及安全決策風險）,live_or_time_series_candidate,時序工具候選,WRA qc（品管歷史） 資料。研究統計優先使用 qc 品管版本。不可列為 document_rag_candidate。歷史資料僅可回答歷史描述，不可提供當日下水安全判定。,確認時區（疑似 UTC+8）；確認授權（WRA）；確認 qc 與 realtime 時間範圍
歷史品管、即時海氣象水文觀測資料\WRA\四草潮位站\realtime\2023.csv,歷史品管與即時海氣象水文觀測資料（WRA）,.csv,552070,2026-09-17T18:54:04+08:00,CSV,utf-8-sig,測站編號; 時間; 陣風_風速; 風速; 風向; 氣壓; 氣溫; 海面溫度; 示性波高; 平均週期; 波向; 波浪尖峰週期; 流速; 分層流速{深度:流速}; 流向,中心經度; 中心緯度,,時間,2023–2023,6093,WRA,需確認各提供者授權條件,高（涉及安全決策風險）,live_or_time_series_candidate,時序工具候選,WRA realtime（即時） 資料。研究統計優先使用 qc 品管版本。不可列為 document_rag_candidate。歷史資料僅可回答歷史描述，不可提供當日下水安全判定。,確認時區（疑似 UTC+8）；確認授權（WRA）；確認 qc 與 realtime 時間範圍
歷史品管、即時海氣象水文觀測資料\WRA\四草潮位站\realtime\2024.csv,歷史品管與即時海氣象水文觀測資料（WRA）,.csv,552242,2026-09-17T18:54:04+08:00,CSV,utf-8-sig,測站編號; 時間; 陣風_風速; 風速; 風向; 氣壓; 氣溫; 海面溫度; 示性波高; 平均週期; 波向; 波浪尖峰週期; 流速; 分層流速{深度:流速}; 流向,中心經度; 中心緯度,,時間,2024–2024,6081,WRA,需確認各提供者授權條件,高（涉及安全決策風險）,live_or_time_series_candidate,時序工具候選,WRA realtime（即時） 資料。研究統計優先使用 qc 品管版本。不可列為 document_rag_candidate。歷史資料僅可回答歷史描述，不可提供當日下水安全判定。,確認時區（疑似 UTC+8）；確認授權（WRA）；確認 qc 與 realtime 時間範圍
歷史品管、即時海氣象水文觀測資料\WRA\四草潮位站\realtime\2025.csv,歷史品管與即時海氣象水文觀測資料（WRA）,.csv,548897,2026-09-17T18:54:04+08:00,CSV,utf-8-sig,測站編號; 時間; 陣風_風速; 風速; 風向; 氣壓; 氣溫; 海面溫度; 示性波高; 平均週期; 波向; 波浪尖峰週期; 流速; 分層流速{深度:流速}; 流向,中心經度; 中心緯度,,時間,2025–2025,6025,WRA,需確認各提供者授權條件,高（涉及安全決策風險）,live_or_time_series_candidate,時序工具候選,WRA realtime（即時） 資料。研究統計優先使用 qc 品管版本。不可列為 document_rag_candidate。歷史資料僅可回答歷史描述，不可提供當日下水安全判定。,確認時區（疑似 UTC+8）；確認授權（WRA）；確認 qc 與 realtime 時間範圍
歷史品管、即時海氣象水文觀測資料\WRA\大武潮位站\LonLat.csv,歷史品管與即時海氣象水文觀測資料（WRA）,.csv,48,2026-09-17T18:54:04+08:00,CSV,utf-8-sig,CenterLongitude; CenterLatitude,CenterLongitude; CenterLatitude,,,,2,WRA,需確認各提供者授權條件,高（涉及安全決策風險）,live_or_time_series_candidate,時序工具候選,WRA 座標或後設 資料。研究統計優先使用 qc 品管版本。不可列為 document_rag_candidate。歷史資料僅可回答歷史描述，不可提供當日下水安全判定。,確認時區（疑似 UTC+8）；確認授權（WRA）；確認 qc 與 realtime 時間範圍
歷史品管、即時海氣象水文觀測資料\WRA\大武潮位站\qc\2023.csv,歷史品管與即時海氣象水文觀測資料（WRA）,.csv,1864903,2026-09-17T18:54:04+08:00,CSV,utf-8-sig,測站編號; 時間; 陣風_風速; 風速; 風向; 氣壓; 氣溫; 海面溫度; 示性波高; 平均週期; 波向; 波浪尖峰週期; 流速; 分層流速{深度:流速}; 流向,中心經度; 中心緯度,,時間,2023–2023,19426,WRA,需確認各提供者授權條件,高（涉及安全決策風險）,live_or_time_series_candidate,時序工具候選,WRA qc（品管歷史） 資料。研究統計優先使用 qc 品管版本。不可列為 document_rag_candidate。歷史資料僅可回答歷史描述，不可提供當日下水安全判定。,確認時區（疑似 UTC+8）；確認授權（WRA）；確認 qc 與 realtime 時間範圍
歷史品管、即時海氣象水文觀測資料\WRA\大武潮位站\qc\2024.csv,歷史品管與即時海氣象水文觀測資料（WRA）,.csv,524510,2026-09-17T18:54:04+08:00,CSV,utf-8-sig,測站編號; 時間; 陣風_風速; 風速; 風向; 氣壓; 氣溫; 海面溫度; 示性波高; 平均週期; 波向; 波浪尖峰週期; 流速; 分層流速{深度:流速}; 流向,中心經度; 中心緯度,,時間,2024–2024,5435,WRA,需確認各提供者授權條件,高（涉及安全決策風險）,live_or_time_series_candidate,時序工具候選,WRA qc（品管歷史） 資料。研究統計優先使用 qc 品管版本。不可列為 document_rag_candidate。歷史資料僅可回答歷史描述，不可提供當日下水安全判定。,確認時區（疑似 UTC+8）；確認授權（WRA）；確認 qc 與 realtime 時間範圍
歷史品管、即時海氣象水文觀測資料\WRA\大武潮位站\realtime\2023.csv,歷史品管與即時海氣象水文觀測資料（WRA）,.csv,410263,2026-09-17T18:54:04+08:00,CSV,utf-8-sig,測站編號; 時間; 陣風_風速; 風速; 風向; 氣壓; 氣溫; 海面溫度; 示性波高; 平均週期; 波向; 波浪尖峰週期; 流速; 分層流速{深度:流速}; 流向,中心經度; 中心緯度,,時間,2023–2023,4704,WRA,需確認各提供者授權條件,高（涉及安全決策風險）,live_or_time_series_candidate,時序工具候選,WRA realtime（即時） 資料。研究統計優先使用 qc 品管版本。不可列為 document_rag_candidate。歷史資料僅可回答歷史描述，不可提供當日下水安全判定。,確認時區（疑似 UTC+8）；確認授權（WRA）；確認 qc 與 realtime 時間範圍
歷史品管、即時海氣象水文觀測資料\WRA\大武潮位站\realtime\2024.csv,歷史品管與即時海氣象水文觀測資料（WRA）,.csv,264391,2026-09-17T18:54:04+08:00,CSV,utf-8-sig,測站編號; 時間; 陣風_風速; 風速; 風向; 氣壓; 氣溫; 海面溫度; 示性波高; 平均週期; 波向; 波浪尖峰週期; 流速; 分層流速{深度:流速}; 流向,中心經度; 中心緯度,,時間,2024–2024,2927,WRA,需確認各提供者授權條件,高（涉及安全決策風險）,live_or_time_series_candidate,時序工具候選,WRA realtime（即時） 資料。研究統計優先使用 qc 品管版本。不可列為 document_rag_candidate。歷史資料僅可回答歷史描述，不可提供當日下水安全判定。,確認時區（疑似 UTC+8）；確認授權（WRA）；確認 qc 與 realtime 時間範圍
歷史品管、即時海氣象水文觀測資料\WRA\安平潮位站\LonLat.csv,歷史品管與即時海氣象水文觀測資料（WRA）,.csv,48,2026-09-17T18:54:04+08:00,CSV,utf-8-sig,CenterLongitude; CenterLatitude,CenterLongitude; CenterLatitude,,,,2,WRA,需確認各提供者授權條件,高（涉及安全決策風險）,live_or_time_series_candidate,時序工具候選,WRA 座標或後設 資料。研究統計優先使用 qc 品管版本。不可列為 document_rag_candidate。歷史資料僅可回答歷史描述，不可提供當日下水安全判定。,確認時區（疑似 UTC+8）；確認授權（WRA）；確認 qc 與 realtime 時間範圍
歷史品管、即時海氣象水文觀測資料\WRA\安平潮位站\qc\2023.csv,歷史品管與即時海氣象水文觀測資料（WRA）,.csv,5040782,2026-09-17T18:54:04+08:00,CSV,utf-8-sig,測站編號; 時間; 陣風_風速; 風速; 風向; 氣壓; 氣溫; 海面溫度; 示性波高; 平均週期; 波向; 波浪尖峰週期; 流速; 分層流速{深度:流速}; 流向,中心經度; 中心緯度,,時間,2023–2023,56574,WRA,需確認各提供者授權條件,高（涉及安全決策風險）,live_or_time_series_candidate,時序工具候選,WRA qc（品管歷史） 資料。研究統計優先使用 qc 品管版本。不可列為 document_rag_candidate。歷史資料僅可回答歷史描述，不可提供當日下水安全判定。,確認時區（疑似 UTC+8）；確認授權（WRA）；確認 qc 與 realtime 時間範圍
歷史品管、即時海氣象水文觀測資料\WRA\安平潮位站\qc\2024.csv,歷史品管與即時海氣象水文觀測資料（WRA）,.csv,1780905,2026-09-17T18:54:04+08:00,CSV,utf-8-sig,測站編號; 時間; 陣風_風速; 風速; 風向; 氣壓; 氣溫; 海面溫度; 示性波高; 平均週期; 波向; 波浪尖峰週期; 流速; 分層流速{深度:流速}; 流向,中心經度; 中心緯度,,時間,2024–2024,19942,WRA,需確認各提供者授權條件,高（涉及安全決策風險）,live_or_time_series_candidate,時序工具候選,WRA qc（品管歷史） 資料。研究統計優先使用 qc 品管版本。不可列為 document_rag_candidate。歷史資料僅可回答歷史描述，不可提供當日下水安全判定。,確認時區（疑似 UTC+8）；確認授權（WRA）；確認 qc 與 realtime 時間範圍
歷史品管、即時海氣象水文觀測資料\WRA\安平潮位站\realtime\2023.csv,歷史品管與即時海氣象水文觀測資料（WRA）,.csv,526572,2026-09-17T18:54:04+08:00,CSV,utf-8-sig,測站編號; 時間; 陣風_風速; 風速; 風向; 氣壓; 氣溫; 海面溫度; 示性波高; 平均週期; 波向; 波浪尖峰週期; 流速; 分層流速{深度:流速}; 流向,中心經度; 中心緯度,,時間,2023–2023,5943,WRA,需確認各提供者授權條件,高（涉及安全決策風險）,live_or_time_series_candidate,時序工具候選,WRA realtime（即時） 資料。研究統計優先使用 qc 品管版本。不可列為 document_rag_candidate。歷史資料僅可回答歷史描述，不可提供當日下水安全判定。,確認時區（疑似 UTC+8）；確認授權（WRA）；確認 qc 與 realtime 時間範圍
歷史品管、即時海氣象水文觀測資料\WRA\安平潮位站\realtime\2024.csv,歷史品管與即時海氣象水文觀測資料（WRA）,.csv,527151,2026-09-17T18:54:04+08:00,CSV,utf-8-sig,測站編號; 時間; 陣風_風速; 風速; 風向; 氣壓; 氣溫; 海面溫度; 示性波高; 平均週期; 波向; 波浪尖峰週期; 流速; 分層流速{深度:流速}; 流向,中心經度; 中心緯度,,時間,2024–2024,5963,WRA,需確認各提供者授權條件,高（涉及安全決策風險）,live_or_time_series_candidate,時序工具候選,WRA realtime（即時） 資料。研究統計優先使用 qc 品管版本。不可列為 document_rag_candidate。歷史資料僅可回答歷史描述，不可提供當日下水安全判定。,確認時區（疑似 UTC+8）；確認授權（WRA）；確認 qc 與 realtime 時間範圍
歷史品管、即時海氣象水文觀測資料\WRA\安平潮位站\realtime\2025.csv,歷史品管與即時海氣象水文觀測資料（WRA）,.csv,523252,2026-09-17T18:54:04+08:00,CSV,utf-8-sig,測站編號; 時間; 陣風_風速; 風速; 風向; 氣壓; 氣溫; 海面溫度; 示性波高; 平均週期; 波向; 波浪尖峰週期; 流速; 分層流速{深度:流速}; 流向,中心經度; 中心緯度,,時間,2025–2025,5872,WRA,需確認各提供者授權條件,高（涉及安全決策風險）,live_or_time_series_candidate,時序工具候選,WRA realtime（即時） 資料。研究統計優先使用 qc 品管版本。不可列為 document_rag_candidate。歷史資料僅可回答歷史描述，不可提供當日下水安全判定。,確認時區（疑似 UTC+8）；確認授權（WRA）；確認 qc 與 realtime 時間範圍
歷史品管、即時海氣象水文觀測資料\WRA\富岡潮位站\LonLat.csv,歷史品管與即時海氣象水文觀測資料（WRA）,.csv,48,2026-09-17T18:54:04+08:00,CSV,utf-8-sig,CenterLongitude; CenterLatitude,CenterLongitude; CenterLatitude,,,,2,WRA,需確認各提供者授權條件,高（涉及安全決策風險）,live_or_time_series_candidate,時序工具候選,WRA 座標或後設 資料。研究統計優先使用 qc 品管版本。不可列為 document_rag_candidate。歷史資料僅可回答歷史描述，不可提供當日下水安全判定。,確認時區（疑似 UTC+8）；確認授權（WRA）；確認 qc 與 realtime 時間範圍
歷史品管、即時海氣象水文觀測資料\WRA\富岡潮位站\qc\2023.csv,歷史品管與即時海氣象水文觀測資料（WRA）,.csv,5340406,2026-09-17T18:54:04+08:00,CSV,utf-8-sig,測站編號; 時間; 陣風_風速; 風速; 風向; 氣壓; 氣溫; 海面溫度; 示性波高; 平均週期; 波向; 波浪尖峰週期; 流速; 分層流速{深度:流速}; 流向,中心經度; 中心緯度,,時間,2023–2023,58557,WRA,需確認各提供者授權條件,高（涉及安全決策風險）,live_or_time_series_candidate,時序工具候選,WRA qc（品管歷史） 資料。研究統計優先使用 qc 品管版本。不可列為 document_rag_candidate。歷史資料僅可回答歷史描述，不可提供當日下水安全判定。,確認時區（疑似 UTC+8）；確認授權（WRA）；確認 qc 與 realtime 時間範圍
歷史品管、即時海氣象水文觀測資料\WRA\富岡潮位站\qc\2024.csv,歷史品管與即時海氣象水文觀測資料（WRA）,.csv,1892844,2026-09-17T18:54:04+08:00,CSV,utf-8-sig,測站編號; 時間; 陣風_風速; 風速; 風向; 氣壓; 氣溫; 海面溫度; 示性波高; 平均週期; 波向; 波浪尖峰週期; 流速; 分層流速{深度:流速}; 流向,中心經度; 中心緯度,,時間,2024–2024,20754,WRA,需確認各提供者授權條件,高（涉及安全決策風險）,live_or_time_series_candidate,時序工具候選,WRA qc（品管歷史） 資料。研究統計優先使用 qc 品管版本。不可列為 document_rag_candidate。歷史資料僅可回答歷史描述，不可提供當日下水安全判定。,確認時區（疑似 UTC+8）；確認授權（WRA）；確認 qc 與 realtime 時間範圍
歷史品管、即時海氣象水文觀測資料\WRA\富岡潮位站\realtime\2023.csv,歷史品管與即時海氣象水文觀測資料（WRA）,.csv,546120,2026-09-17T18:54:04+08:00,CSV,utf-8-sig,測站編號; 時間; 陣風_風速; 風速; 風向; 氣壓; 氣溫; 海面溫度; 示性波高; 平均週期; 波向; 波浪尖峰週期; 流速; 分層流速{深度:流速}; 流向,中心經度; 中心緯度,,時間,2023–2023,6068,WRA,需確認各提供者授權條件,高（涉及安全決策風險）,live_or_time_series_candidate,時序工具候選,WRA realtime（即時） 資料。研究統計優先使用 qc 品管版本。不可列為 document_rag_candidate。歷史資料僅可回答歷史描述，不可提供當日下水安全判定。,確認時區（疑似 UTC+8）；確認授權（WRA）；確認 qc 與 realtime 時間範圍
歷史品管、即時海氣象水文觀測資料\WRA\富岡潮位站\realtime\2024.csv,歷史品管與即時海氣象水文觀測資料（WRA）,.csv,536988,2026-09-17T18:54:04+08:00,CSV,utf-8-sig,測站編號; 時間; 陣風_風速; 風速; 風向; 氣壓; 氣溫; 海面溫度; 示性波高; 平均週期; 波向; 波浪尖峰週期; 流速; 分層流速{深度:流速}; 流向,中心經度; 中心緯度,,時間,2024–2024,5920,WRA,需確認各提供者授權條件,高（涉及安全決策風險）,live_or_time_series_candidate,時序工具候選,WRA realtime（即時） 資料。研究統計優先使用 qc 品管版本。不可列為 document_rag_candidate。歷史資料僅可回答歷史描述，不可提供當日下水安全判定。,確認時區（疑似 UTC+8）；確認授權（WRA）；確認 qc 與 realtime 時間範圍
歷史品管、即時海氣象水文觀測資料\WRA\富岡潮位站\realtime\2025.csv,歷史品管與即時海氣象水文觀測資料（WRA）,.csv,543532,2026-09-17T18:54:04+08:00,CSV,utf-8-sig,測站編號; 時間; 陣風_風速; 風速; 風向; 氣壓; 氣溫; 海面溫度; 示性波高; 平均週期; 波向; 波浪尖峰週期; 流速; 分層流速{深度:流速}; 流向,中心經度; 中心緯度,,時間,2025–2025,5999,WRA,需確認各提供者授權條件,高（涉及安全決策風險）,live_or_time_series_candidate,時序工具候選,WRA realtime（即時） 資料。研究統計優先使用 qc 品管版本。不可列為 document_rag_candidate。歷史資料僅可回答歷史描述，不可提供當日下水安全判定。,確認時區（疑似 UTC+8）；確認授權（WRA）；確認 qc 與 realtime 時間範圍
歷史品管、即時海氣象水文觀測資料\WRA\小港潮位站\LonLat.csv,歷史品管與即時海氣象水文觀測資料（WRA）,.csv,48,2026-09-17T18:54:04+08:00,CSV,utf-8-sig,CenterLongitude; CenterLatitude,CenterLongitude; CenterLatitude,,,,2,WRA,需確認各提供者授權條件,高（涉及安全決策風險）,live_or_time_series_candidate,時序工具候選,WRA 座標或後設 資料。研究統計優先使用 qc 品管版本。不可列為 document_rag_candidate。歷史資料僅可回答歷史描述，不可提供當日下水安全判定。,確認時區（疑似 UTC+8）；確認授權（WRA）；確認 qc 與 realtime 時間範圍
歷史品管、即時海氣象水文觀測資料\WRA\小港潮位站\qc\2023.csv,歷史品管與即時海氣象水文觀測資料（WRA）,.csv,5155052,2026-09-17T18:54:04+08:00,CSV,utf-8-sig,測站編號; 時間; 陣風_風速; 風速; 風向; 氣壓; 氣溫; 海面溫度; 示性波高; 平均週期; 波向; 波浪尖峰週期; 流速; 分層流速{深度:流速}; 流向,中心經度; 中心緯度,,時間,2023–2023,57214,WRA,需確認各提供者授權條件,高（涉及安全決策風險）,live_or_time_series_candidate,時序工具候選,WRA qc（品管歷史） 資料。研究統計優先使用 qc 品管版本。不可列為 document_rag_candidate。歷史資料僅可回答歷史描述，不可提供當日下水安全判定。,確認時區（疑似 UTC+8）；確認授權（WRA）；確認 qc 與 realtime 時間範圍
歷史品管、即時海氣象水文觀測資料\WRA\小港潮位站\qc\2024.csv,歷史品管與即時海氣象水文觀測資料（WRA）,.csv,1795014,2026-09-17T18:54:04+08:00,CSV,utf-8-sig,測站編號; 時間; 陣風_風速; 風速; 風向; 氣壓; 氣溫; 海面溫度; 示性波高; 平均週期; 波向; 波浪尖峰週期; 流速; 分層流速{深度:流速}; 流向,中心經度; 中心緯度,,時間,2024–2024,19966,WRA,需確認各提供者授權條件,高（涉及安全決策風險）,live_or_time_series_candidate,時序工具候選,WRA qc（品管歷史） 資料。研究統計優先使用 qc 品管版本。不可列為 document_rag_candidate。歷史資料僅可回答歷史描述，不可提供當日下水安全判定。,確認時區（疑似 UTC+8）；確認授權（WRA）；確認 qc 與 realtime 時間範圍
歷史品管、即時海氣象水文觀測資料\WRA\小港潮位站\realtime\2023.csv,歷史品管與即時海氣象水文觀測資料（WRA）,.csv,527843,2026-09-17T18:54:04+08:00,CSV,utf-8-sig,測站編號; 時間; 陣風_風速; 風速; 風向; 氣壓; 氣溫; 海面溫度; 示性波高; 平均週期; 波向; 波浪尖峰週期; 流速; 分層流速{深度:流速}; 流向,中心經度; 中心緯度,,時間,2023–2023,5950,WRA,需確認各提供者授權條件,高（涉及安全決策風險）,live_or_time_series_candidate,時序工具候選,WRA realtime（即時） 資料。研究統計優先使用 qc 品管版本。不可列為 document_rag_candidate。歷史資料僅可回答歷史描述，不可提供當日下水安全判定。,確認時區（疑似 UTC+8）；確認授權（WRA）；確認 qc 與 realtime 時間範圍
歷史品管、即時海氣象水文觀測資料\WRA\小港潮位站\realtime\2024.csv,歷史品管與即時海氣象水文觀測資料（WRA）,.csv,522474,2026-09-17T18:54:04+08:00,CSV,utf-8-sig,測站編號; 時間; 陣風_風速; 風速; 風向; 氣壓; 氣溫; 海面溫度; 示性波高; 平均週期; 波向; 波浪尖峰週期; 流速; 分層流速{深度:流速}; 流向,中心經度; 中心緯度,,時間,2024–2024,5863,WRA,需確認各提供者授權條件,高（涉及安全決策風險）,live_or_time_series_candidate,時序工具候選,WRA realtime（即時） 資料。研究統計優先使用 qc 品管版本。不可列為 document_rag_candidate。歷史資料僅可回答歷史描述，不可提供當日下水安全判定。,確認時區（疑似 UTC+8）；確認授權（WRA）；確認 qc 與 realtime 時間範圍
歷史品管、即時海氣象水文觀測資料\WRA\小港潮位站\realtime\2025.csv,歷史品管與即時海氣象水文觀測資料（WRA）,.csv,524700,2026-09-17T18:54:04+08:00,CSV,utf-8-sig,測站編號; 時間; 陣風_風速; 風速; 風向; 氣壓; 氣溫; 海面溫度; 示性波高; 平均週期; 波向; 波浪尖峰週期; 流速; 分層流速{深度:流速}; 流向,中心經度; 中心緯度,,時間,2025–2025,5895,WRA,需確認各提供者授權條件,高（涉及安全決策風險）,live_or_time_series_candidate,時序工具候選,WRA realtime（即時） 資料。研究統計優先使用 qc 品管版本。不可列為 document_rag_candidate。歷史資料僅可回答歷史描述，不可提供當日下水安全判定。,確認時區（疑似 UTC+8）；確認授權（WRA）；確認 qc 與 realtime 時間範圍
歷史品管、即時海氣象水文觀測資料\WRA\彌陀資料浮標\LonLat.csv,歷史品管與即時海氣象水文觀測資料（WRA）,.csv,47,2026-09-17T18:54:05+08:00,CSV,utf-8-sig,CenterLongitude; CenterLatitude,CenterLongitude; CenterLatitude,,,,2,WRA,需確認各提供者授權條件,高（涉及安全決策風險）,live_or_time_series_candidate,時序工具候選,WRA 座標或後設 資料。研究統計優先使用 qc 品管版本。不可列為 document_rag_candidate。歷史資料僅可回答歷史描述，不可提供當日下水安全判定。,確認時區（疑似 UTC+8）；確認授權（WRA）；確認 qc 與 realtime 時間範圍
歷史品管、即時海氣象水文觀測資料\WRA\彌陀資料浮標\qc\2023.csv,歷史品管與即時海氣象水文觀測資料（WRA）,.csv,5793753,2026-09-17T18:54:05+08:00,CSV,utf-8-sig,測站編號; 時間; 陣風_風速; 風速; 風向; 氣壓; 氣溫; 海面溫度; 示性波高; 平均週期; 波向; 波浪尖峰週期; 流速; 分層流速{深度:流速}; 流向,中心經度; 中心緯度,,時間,2023–2023,60414,WRA,需確認各提供者授權條件,高（涉及安全決策風險）,live_or_time_series_candidate,時序工具候選,WRA qc（品管歷史） 資料。研究統計優先使用 qc 品管版本。不可列為 document_rag_candidate。歷史資料僅可回答歷史描述，不可提供當日下水安全判定。,確認時區（疑似 UTC+8）；確認授權（WRA）；確認 qc 與 realtime 時間範圍
歷史品管、即時海氣象水文觀測資料\WRA\彌陀資料浮標\qc\2024.csv,歷史品管與即時海氣象水文觀測資料（WRA）,.csv,2090916,2026-09-17T18:54:05+08:00,CSV,utf-8-sig,測站編號; 時間; 陣風_風速; 風速; 風向; 氣壓; 氣溫; 海面溫度; 示性波高; 平均週期; 波向; 波浪尖峰週期; 流速; 分層流速{深度:流速}; 流向,中心經度; 中心緯度,,時間,2024–2024,21511,WRA,需確認各提供者授權條件,高（涉及安全決策風險）,live_or_time_series_candidate,時序工具候選,WRA qc（品管歷史） 資料。研究統計優先使用 qc 品管版本。不可列為 document_rag_candidate。歷史資料僅可回答歷史描述，不可提供當日下水安全判定。,確認時區（疑似 UTC+8）；確認授權（WRA）；確認 qc 與 realtime 時間範圍
歷史品管、即時海氣象水文觀測資料\WRA\彌陀資料浮標\realtime\2023.csv,歷史品管與即時海氣象水文觀測資料（WRA）,.csv,751614,2026-09-17T18:54:05+08:00,CSV,utf-8-sig,測站編號; 時間; 陣風_風速; 風速; 風向; 氣壓; 氣溫; 海面溫度; 示性波高; 平均週期; 波向; 波浪尖峰週期; 流速; 分層流速{深度:流速}; 流向,中心經度; 中心緯度,,時間,2023–2023,7050,WRA,需確認各提供者授權條件,高（涉及安全決策風險）,live_or_time_series_candidate,時序工具候選,WRA realtime（即時） 資料。研究統計優先使用 qc 品管版本。不可列為 document_rag_candidate。歷史資料僅可回答歷史描述，不可提供當日下水安全判定。,確認時區（疑似 UTC+8）；確認授權（WRA）；確認 qc 與 realtime 時間範圍
歷史品管、即時海氣象水文觀測資料\WRA\彌陀資料浮標\realtime\2024.csv,歷史品管與即時海氣象水文觀測資料（WRA）,.csv,750075,2026-09-17T18:54:05+08:00,CSV,utf-8-sig,測站編號; 時間; 陣風_風速; 風速; 風向; 氣壓; 氣溫; 海面溫度; 示性波高; 平均週期; 波向; 波浪尖峰週期; 流速; 分層流速{深度:流速}; 流向,中心經度; 中心緯度,,時間,2024–2024,7029,WRA,需確認各提供者授權條件,高（涉及安全決策風險）,live_or_time_series_candidate,時序工具候選,WRA realtime（即時） 資料。研究統計優先使用 qc 品管版本。不可列為 document_rag_candidate。歷史資料僅可回答歷史描述，不可提供當日下水安全判定。,確認時區（疑似 UTC+8）；確認授權（WRA）；確認 qc 與 realtime 時間範圍
歷史品管、即時海氣象水文觀測資料\WRA\彌陀資料浮標\realtime\2025.csv,歷史品管與即時海氣象水文觀測資料（WRA）,.csv,725981,2026-09-17T18:54:05+08:00,CSV,utf-8-sig,測站編號; 時間; 陣風_風速; 風速; 風向; 氣壓; 氣溫; 海面溫度; 示性波高; 平均週期; 波向; 波浪尖峰週期; 流速; 分層流速{深度:流速}; 流向,中心經度; 中心緯度,,時間,2025–2025,6778,WRA,需確認各提供者授權條件,高（涉及安全決策風險）,live_or_time_series_candidate,時序工具候選,WRA realtime（即時） 資料。研究統計優先使用 qc 品管版本。不可列為 document_rag_candidate。歷史資料僅可回答歷史描述，不可提供當日下水安全判定。,確認時區（疑似 UTC+8）；確認授權（WRA）；確認 qc 與 realtime 時間範圍
歷史品管、即時海氣象水文觀測資料\WRA\料羅灣潮位站\LonLat.csv,歷史品管與即時海氣象水文觀測資料（WRA）,.csv,48,2026-09-17T18:54:05+08:00,CSV,utf-8-sig,CenterLongitude; CenterLatitude,CenterLongitude; CenterLatitude,,,,2,WRA,需確認各提供者授權條件,高（涉及安全決策風險）,live_or_time_series_candidate,時序工具候選,WRA 座標或後設 資料。研究統計優先使用 qc 品管版本。不可列為 document_rag_candidate。歷史資料僅可回答歷史描述，不可提供當日下水安全判定。,確認時區（疑似 UTC+8）；確認授權（WRA）；確認 qc 與 realtime 時間範圍
歷史品管、即時海氣象水文觀測資料\WRA\料羅灣潮位站\qc\2023.csv,歷史品管與即時海氣象水文觀測資料（WRA）,.csv,5330742,2026-09-17T18:54:05+08:00,CSV,utf-8-sig,測站編號; 時間; 陣風_風速; 風速; 風向; 氣壓; 氣溫; 海面溫度; 示性波高; 平均週期; 波向; 波浪尖峰週期; 流速; 分層流速{深度:流速}; 流向,中心經度; 中心緯度,,時間,2023–2023,57754,WRA,需確認各提供者授權條件,高（涉及安全決策風險）,live_or_time_series_candidate,時序工具候選,WRA qc（品管歷史） 資料。研究統計優先使用 qc 品管版本。不可列為 document_rag_candidate。歷史資料僅可回答歷史描述，不可提供當日下水安全判定。,確認時區（疑似 UTC+8）；確認授權（WRA）；確認 qc 與 realtime 時間範圍
歷史品管、即時海氣象水文觀測資料\WRA\料羅灣潮位站\qc\2024.csv,歷史品管與即時海氣象水文觀測資料（WRA）,.csv,1868374,2026-09-17T18:54:05+08:00,CSV,utf-8-sig,測站編號; 時間; 陣風_風速; 風速; 風向; 氣壓; 氣溫; 海面溫度; 示性波高; 平均週期; 波向; 波浪尖峰週期; 流速; 分層流速{深度:流速}; 流向,中心經度; 中心緯度,,時間,2024–2024,20622,WRA,需確認各提供者授權條件,高（涉及安全決策風險）,live_or_time_series_candidate,時序工具候選,WRA qc（品管歷史） 資料。研究統計優先使用 qc 品管版本。不可列為 document_rag_candidate。歷史資料僅可回答歷史描述，不可提供當日下水安全判定。,確認時區（疑似 UTC+8）；確認授權（WRA）；確認 qc 與 realtime 時間範圍
歷史品管、即時海氣象水文觀測資料\WRA\料羅灣潮位站\realtime\2023.csv,歷史品管與即時海氣象水文觀測資料（WRA）,.csv,626089,2026-09-17T18:54:05+08:00,CSV,utf-8-sig,測站編號; 時間; 陣風_風速; 風速; 風向; 氣壓; 氣溫; 海面溫度; 示性波高; 平均週期; 波向; 波浪尖峰週期; 流速; 分層流速{深度:流速}; 流向,中心經度; 中心緯度,,時間,2023–2023,6388,WRA,需確認各提供者授權條件,高（涉及安全決策風險）,live_or_time_series_candidate,時序工具候選,WRA realtime（即時） 資料。研究統計優先使用 qc 品管版本。不可列為 document_rag_candidate。歷史資料僅可回答歷史描述，不可提供當日下水安全判定。,確認時區（疑似 UTC+8）；確認授權（WRA）；確認 qc 與 realtime 時間範圍
歷史品管、即時海氣象水文觀測資料\WRA\料羅灣潮位站\realtime\2024.csv,歷史品管與即時海氣象水文觀測資料（WRA）,.csv,631291,2026-09-17T18:54:05+08:00,CSV,utf-8-sig,測站編號; 時間; 陣風_風速; 風速; 風向; 氣壓; 氣溫; 海面溫度; 示性波高; 平均週期; 波向; 波浪尖峰週期; 流速; 分層流速{深度:流速}; 流向,中心經度; 中心緯度,,時間,2024–2024,6715,WRA,需確認各提供者授權條件,高（涉及安全決策風險）,live_or_time_series_candidate,時序工具候選,WRA realtime（即時） 資料。研究統計優先使用 qc 品管版本。不可列為 document_rag_candidate。歷史資料僅可回答歷史描述，不可提供當日下水安全判定。,確認時區（疑似 UTC+8）；確認授權（WRA）；確認 qc 與 realtime 時間範圍
歷史品管、即時海氣象水文觀測資料\WRA\料羅灣潮位站\realtime\2025.csv,歷史品管與即時海氣象水文觀測資料（WRA）,.csv,636521,2026-09-17T18:54:05+08:00,CSV,utf-8-sig,測站編號; 時間; 陣風_風速; 風速; 風向; 氣壓; 氣溫; 海面溫度; 示性波高; 平均週期; 波向; 波浪尖峰週期; 流速; 分層流速{深度:流速}; 流向,中心經度; 中心緯度,,時間,2025–2025,6515,WRA,需確認各提供者授權條件,高（涉及安全決策風險）,live_or_time_series_candidate,時序工具候選,WRA realtime（即時） 資料。研究統計優先使用 qc 品管版本。不可列為 document_rag_candidate。歷史資料僅可回答歷史描述，不可提供當日下水安全判定。,確認時區（疑似 UTC+8）；確認授權（WRA）；確認 qc 與 realtime 時間範圍
歷史品管、即時海氣象水文觀測資料\WRA\枋寮潮位站\LonLat.csv,歷史品管與即時海氣象水文觀測資料（WRA）,.csv,48,2026-09-17T18:54:05+08:00,CSV,utf-8-sig,CenterLongitude; CenterLatitude,CenterLongitude; CenterLatitude,,,,2,WRA,需確認各提供者授權條件,高（涉及安全決策風險）,live_or_time_series_candidate,時序工具候選,WRA 座標或後設 資料。研究統計優先使用 qc 品管版本。不可列為 document_rag_candidate。歷史資料僅可回答歷史描述，不可提供當日下水安全判定。,確認時區（疑似 UTC+8）；確認授權（WRA）；確認 qc 與 realtime 時間範圍
歷史品管、即時海氣象水文觀測資料\WRA\枋寮潮位站\qc\2023.csv,歷史品管與即時海氣象水文觀測資料（WRA）,.csv,5143158,2026-09-17T18:54:05+08:00,CSV,utf-8-sig,測站編號; 時間; 陣風_風速; 風速; 風向; 氣壓; 氣溫; 海面溫度; 示性波高; 平均週期; 波向; 波浪尖峰週期; 流速; 分層流速{深度:流速}; 流向,中心經度; 中心緯度,,時間,2023–2023,57082,WRA,需確認各提供者授權條件,高（涉及安全決策風險）,live_or_time_series_candidate,時序工具候選,WRA qc（品管歷史） 資料。研究統計優先使用 qc 品管版本。不可列為 document_rag_candidate。歷史資料僅可回答歷史描述，不可提供當日下水安全判定。,確認時區（疑似 UTC+8）；確認授權（WRA）；確認 qc 與 realtime 時間範圍
歷史品管、即時海氣象水文觀測資料\WRA\枋寮潮位站\qc\2024.csv,歷史品管與即時海氣象水文觀測資料（WRA）,.csv,1836380,2026-09-17T18:54:05+08:00,CSV,utf-8-sig,測站編號; 時間; 陣風_風速; 風速; 風向; 氣壓; 氣溫; 海面溫度; 示性波高; 平均週期; 波向; 波浪尖峰週期; 流速; 分層流速{深度:流速}; 流向,中心經度; 中心緯度,,時間,2024–2024,20564,WRA,需確認各提供者授權條件,高（涉及安全決策風險）,live_or_time_series_candidate,時序工具候選,WRA qc（品管歷史） 資料。研究統計優先使用 qc 品管版本。不可列為 document_rag_candidate。歷史資料僅可回答歷史描述，不可提供當日下水安全判定。,確認時區（疑似 UTC+8）；確認授權（WRA）；確認 qc 與 realtime 時間範圍
歷史品管、即時海氣象水文觀測資料\WRA\枋寮潮位站\realtime\2023.csv,歷史品管與即時海氣象水文觀測資料（WRA）,.csv,194117,2026-09-17T18:54:05+08:00,CSV,utf-8-sig,測站編號; 時間; 陣風_風速; 風速; 風向; 氣壓; 氣溫; 海面溫度; 示性波高; 平均週期; 波向; 波浪尖峰週期; 流速; 分層流速{深度:流速}; 流向,中心經度; 中心緯度,,時間,2023–2023,2262,WRA,需確認各提供者授權條件,高（涉及安全決策風險）,live_or_time_series_candidate,時序工具候選,WRA realtime（即時） 資料。研究統計優先使用 qc 品管版本。不可列為 document_rag_candidate。歷史資料僅可回答歷史描述，不可提供當日下水安全判定。,確認時區（疑似 UTC+8）；確認授權（WRA）；確認 qc 與 realtime 時間範圍
歷史品管、即時海氣象水文觀測資料\WRA\枋寮潮位站\realtime\2024.csv,歷史品管與即時海氣象水文觀測資料（WRA）,.csv,526687,2026-09-17T18:54:05+08:00,CSV,utf-8-sig,測站編號; 時間; 陣風_風速; 風速; 風向; 氣壓; 氣溫; 海面溫度; 示性波高; 平均週期; 波向; 波浪尖峰週期; 流速; 分層流速{深度:流速}; 流向,中心經度; 中心緯度,,時間,2024–2024,5957,WRA,需確認各提供者授權條件,高（涉及安全決策風險）,live_or_time_series_candidate,時序工具候選,WRA realtime（即時） 資料。研究統計優先使用 qc 品管版本。不可列為 document_rag_candidate。歷史資料僅可回答歷史描述，不可提供當日下水安全判定。,確認時區（疑似 UTC+8）；確認授權（WRA）；確認 qc 與 realtime 時間範圍
歷史品管、即時海氣象水文觀測資料\WRA\枋寮潮位站\realtime\2025.csv,歷史品管與即時海氣象水文觀測資料（WRA）,.csv,85078,2026-09-17T18:54:05+08:00,CSV,utf-8-sig,測站編號; 時間; 陣風_風速; 風速; 風向; 氣壓; 氣溫; 海面溫度; 示性波高; 平均週期; 波向; 波浪尖峰週期; 流速; 分層流速{深度:流速}; 流向,中心經度; 中心緯度,,時間,2025–2025,954,WRA,需確認各提供者授權條件,高（涉及安全決策風險）,live_or_time_series_candidate,時序工具候選,WRA realtime（即時） 資料。研究統計優先使用 qc 品管版本。不可列為 document_rag_candidate。歷史資料僅可回答歷史描述，不可提供當日下水安全判定。,確認時區（疑似 UTC+8）；確認授權（WRA）；確認 qc 與 realtime 時間範圍
歷史品管、即時海氣象水文觀測資料\WRA\林邊綜合測量站\LonLat.csv,歷史品管與即時海氣象水文觀測資料（WRA）,.csv,47,2026-09-17T18:54:05+08:00,CSV,utf-8-sig,CenterLongitude; CenterLatitude,CenterLongitude; CenterLatitude,,,,2,WRA,需確認各提供者授權條件,高（涉及安全決策風險）,live_or_time_series_candidate,時序工具候選,WRA 座標或後設 資料。研究統計優先使用 qc 品管版本。不可列為 document_rag_candidate。歷史資料僅可回答歷史描述，不可提供當日下水安全判定。,確認時區（疑似 UTC+8）；確認授權（WRA）；確認 qc 與 realtime 時間範圍
歷史品管、即時海氣象水文觀測資料\WRA\水頭潮位站\LonLat.csv,歷史品管與即時海氣象水文觀測資料（WRA）,.csv,48,2026-09-17T18:54:05+08:00,CSV,utf-8-sig,CenterLongitude; CenterLatitude,CenterLongitude; CenterLatitude,,,,2,WRA,需確認各提供者授權條件,高（涉及安全決策風險）,live_or_time_series_candidate,時序工具候選,WRA 座標或後設 資料。研究統計優先使用 qc 品管版本。不可列為 document_rag_candidate。歷史資料僅可回答歷史描述，不可提供當日下水安全判定。,確認時區（疑似 UTC+8）；確認授權（WRA）；確認 qc 與 realtime 時間範圍
歷史品管、即時海氣象水文觀測資料\WRA\水頭潮位站\qc\2023.csv,歷史品管與即時海氣象水文觀測資料（WRA）,.csv,4922062,2026-09-17T18:54:05+08:00,CSV,utf-8-sig,測站編號; 時間; 陣風_風速; 風速; 風向; 氣壓; 氣溫; 海面溫度; 示性波高; 平均週期; 波向; 波浪尖峰週期; 流速; 分層流速{深度:流速}; 流向,中心經度; 中心緯度,,時間,2023–2023,53500,WRA,需確認各提供者授權條件,高（涉及安全決策風險）,live_or_time_series_candidate,時序工具候選,WRA qc（品管歷史） 資料。研究統計優先使用 qc 品管版本。不可列為 document_rag_candidate。歷史資料僅可回答歷史描述，不可提供當日下水安全判定。,確認時區（疑似 UTC+8）；確認授權（WRA）；確認 qc 與 realtime 時間範圍
歷史品管、即時海氣象水文觀測資料\WRA\水頭潮位站\qc\2024.csv,歷史品管與即時海氣象水文觀測資料（WRA）,.csv,1893692,2026-09-17T18:54:05+08:00,CSV,utf-8-sig,測站編號; 時間; 陣風_風速; 風速; 風向; 氣壓; 氣溫; 海面溫度; 示性波高; 平均週期; 波向; 波浪尖峰週期; 流速; 分層流速{深度:流速}; 流向,中心經度; 中心緯度,,時間,2024–2024,20878,WRA,需確認各提供者授權條件,高（涉及安全決策風險）,live_or_time_series_candidate,時序工具候選,WRA qc（品管歷史） 資料。研究統計優先使用 qc 品管版本。不可列為 document_rag_candidate。歷史資料僅可回答歷史描述，不可提供當日下水安全判定。,確認時區（疑似 UTC+8）；確認授權（WRA）；確認 qc 與 realtime 時間範圍
歷史品管、即時海氣象水文觀測資料\WRA\水頭潮位站\realtime\2023.csv,歷史品管與即時海氣象水文觀測資料（WRA）,.csv,439322,2026-09-17T18:54:05+08:00,CSV,utf-8-sig,測站編號; 時間; 陣風_風速; 風速; 風向; 氣壓; 氣溫; 海面溫度; 示性波高; 平均週期; 波向; 波浪尖峰週期; 流速; 分層流速{深度:流速}; 流向,中心經度; 中心緯度,,時間,2023–2023,4859,WRA,需確認各提供者授權條件,高（涉及安全決策風險）,live_or_time_series_candidate,時序工具候選,WRA realtime（即時） 資料。研究統計優先使用 qc 品管版本。不可列為 document_rag_candidate。歷史資料僅可回答歷史描述，不可提供當日下水安全判定。,確認時區（疑似 UTC+8）；確認授權（WRA）；確認 qc 與 realtime 時間範圍
歷史品管、即時海氣象水文觀測資料\WRA\水頭潮位站\realtime\2024.csv,歷史品管與即時海氣象水文觀測資料（WRA）,.csv,548534,2026-09-17T18:54:05+08:00,CSV,utf-8-sig,測站編號; 時間; 陣風_風速; 風速; 風向; 氣壓; 氣溫; 海面溫度; 示性波高; 平均週期; 波向; 波浪尖峰週期; 流速; 分層流速{深度:流速}; 流向,中心經度; 中心緯度,,時間,2024–2024,6101,WRA,需確認各提供者授權條件,高（涉及安全決策風險）,live_or_time_series_candidate,時序工具候選,WRA realtime（即時） 資料。研究統計優先使用 qc 品管版本。不可列為 document_rag_candidate。歷史資料僅可回答歷史描述，不可提供當日下水安全判定。,確認時區（疑似 UTC+8）；確認授權（WRA）；確認 qc 與 realtime 時間範圍
歷史品管、即時海氣象水文觀測資料\WRA\水頭潮位站\realtime\2025.csv,歷史品管與即時海氣象水文觀測資料（WRA）,.csv,544535,2026-09-17T18:54:05+08:00,CSV,utf-8-sig,測站編號; 時間; 陣風_風速; 風速; 風向; 氣壓; 氣溫; 海面溫度; 示性波高; 平均週期; 波向; 波浪尖峰週期; 流速; 分層流速{深度:流速}; 流向,中心經度; 中心緯度,,時間,2025–2025,6030,WRA,需確認各提供者授權條件,高（涉及安全決策風險）,live_or_time_series_candidate,時序工具候選,WRA realtime（即時） 資料。研究統計優先使用 qc 品管版本。不可列為 document_rag_candidate。歷史資料僅可回答歷史描述，不可提供當日下水安全判定。,確認時區（疑似 UTC+8）；確認授權（WRA）；確認 qc 與 realtime 時間範圍
歷史品管、即時海氣象水文觀測資料\WRA\永安潮位站\LonLat.csv,歷史品管與即時海氣象水文觀測資料（WRA）,.csv,55,2026-09-17T18:54:05+08:00,CSV,utf-8-sig,CenterLongitude; CenterLatitude,CenterLongitude; CenterLatitude,,,,2,WRA,需確認各提供者授權條件,高（涉及安全決策風險）,live_or_time_series_candidate,時序工具候選,WRA 座標或後設 資料。研究統計優先使用 qc 品管版本。不可列為 document_rag_candidate。歷史資料僅可回答歷史描述，不可提供當日下水安全判定。,確認時區（疑似 UTC+8）；確認授權（WRA）；確認 qc 與 realtime 時間範圍
歷史品管、即時海氣象水文觀測資料\WRA\永安潮位站\qc\2023.csv,歷史品管與即時海氣象水文觀測資料（WRA）,.csv,5257011,2026-09-17T18:54:05+08:00,CSV,utf-8-sig,測站編號; 時間; 陣風_風速; 風速; 風向; 氣壓; 氣溫; 海面溫度; 示性波高; 平均週期; 波向; 波浪尖峰週期; 流速; 分層流速{深度:流速}; 流向,中心經度; 中心緯度,,時間,2023–2023,57453,WRA,需確認各提供者授權條件,高（涉及安全決策風險）,live_or_time_series_candidate,時序工具候選,WRA qc（品管歷史） 資料。研究統計優先使用 qc 品管版本。不可列為 document_rag_candidate。歷史資料僅可回答歷史描述，不可提供當日下水安全判定。,確認時區（疑似 UTC+8）；確認授權（WRA）；確認 qc 與 realtime 時間範圍
歷史品管、即時海氣象水文觀測資料\WRA\永安潮位站\qc\2024.csv,歷史品管與即時海氣象水文觀測資料（WRA）,.csv,1855144,2026-09-17T18:54:05+08:00,CSV,utf-8-sig,測站編號; 時間; 陣風_風速; 風速; 風向; 氣壓; 氣溫; 海面溫度; 示性波高; 平均週期; 波向; 波浪尖峰週期; 流速; 分層流速{深度:流速}; 流向,中心經度; 中心緯度,,時間,2024–2024,20476,WRA,需確認各提供者授權條件,高（涉及安全決策風險）,live_or_time_series_candidate,時序工具候選,WRA qc（品管歷史） 資料。研究統計優先使用 qc 品管版本。不可列為 document_rag_candidate。歷史資料僅可回答歷史描述，不可提供當日下水安全判定。,確認時區（疑似 UTC+8）；確認授權（WRA）；確認 qc 與 realtime 時間範圍
歷史品管、即時海氣象水文觀測資料\WRA\永安潮位站\realtime\2023.csv,歷史品管與即時海氣象水文觀測資料（WRA）,.csv,536998,2026-09-17T18:54:05+08:00,CSV,utf-8-sig,測站編號; 時間; 陣風_風速; 風速; 風向; 氣壓; 氣溫; 海面溫度; 示性波高; 平均週期; 波向; 波浪尖峰週期; 流速; 分層流速{深度:流速}; 流向,中心經度; 中心緯度,,時間,2023–2023,5966,WRA,需確認各提供者授權條件,高（涉及安全決策風險）,live_or_time_series_candidate,時序工具候選,WRA realtime（即時） 資料。研究統計優先使用 qc 品管版本。不可列為 document_rag_candidate。歷史資料僅可回答歷史描述，不可提供當日下水安全判定。,確認時區（疑似 UTC+8）；確認授權（WRA）；確認 qc 與 realtime 時間範圍
歷史品管、即時海氣象水文觀測資料\WRA\永安潮位站\realtime\2024.csv,歷史品管與即時海氣象水文觀測資料（WRA）,.csv,444209,2026-09-17T18:54:05+08:00,CSV,utf-8-sig,測站編號; 時間; 陣風_風速; 風速; 風向; 氣壓; 氣溫; 海面溫度; 示性波高; 平均週期; 波向; 波浪尖峰週期; 流速; 分層流速{深度:流速}; 流向,中心經度; 中心緯度,,時間,2024–2024,4946,WRA,需確認各提供者授權條件,高（涉及安全決策風險）,live_or_time_series_candidate,時序工具候選,WRA realtime（即時） 資料。研究統計優先使用 qc 品管版本。不可列為 document_rag_candidate。歷史資料僅可回答歷史描述，不可提供當日下水安全判定。,確認時區（疑似 UTC+8）；確認授權（WRA）；確認 qc 與 realtime 時間範圍
歷史品管、即時海氣象水文觀測資料\WRA\永安潮位站\realtime\2025.csv,歷史品管與即時海氣象水文觀測資料（WRA）,.csv,539173,2026-09-17T18:54:05+08:00,CSV,utf-8-sig,測站編號; 時間; 陣風_風速; 風速; 風向; 氣壓; 氣溫; 海面溫度; 示性波高; 平均週期; 波向; 波浪尖峰週期; 流速; 分層流速{深度:流速}; 流向,中心經度; 中心緯度,,時間,2025–2025,5957,WRA,需確認各提供者授權條件,高（涉及安全決策風險）,live_or_time_series_candidate,時序工具候選,WRA realtime（即時） 資料。研究統計優先使用 qc 品管版本。不可列為 document_rag_candidate。歷史資料僅可回答歷史描述，不可提供當日下水安全判定。,確認時區（疑似 UTC+8）；確認授權（WRA）；確認 qc 與 realtime 時間範圍
歷史品管、即時海氣象水文觀測資料\WRA\澎湖資料浮標\LonLat.csv,歷史品管與即時海氣象水文觀測資料（WRA）,.csv,48,2026-09-17T18:54:05+08:00,CSV,utf-8-sig,CenterLongitude; CenterLatitude,CenterLongitude; CenterLatitude,,,,2,WRA,需確認各提供者授權條件,高（涉及安全決策風險）,live_or_time_series_candidate,時序工具候選,WRA 座標或後設 資料。研究統計優先使用 qc 品管版本。不可列為 document_rag_candidate。歷史資料僅可回答歷史描述，不可提供當日下水安全判定。,確認時區（疑似 UTC+8）；確認授權（WRA）；確認 qc 與 realtime 時間範圍
歷史品管、即時海氣象水文觀測資料\WRA\澎湖資料浮標\qc\2023.csv,歷史品管與即時海氣象水文觀測資料（WRA）,.csv,4550467,2026-09-17T18:54:05+08:00,CSV,utf-8-sig,測站編號; 時間; 陣風_風速; 風速; 風向; 氣壓; 氣溫; 海面溫度; 示性波高; 平均週期; 波向; 波浪尖峰週期; 流速; 分層流速{深度:流速}; 流向,中心經度; 中心緯度,,時間,2023–2023,47549,WRA,需確認各提供者授權條件,高（涉及安全決策風險）,live_or_time_series_candidate,時序工具候選,WRA qc（品管歷史） 資料。研究統計優先使用 qc 品管版本。不可列為 document_rag_candidate。歷史資料僅可回答歷史描述，不可提供當日下水安全判定。,確認時區（疑似 UTC+8）；確認授權（WRA）；確認 qc 與 realtime 時間範圍
歷史品管、即時海氣象水文觀測資料\WRA\澎湖資料浮標\qc\2024.csv,歷史品管與即時海氣象水文觀測資料（WRA）,.csv,1471663,2026-09-17T18:54:05+08:00,CSV,utf-8-sig,測站編號; 時間; 陣風_風速; 風速; 風向; 氣壓; 氣溫; 海面溫度; 示性波高; 平均週期; 波向; 波浪尖峰週期; 流速; 分層流速{深度:流速}; 流向,中心經度; 中心緯度,,時間,2024–2024,13936,WRA,需確認各提供者授權條件,高（涉及安全決策風險）,live_or_time_series_candidate,時序工具候選,WRA qc（品管歷史） 資料。研究統計優先使用 qc 品管版本。不可列為 document_rag_candidate。歷史資料僅可回答歷史描述，不可提供當日下水安全判定。,確認時區（疑似 UTC+8）；確認授權（WRA）；確認 qc 與 realtime 時間範圍
歷史品管、即時海氣象水文觀測資料\WRA\澎湖資料浮標\realtime\2023.csv,歷史品管與即時海氣象水文觀測資料（WRA）,.csv,766642,2026-09-17T18:54:05+08:00,CSV,utf-8-sig,測站編號; 時間; 陣風_風速; 風速; 風向; 氣壓; 氣溫; 海面溫度; 示性波高; 平均週期; 波向; 波浪尖峰週期; 流速; 分層流速{深度:流速}; 流向,中心經度; 中心緯度,,時間,2023–2023,6988,WRA,需確認各提供者授權條件,高（涉及安全決策風險）,live_or_time_series_candidate,時序工具候選,WRA realtime（即時） 資料。研究統計優先使用 qc 品管版本。不可列為 document_rag_candidate。歷史資料僅可回答歷史描述，不可提供當日下水安全判定。,確認時區（疑似 UTC+8）；確認授權（WRA）；確認 qc 與 realtime 時間範圍
歷史品管、即時海氣象水文觀測資料\WRA\澎湖資料浮標\realtime\2024.csv,歷史品管與即時海氣象水文觀測資料（WRA）,.csv,764808,2026-09-17T18:54:05+08:00,CSV,utf-8-sig,測站編號; 時間; 陣風_風速; 風速; 風向; 氣壓; 氣溫; 海面溫度; 示性波高; 平均週期; 波向; 波浪尖峰週期; 流速; 分層流速{深度:流速}; 流向,中心經度; 中心緯度,,時間,2024–2024,7256,WRA,需確認各提供者授權條件,高（涉及安全決策風險）,live_or_time_series_candidate,時序工具候選,WRA realtime（即時） 資料。研究統計優先使用 qc 品管版本。不可列為 document_rag_candidate。歷史資料僅可回答歷史描述，不可提供當日下水安全判定。,確認時區（疑似 UTC+8）；確認授權（WRA）；確認 qc 與 realtime 時間範圍
歷史品管、即時海氣象水文觀測資料\WRA\澎湖資料浮標\realtime\2025.csv,歷史品管與即時海氣象水文觀測資料（WRA）,.csv,777509,2026-09-17T18:54:05+08:00,CSV,utf-8-sig,測站編號; 時間; 陣風_風速; 風速; 風向; 氣壓; 氣溫; 海面溫度; 示性波高; 平均週期; 波向; 波浪尖峰週期; 流速; 分層流速{深度:流速}; 流向,中心經度; 中心緯度,,時間,2025–2025,7212,WRA,需確認各提供者授權條件,高（涉及安全決策風險）,live_or_time_series_candidate,時序工具候選,WRA realtime（即時） 資料。研究統計優先使用 qc 品管版本。不可列為 document_rag_candidate。歷史資料僅可回答歷史描述，不可提供當日下水安全判定。,確認時區（疑似 UTC+8）；確認授權（WRA）；確認 qc 與 realtime 時間範圍
歷史品管、即時海氣象水文觀測資料\WRA\石梯潮位站\LonLat.csv,歷史品管與即時海氣象水文觀測資料（WRA）,.csv,48,2026-09-17T18:54:05+08:00,CSV,utf-8-sig,CenterLongitude; CenterLatitude,CenterLongitude; CenterLatitude,,,,2,WRA,需確認各提供者授權條件,高（涉及安全決策風險）,live_or_time_series_candidate,時序工具候選,WRA 座標或後設 資料。研究統計優先使用 qc 品管版本。不可列為 document_rag_candidate。歷史資料僅可回答歷史描述，不可提供當日下水安全判定。,確認時區（疑似 UTC+8）；確認授權（WRA）；確認 qc 與 realtime 時間範圍
歷史品管、即時海氣象水文觀測資料\WRA\石梯潮位站\qc\2023.csv,歷史品管與即時海氣象水文觀測資料（WRA）,.csv,5237984,2026-09-17T18:54:05+08:00,CSV,utf-8-sig,測站編號; 時間; 陣風_風速; 風速; 風向; 氣壓; 氣溫; 海面溫度; 示性波高; 平均週期; 波向; 波浪尖峰週期; 流速; 分層流速{深度:流速}; 流向,中心經度; 中心緯度,,時間,2023–2023,57245,WRA,需確認各提供者授權條件,高（涉及安全決策風險）,live_or_time_series_candidate,時序工具候選,WRA qc（品管歷史） 資料。研究統計優先使用 qc 品管版本。不可列為 document_rag_candidate。歷史資料僅可回答歷史描述，不可提供當日下水安全判定。,確認時區（疑似 UTC+8）；確認授權（WRA）；確認 qc 與 realtime 時間範圍
歷史品管、即時海氣象水文觀測資料\WRA\石梯潮位站\qc\2024.csv,歷史品管與即時海氣象水文觀測資料（WRA）,.csv,1837364,2026-09-17T18:54:05+08:00,CSV,utf-8-sig,測站編號; 時間; 陣風_風速; 風速; 風向; 氣壓; 氣溫; 海面溫度; 示性波高; 平均週期; 波向; 波浪尖峰週期; 流速; 分層流速{深度:流速}; 流向,中心經度; 中心緯度,,時間,2024–2024,20124,WRA,需確認各提供者授權條件,高（涉及安全決策風險）,live_or_time_series_candidate,時序工具候選,WRA qc（品管歷史） 資料。研究統計優先使用 qc 品管版本。不可列為 document_rag_candidate。歷史資料僅可回答歷史描述，不可提供當日下水安全判定。,確認時區（疑似 UTC+8）；確認授權（WRA）；確認 qc 與 realtime 時間範圍
歷史品管、即時海氣象水文觀測資料\WRA\石梯潮位站\realtime\2023.csv,歷史品管與即時海氣象水文觀測資料（WRA）,.csv,634371,2026-09-17T18:54:05+08:00,CSV,utf-8-sig,測站編號; 時間; 陣風_風速; 風速; 風向; 氣壓; 氣溫; 海面溫度; 示性波高; 平均週期; 波向; 波浪尖峰週期; 流速; 分層流速{深度:流速}; 流向,中心經度; 中心緯度,,時間,2023–2023,6433,WRA,需確認各提供者授權條件,高（涉及安全決策風險）,live_or_time_series_candidate,時序工具候選,WRA realtime（即時） 資料。研究統計優先使用 qc 品管版本。不可列為 document_rag_candidate。歷史資料僅可回答歷史描述，不可提供當日下水安全判定。,確認時區（疑似 UTC+8）；確認授權（WRA）；確認 qc 與 realtime 時間範圍
歷史品管、即時海氣象水文觀測資料\WRA\石梯潮位站\realtime\2024.csv,歷史品管與即時海氣象水文觀測資料（WRA）,.csv,632703,2026-09-17T18:54:05+08:00,CSV,utf-8-sig,測站編號; 時間; 陣風_風速; 風速; 風向; 氣壓; 氣溫; 海面溫度; 示性波高; 平均週期; 波向; 波浪尖峰週期; 流速; 分層流速{深度:流速}; 流向,中心經度; 中心緯度,,時間,2024–2024,6403,WRA,需確認各提供者授權條件,高（涉及安全決策風險）,live_or_time_series_candidate,時序工具候選,WRA realtime（即時） 資料。研究統計優先使用 qc 品管版本。不可列為 document_rag_candidate。歷史資料僅可回答歷史描述，不可提供當日下水安全判定。,確認時區（疑似 UTC+8）；確認授權（WRA）；確認 qc 與 realtime 時間範圍
歷史品管、即時海氣象水文觀測資料\WRA\石梯潮位站\realtime\2025.csv,歷史品管與即時海氣象水文觀測資料（WRA）,.csv,632961,2026-09-17T18:54:05+08:00,CSV,utf-8-sig,測站編號; 時間; 陣風_風速; 風速; 風向; 氣壓; 氣溫; 海面溫度; 示性波高; 平均週期; 波向; 波浪尖峰週期; 流速; 分層流速{深度:流速}; 流向,中心經度; 中心緯度,,時間,2025–2025,6419,WRA,需確認各提供者授權條件,高（涉及安全決策風險）,live_or_time_series_candidate,時序工具候選,WRA realtime（即時） 資料。研究統計優先使用 qc 品管版本。不可列為 document_rag_candidate。歷史資料僅可回答歷史描述，不可提供當日下水安全判定。,確認時區（疑似 UTC+8）；確認授權（WRA）；確認 qc 與 realtime 時間範圍
歷史品管、即時海氣象水文觀測資料\WRA\綠島潮位站\LonLat.csv,歷史品管與即時海氣象水文觀測資料（WRA）,.csv,48,2026-09-17T18:54:05+08:00,CSV,utf-8-sig,CenterLongitude; CenterLatitude,CenterLongitude; CenterLatitude,,,,2,WRA,需確認各提供者授權條件,高（涉及安全決策風險）,live_or_time_series_candidate,時序工具候選,WRA 座標或後設 資料。研究統計優先使用 qc 品管版本。不可列為 document_rag_candidate。歷史資料僅可回答歷史描述，不可提供當日下水安全判定。,確認時區（疑似 UTC+8）；確認授權（WRA）；確認 qc 與 realtime 時間範圍
歷史品管、即時海氣象水文觀測資料\WRA\綠島潮位站\qc\2023.csv,歷史品管與即時海氣象水文觀測資料（WRA）,.csv,5341424,2026-09-17T18:54:05+08:00,CSV,utf-8-sig,測站編號; 時間; 陣風_風速; 風速; 風向; 氣壓; 氣溫; 海面溫度; 示性波高; 平均週期; 波向; 波浪尖峰週期; 流速; 分層流速{深度:流速}; 流向,中心經度; 中心緯度,,時間,2023–2023,58312,WRA,需確認各提供者授權條件,高（涉及安全決策風險）,live_or_time_series_candidate,時序工具候選,WRA qc（品管歷史） 資料。研究統計優先使用 qc 品管版本。不可列為 document_rag_candidate。歷史資料僅可回答歷史描述，不可提供當日下水安全判定。,確認時區（疑似 UTC+8）；確認授權（WRA）；確認 qc 與 realtime 時間範圍
歷史品管、即時海氣象水文觀測資料\WRA\綠島潮位站\qc\2024.csv,歷史品管與即時海氣象水文觀測資料（WRA）,.csv,1884383,2026-09-17T18:54:05+08:00,CSV,utf-8-sig,測站編號; 時間; 陣風_風速; 風速; 風向; 氣壓; 氣溫; 海面溫度; 示性波高; 平均週期; 波向; 波浪尖峰週期; 流速; 分層流速{深度:流速}; 流向,中心經度; 中心緯度,,時間,2024–2024,20684,WRA,需確認各提供者授權條件,高（涉及安全決策風險）,live_or_time_series_candidate,時序工具候選,WRA qc（品管歷史） 資料。研究統計優先使用 qc 品管版本。不可列為 document_rag_candidate。歷史資料僅可回答歷史描述，不可提供當日下水安全判定。,確認時區（疑似 UTC+8）；確認授權（WRA）；確認 qc 與 realtime 時間範圍
歷史品管、即時海氣象水文觀測資料\WRA\綠島潮位站\realtime\2023.csv,歷史品管與即時海氣象水文觀測資料（WRA）,.csv,638819,2026-09-17T18:54:05+08:00,CSV,utf-8-sig,測站編號; 時間; 陣風_風速; 風速; 風向; 氣壓; 氣溫; 海面溫度; 示性波高; 平均週期; 波向; 波浪尖峰週期; 流速; 分層流速{深度:流速}; 流向,中心經度; 中心緯度,,時間,2023–2023,6478,WRA,需確認各提供者授權條件,高（涉及安全決策風險）,live_or_time_series_candidate,時序工具候選,WRA realtime（即時） 資料。研究統計優先使用 qc 品管版本。不可列為 document_rag_candidate。歷史資料僅可回答歷史描述，不可提供當日下水安全判定。,確認時區（疑似 UTC+8）；確認授權（WRA）；確認 qc 與 realtime 時間範圍
歷史品管、即時海氣象水文觀測資料\WRA\綠島潮位站\realtime\2024.csv,歷史品管與即時海氣象水文觀測資料（WRA）,.csv,639752,2026-09-17T18:54:05+08:00,CSV,utf-8-sig,測站編號; 時間; 陣風_風速; 風速; 風向; 氣壓; 氣溫; 海面溫度; 示性波高; 平均週期; 波向; 波浪尖峰週期; 流速; 分層流速{深度:流速}; 流向,中心經度; 中心緯度,,時間,2024–2024,6481,WRA,需確認各提供者授權條件,高（涉及安全決策風險）,live_or_time_series_candidate,時序工具候選,WRA realtime（即時） 資料。研究統計優先使用 qc 品管版本。不可列為 document_rag_candidate。歷史資料僅可回答歷史描述，不可提供當日下水安全判定。,確認時區（疑似 UTC+8）；確認授權（WRA）；確認 qc 與 realtime 時間範圍
歷史品管、即時海氣象水文觀測資料\WRA\綠島潮位站\realtime\2025.csv,歷史品管與即時海氣象水文觀測資料（WRA）,.csv,638349,2026-09-17T18:54:05+08:00,CSV,utf-8-sig,測站編號; 時間; 陣風_風速; 風速; 風向; 氣壓; 氣溫; 海面溫度; 示性波高; 平均週期; 波向; 波浪尖峰週期; 流速; 分層流速{深度:流速}; 流向,中心經度; 中心緯度,,時間,2025–2025,6461,WRA,需確認各提供者授權條件,高（涉及安全決策風險）,live_or_time_series_candidate,時序工具候選,WRA realtime（即時） 資料。研究統計優先使用 qc 品管版本。不可列為 document_rag_candidate。歷史資料僅可回答歷史描述，不可提供當日下水安全判定。,確認時區（疑似 UTC+8）；確認授權（WRA）；確認 qc 與 realtime 時間範圍
歷史品管、即時海氣象水文觀測資料\WRA\臺東資料浮標\LonLat.csv,歷史品管與即時海氣象水文觀測資料（WRA）,.csv,48,2026-09-17T18:54:05+08:00,CSV,utf-8-sig,CenterLongitude; CenterLatitude,CenterLongitude; CenterLatitude,,,,2,WRA,需確認各提供者授權條件,高（涉及安全決策風險）,live_or_time_series_candidate,時序工具候選,WRA 座標或後設 資料。研究統計優先使用 qc 品管版本。不可列為 document_rag_candidate。歷史資料僅可回答歷史描述，不可提供當日下水安全判定。,確認時區（疑似 UTC+8）；確認授權（WRA）；確認 qc 與 realtime 時間範圍
歷史品管、即時海氣象水文觀測資料\WRA\臺東資料浮標\qc\2023.csv,歷史品管與即時海氣象水文觀測資料（WRA）,.csv,5737420,2026-09-17T18:54:05+08:00,CSV,utf-8-sig,測站編號; 時間; 陣風_風速; 風速; 風向; 氣壓; 氣溫; 海面溫度; 示性波高; 平均週期; 波向; 波浪尖峰週期; 流速; 分層流速{深度:流速}; 流向,中心經度; 中心緯度,,時間,2023–2023,59889,WRA,需確認各提供者授權條件,高（涉及安全決策風險）,live_or_time_series_candidate,時序工具候選,WRA qc（品管歷史） 資料。研究統計優先使用 qc 品管版本。不可列為 document_rag_candidate。歷史資料僅可回答歷史描述，不可提供當日下水安全判定。,確認時區（疑似 UTC+8）；確認授權（WRA）；確認 qc 與 realtime 時間範圍
歷史品管、即時海氣象水文觀測資料\WRA\臺東資料浮標\qc\2024.csv,歷史品管與即時海氣象水文觀測資料（WRA）,.csv,2087286,2026-09-17T18:54:05+08:00,CSV,utf-8-sig,測站編號; 時間; 陣風_風速; 風速; 風向; 氣壓; 氣溫; 海面溫度; 示性波高; 平均週期; 波向; 波浪尖峰週期; 流速; 分層流速{深度:流速}; 流向,中心經度; 中心緯度,,時間,2024–2024,21452,WRA,需確認各提供者授權條件,高（涉及安全決策風險）,live_or_time_series_candidate,時序工具候選,WRA qc（品管歷史） 資料。研究統計優先使用 qc 品管版本。不可列為 document_rag_candidate。歷史資料僅可回答歷史描述，不可提供當日下水安全判定。,確認時區（疑似 UTC+8）；確認授權（WRA）；確認 qc 與 realtime 時間範圍
歷史品管、即時海氣象水文觀測資料\WRA\臺東資料浮標\realtime\2023.csv,歷史品管與即時海氣象水文觀測資料（WRA）,.csv,748114,2026-09-17T18:54:05+08:00,CSV,utf-8-sig,測站編號; 時間; 陣風_風速; 風速; 風向; 氣壓; 氣溫; 海面溫度; 示性波高; 平均週期; 波向; 波浪尖峰週期; 流速; 分層流速{深度:流速}; 流向,中心經度; 中心緯度,,時間,2023–2023,7037,WRA,需確認各提供者授權條件,高（涉及安全決策風險）,live_or_time_series_candidate,時序工具候選,WRA realtime（即時） 資料。研究統計優先使用 qc 品管版本。不可列為 document_rag_candidate。歷史資料僅可回答歷史描述，不可提供當日下水安全判定。,確認時區（疑似 UTC+8）；確認授權（WRA）；確認 qc 與 realtime 時間範圍
歷史品管、即時海氣象水文觀測資料\WRA\臺東資料浮標\realtime\2024.csv,歷史品管與即時海氣象水文觀測資料（WRA）,.csv,744254,2026-09-17T18:54:05+08:00,CSV,utf-8-sig,測站編號; 時間; 陣風_風速; 風速; 風向; 氣壓; 氣溫; 海面溫度; 示性波高; 平均週期; 波向; 波浪尖峰週期; 流速; 分層流速{深度:流速}; 流向,中心經度; 中心緯度,,時間,2024–2024,6955,WRA,需確認各提供者授權條件,高（涉及安全決策風險）,live_or_time_series_candidate,時序工具候選,WRA realtime（即時） 資料。研究統計優先使用 qc 品管版本。不可列為 document_rag_candidate。歷史資料僅可回答歷史描述，不可提供當日下水安全判定。,確認時區（疑似 UTC+8）；確認授權（WRA）；確認 qc 與 realtime 時間範圍
歷史品管、即時海氣象水文觀測資料\WRA\臺東資料浮標\realtime\2025.csv,歷史品管與即時海氣象水文觀測資料（WRA）,.csv,741199,2026-09-17T18:54:05+08:00,CSV,utf-8-sig,測站編號; 時間; 陣風_風速; 風速; 風向; 氣壓; 氣溫; 海面溫度; 示性波高; 平均週期; 波向; 波浪尖峰週期; 流速; 分層流速{深度:流速}; 流向,中心經度; 中心緯度,,時間,2025–2025,6920,WRA,需確認各提供者授權條件,高（涉及安全決策風險）,live_or_time_series_candidate,時序工具候選,WRA realtime（即時） 資料。研究統計優先使用 qc 品管版本。不可列為 document_rag_candidate。歷史資料僅可回答歷史描述，不可提供當日下水安全判定。,確認時區（疑似 UTC+8）；確認授權（WRA）；確認 qc 與 realtime 時間範圍
歷史品管、即時海氣象水文觀測資料\WRA\蘇澳資料浮標\LonLat.csv,歷史品管與即時海氣象水文觀測資料（WRA）,.csv,48,2026-09-17T18:54:05+08:00,CSV,utf-8-sig,CenterLongitude; CenterLatitude,CenterLongitude; CenterLatitude,,,,2,WRA,需確認各提供者授權條件,高（涉及安全決策風險）,live_or_time_series_candidate,時序工具候選,WRA 座標或後設 資料。研究統計優先使用 qc 品管版本。不可列為 document_rag_candidate。歷史資料僅可回答歷史描述，不可提供當日下水安全判定。,確認時區（疑似 UTC+8）；確認授權（WRA）；確認 qc 與 realtime 時間範圍
歷史品管、即時海氣象水文觀測資料\WRA\蘇澳資料浮標\qc\2023.csv,歷史品管與即時海氣象水文觀測資料（WRA）,.csv,5782971,2026-09-17T18:54:05+08:00,CSV,utf-8-sig,測站編號; 時間; 陣風_風速; 風速; 風向; 氣壓; 氣溫; 海面溫度; 示性波高; 平均週期; 波向; 波浪尖峰週期; 流速; 分層流速{深度:流速}; 流向,中心經度; 中心緯度,,時間,2023–2023,59989,WRA,需確認各提供者授權條件,高（涉及安全決策風險）,live_or_time_series_candidate,時序工具候選,WRA qc（品管歷史） 資料。研究統計優先使用 qc 品管版本。不可列為 document_rag_candidate。歷史資料僅可回答歷史描述，不可提供當日下水安全判定。,確認時區（疑似 UTC+8）；確認授權（WRA）；確認 qc 與 realtime 時間範圍
歷史品管、即時海氣象水文觀測資料\WRA\蘇澳資料浮標\qc\2024.csv,歷史品管與即時海氣象水文觀測資料（WRA）,.csv,1977715,2026-09-17T18:54:05+08:00,CSV,utf-8-sig,測站編號; 時間; 陣風_風速; 風速; 風向; 氣壓; 氣溫; 海面溫度; 示性波高; 平均週期; 波向; 波浪尖峰週期; 流速; 分層流速{深度:流速}; 流向,中心經度; 中心緯度,,時間,2024–2024,20367,WRA,需確認各提供者授權條件,高（涉及安全決策風險）,live_or_time_series_candidate,時序工具候選,WRA qc（品管歷史） 資料。研究統計優先使用 qc 品管版本。不可列為 document_rag_candidate。歷史資料僅可回答歷史描述，不可提供當日下水安全判定。,確認時區（疑似 UTC+8）；確認授權（WRA）；確認 qc 與 realtime 時間範圍
歷史品管、即時海氣象水文觀測資料\WRA\蘇澳資料浮標\realtime\2023.csv,歷史品管與即時海氣象水文觀測資料（WRA）,.csv,750408,2026-09-17T18:54:05+08:00,CSV,utf-8-sig,測站編號; 時間; 陣風_風速; 風速; 風向; 氣壓; 氣溫; 海面溫度; 示性波高; 平均週期; 波向; 波浪尖峰週期; 流速; 分層流速{深度:流速}; 流向,中心經度; 中心緯度,,時間,2023–2023,7039,WRA,需確認各提供者授權條件,高（涉及安全決策風險）,live_or_time_series_candidate,時序工具候選,WRA realtime（即時） 資料。研究統計優先使用 qc 品管版本。不可列為 document_rag_candidate。歷史資料僅可回答歷史描述，不可提供當日下水安全判定。,確認時區（疑似 UTC+8）；確認授權（WRA）；確認 qc 與 realtime 時間範圍
歷史品管、即時海氣象水文觀測資料\WRA\蘇澳資料浮標\realtime\2024.csv,歷史品管與即時海氣象水文觀測資料（WRA）,.csv,747106,2026-09-17T18:54:05+08:00,CSV,utf-8-sig,測站編號; 時間; 陣風_風速; 風速; 風向; 氣壓; 氣溫; 海面溫度; 示性波高; 平均週期; 波向; 波浪尖峰週期; 流速; 分層流速{深度:流速}; 流向,中心經度; 中心緯度,,時間,2024–2024,7034,WRA,需確認各提供者授權條件,高（涉及安全決策風險）,live_or_time_series_candidate,時序工具候選,WRA realtime（即時） 資料。研究統計優先使用 qc 品管版本。不可列為 document_rag_candidate。歷史資料僅可回答歷史描述，不可提供當日下水安全判定。,確認時區（疑似 UTC+8）；確認授權（WRA）；確認 qc 與 realtime 時間範圍
歷史品管、即時海氣象水文觀測資料\WRA\蘇澳資料浮標\realtime\2025.csv,歷史品管與即時海氣象水文觀測資料（WRA）,.csv,769515,2026-09-17T18:54:05+08:00,CSV,utf-8-sig,測站編號; 時間; 陣風_風速; 風速; 風向; 氣壓; 氣溫; 海面溫度; 示性波高; 平均週期; 波向; 波浪尖峰週期; 流速; 分層流速{深度:流速}; 流向,中心經度; 中心緯度,,時間,2025–2025,7211,WRA,需確認各提供者授權條件,高（涉及安全決策風險）,live_or_time_series_candidate,時序工具候選,WRA realtime（即時） 資料。研究統計優先使用 qc 品管版本。不可列為 document_rag_candidate。歷史資料僅可回答歷史描述，不可提供當日下水安全判定。,確認時區（疑似 UTC+8）；確認授權（WRA）；確認 qc 與 realtime 時間範圍
歷史品管、即時海氣象水文觀測資料\WRA\蟳廣嘴潮位站\LonLat.csv,歷史品管與即時海氣象水文觀測資料（WRA）,.csv,48,2026-09-17T18:54:05+08:00,CSV,utf-8-sig,CenterLongitude; CenterLatitude,CenterLongitude; CenterLatitude,,,,2,WRA,需確認各提供者授權條件,高（涉及安全決策風險）,live_or_time_series_candidate,時序工具候選,WRA 座標或後設 資料。研究統計優先使用 qc 品管版本。不可列為 document_rag_candidate。歷史資料僅可回答歷史描述，不可提供當日下水安全判定。,確認時區（疑似 UTC+8）；確認授權（WRA）；確認 qc 與 realtime 時間範圍
歷史品管、即時海氣象水文觀測資料\WRA\蟳廣嘴潮位站\qc\2023.csv,歷史品管與即時海氣象水文觀測資料（WRA）,.csv,5315207,2026-09-17T18:54:05+08:00,CSV,utf-8-sig,測站編號; 時間; 陣風_風速; 風速; 風向; 氣壓; 氣溫; 海面溫度; 示性波高; 平均週期; 波向; 波浪尖峰週期; 流速; 分層流速{深度:流速}; 流向,中心經度; 中心緯度,,時間,2023–2023,57962,WRA,需確認各提供者授權條件,高（涉及安全決策風險）,live_or_time_series_candidate,時序工具候選,WRA qc（品管歷史） 資料。研究統計優先使用 qc 品管版本。不可列為 document_rag_candidate。歷史資料僅可回答歷史描述，不可提供當日下水安全判定。,確認時區（疑似 UTC+8）；確認授權（WRA）；確認 qc 與 realtime 時間範圍
歷史品管、即時海氣象水文觀測資料\WRA\蟳廣嘴潮位站\qc\2024.csv,歷史品管與即時海氣象水文觀測資料（WRA）,.csv,1885584,2026-09-17T18:54:05+08:00,CSV,utf-8-sig,測站編號; 時間; 陣風_風速; 風速; 風向; 氣壓; 氣溫; 海面溫度; 示性波高; 平均週期; 波向; 波浪尖峰週期; 流速; 分層流速{深度:流速}; 流向,中心經度; 中心緯度,,時間,2024–2024,20789,WRA,需確認各提供者授權條件,高（涉及安全決策風險）,live_or_time_series_candidate,時序工具候選,WRA qc（品管歷史） 資料。研究統計優先使用 qc 品管版本。不可列為 document_rag_candidate。歷史資料僅可回答歷史描述，不可提供當日下水安全判定。,確認時區（疑似 UTC+8）；確認授權（WRA）；確認 qc 與 realtime 時間範圍
歷史品管、即時海氣象水文觀測資料\WRA\蟳廣嘴潮位站\realtime\2023.csv,歷史品管與即時海氣象水文觀測資料（WRA）,.csv,543404,2026-09-17T18:54:05+08:00,CSV,utf-8-sig,測站編號; 時間; 陣風_風速; 風速; 風向; 氣壓; 氣溫; 海面溫度; 示性波高; 平均週期; 波向; 波浪尖峰週期; 流速; 分層流速{深度:流速}; 流向,中心經度; 中心緯度,,時間,2023–2023,6037,WRA,需確認各提供者授權條件,高（涉及安全決策風險）,live_or_time_series_candidate,時序工具候選,WRA realtime（即時） 資料。研究統計優先使用 qc 品管版本。不可列為 document_rag_candidate。歷史資料僅可回答歷史描述，不可提供當日下水安全判定。,確認時區（疑似 UTC+8）；確認授權（WRA）；確認 qc 與 realtime 時間範圍
歷史品管、即時海氣象水文觀測資料\WRA\蟳廣嘴潮位站\realtime\2024.csv,歷史品管與即時海氣象水文觀測資料（WRA）,.csv,545093,2026-09-17T18:54:05+08:00,CSV,utf-8-sig,測站編號; 時間; 陣風_風速; 風速; 風向; 氣壓; 氣溫; 海面溫度; 示性波高; 平均週期; 波向; 波浪尖峰週期; 流速; 分層流速{深度:流速}; 流向,中心經度; 中心緯度,,時間,2024–2024,6036,WRA,需確認各提供者授權條件,高（涉及安全決策風險）,live_or_time_series_candidate,時序工具候選,WRA realtime（即時） 資料。研究統計優先使用 qc 品管版本。不可列為 document_rag_candidate。歷史資料僅可回答歷史描述，不可提供當日下水安全判定。,確認時區（疑似 UTC+8）；確認授權（WRA）；確認 qc 與 realtime 時間範圍
歷史品管、即時海氣象水文觀測資料\WRA\蟳廣嘴潮位站\realtime\2025.csv,歷史品管與即時海氣象水文觀測資料（WRA）,.csv,539753,2026-09-17T18:54:05+08:00,CSV,utf-8-sig,測站編號; 時間; 陣風_風速; 風速; 風向; 氣壓; 氣溫; 海面溫度; 示性波高; 平均週期; 波向; 波浪尖峰週期; 流速; 分層流速{深度:流速}; 流向,中心經度; 中心緯度,,時間,2025–2025,5957,WRA,需確認各提供者授權條件,高（涉及安全決策風險）,live_or_time_series_candidate,時序工具候選,WRA realtime（即時） 資料。研究統計優先使用 qc 品管版本。不可列為 document_rag_candidate。歷史資料僅可回答歷史描述，不可提供當日下水安全判定。,確認時區（疑似 UTC+8）；確認授權（WRA）；確認 qc 與 realtime 時間範圍
歷史品管、即時海氣象水文觀測資料\WRA\金門資料浮標\LonLat.csv,歷史品管與即時海氣象水文觀測資料（WRA）,.csv,48,2026-09-17T18:54:06+08:00,CSV,utf-8-sig,CenterLongitude; CenterLatitude,CenterLongitude; CenterLatitude,,,,2,WRA,需確認各提供者授權條件,高（涉及安全決策風險）,live_or_time_series_candidate,時序工具候選,WRA 座標或後設 資料。研究統計優先使用 qc 品管版本。不可列為 document_rag_candidate。歷史資料僅可回答歷史描述，不可提供當日下水安全判定。,確認時區（疑似 UTC+8）；確認授權（WRA）；確認 qc 與 realtime 時間範圍
歷史品管、即時海氣象水文觀測資料\WRA\金門資料浮標\qc\2023.csv,歷史品管與即時海氣象水文觀測資料（WRA）,.csv,5779382,2026-09-17T18:54:06+08:00,CSV,utf-8-sig,測站編號; 時間; 陣風_風速; 風速; 風向; 氣壓; 氣溫; 海面溫度; 示性波高; 平均週期; 波向; 波浪尖峰週期; 流速; 分層流速{深度:流速}; 流向,中心經度; 中心緯度,,時間,2023–2023,60390,WRA,需確認各提供者授權條件,高（涉及安全決策風險）,live_or_time_series_candidate,時序工具候選,WRA qc（品管歷史） 資料。研究統計優先使用 qc 品管版本。不可列為 document_rag_candidate。歷史資料僅可回答歷史描述，不可提供當日下水安全判定。,確認時區（疑似 UTC+8）；確認授權（WRA）；確認 qc 與 realtime 時間範圍
歷史品管、即時海氣象水文觀測資料\WRA\金門資料浮標\qc\2024.csv,歷史品管與即時海氣象水文觀測資料（WRA）,.csv,2026611,2026-09-17T18:54:06+08:00,CSV,utf-8-sig,測站編號; 時間; 陣風_風速; 風速; 風向; 氣壓; 氣溫; 海面溫度; 示性波高; 平均週期; 波向; 波浪尖峰週期; 流速; 分層流速{深度:流速}; 流向,中心經度; 中心緯度,,時間,2024–2024,20871,WRA,需確認各提供者授權條件,高（涉及安全決策風險）,live_or_time_series_candidate,時序工具候選,WRA qc（品管歷史） 資料。研究統計優先使用 qc 品管版本。不可列為 document_rag_candidate。歷史資料僅可回答歷史描述，不可提供當日下水安全判定。,確認時區（疑似 UTC+8）；確認授權（WRA）；確認 qc 與 realtime 時間範圍
歷史品管、即時海氣象水文觀測資料\WRA\金門資料浮標\realtime\2023.csv,歷史品管與即時海氣象水文觀測資料（WRA）,.csv,747131,2026-09-17T18:54:06+08:00,CSV,utf-8-sig,測站編號; 時間; 陣風_風速; 風速; 風向; 氣壓; 氣溫; 海面溫度; 示性波高; 平均週期; 波向; 波浪尖峰週期; 流速; 分層流速{深度:流速}; 流向,中心經度; 中心緯度,,時間,2023–2023,7068,WRA,需確認各提供者授權條件,高（涉及安全決策風險）,live_or_time_series_candidate,時序工具候選,WRA realtime（即時） 資料。研究統計優先使用 qc 品管版本。不可列為 document_rag_candidate。歷史資料僅可回答歷史描述，不可提供當日下水安全判定。,確認時區（疑似 UTC+8）；確認授權（WRA）；確認 qc 與 realtime 時間範圍
歷史品管、即時海氣象水文觀測資料\WRA\金門資料浮標\realtime\2024.csv,歷史品管與即時海氣象水文觀測資料（WRA）,.csv,747724,2026-09-17T18:54:06+08:00,CSV,utf-8-sig,測站編號; 時間; 陣風_風速; 風速; 風向; 氣壓; 氣溫; 海面溫度; 示性波高; 平均週期; 波向; 波浪尖峰週期; 流速; 分層流速{深度:流速}; 流向,中心經度; 中心緯度,,時間,2024–2024,7007,WRA,需確認各提供者授權條件,高（涉及安全決策風險）,live_or_time_series_candidate,時序工具候選,WRA realtime（即時） 資料。研究統計優先使用 qc 品管版本。不可列為 document_rag_candidate。歷史資料僅可回答歷史描述，不可提供當日下水安全判定。,確認時區（疑似 UTC+8）；確認授權（WRA）；確認 qc 與 realtime 時間範圍
歷史品管、即時海氣象水文觀測資料\WRA\金門資料浮標\realtime\2025.csv,歷史品管與即時海氣象水文觀測資料（WRA）,.csv,739277,2026-09-17T18:54:06+08:00,CSV,utf-8-sig,測站編號; 時間; 陣風_風速; 風速; 風向; 氣壓; 氣溫; 海面溫度; 示性波高; 平均週期; 波向; 波浪尖峰週期; 流速; 分層流速{深度:流速}; 流向,中心經度; 中心緯度,,時間,2025–2025,6922,WRA,需確認各提供者授權條件,高（涉及安全決策風險）,live_or_time_series_candidate,時序工具候選,WRA realtime（即時） 資料。研究統計優先使用 qc 品管版本。不可列為 document_rag_candidate。歷史資料僅可回答歷史描述，不可提供當日下水安全判定。,確認時區（疑似 UTC+8）；確認授權（WRA）；確認 qc 與 realtime 時間範圍
歷史品管、即時海氣象水文觀測資料\WRA\鵝鑾鼻資料浮標\LonLat.csv,歷史品管與即時海氣象水文觀測資料（WRA）,.csv,50,2026-09-17T18:54:06+08:00,CSV,utf-8-sig,CenterLongitude; CenterLatitude,CenterLongitude; CenterLatitude,,,,2,WRA,需確認各提供者授權條件,高（涉及安全決策風險）,live_or_time_series_candidate,時序工具候選,WRA 座標或後設 資料。研究統計優先使用 qc 品管版本。不可列為 document_rag_candidate。歷史資料僅可回答歷史描述，不可提供當日下水安全判定。,確認時區（疑似 UTC+8）；確認授權（WRA）；確認 qc 與 realtime 時間範圍
歷史品管、即時海氣象水文觀測資料\WRA\鵝鑾鼻資料浮標\qc\2023.csv,歷史品管與即時海氣象水文觀測資料（WRA）,.csv,5661340,2026-09-17T18:54:06+08:00,CSV,utf-8-sig,測站編號; 時間; 陣風_風速; 風速; 風向; 氣壓; 氣溫; 海面溫度; 示性波高; 平均週期; 波向; 波浪尖峰週期; 流速; 分層流速{深度:流速}; 流向,中心經度; 中心緯度,,時間,2023–2023,58666,WRA,需確認各提供者授權條件,高（涉及安全決策風險）,live_or_time_series_candidate,時序工具候選,WRA qc（品管歷史） 資料。研究統計優先使用 qc 品管版本。不可列為 document_rag_candidate。歷史資料僅可回答歷史描述，不可提供當日下水安全判定。,確認時區（疑似 UTC+8）；確認授權（WRA）；確認 qc 與 realtime 時間範圍
歷史品管、即時海氣象水文觀測資料\WRA\鵝鑾鼻資料浮標\qc\2024.csv,歷史品管與即時海氣象水文觀測資料（WRA）,.csv,1879428,2026-09-17T18:54:06+08:00,CSV,utf-8-sig,測站編號; 時間; 陣風_風速; 風速; 風向; 氣壓; 氣溫; 海面溫度; 示性波高; 平均週期; 波向; 波浪尖峰週期; 流速; 分層流速{深度:流速}; 流向,中心經度; 中心緯度,,時間,2024–2024,19315,WRA,需確認各提供者授權條件,高（涉及安全決策風險）,live_or_time_series_candidate,時序工具候選,WRA qc（品管歷史） 資料。研究統計優先使用 qc 品管版本。不可列為 document_rag_candidate。歷史資料僅可回答歷史描述，不可提供當日下水安全判定。,確認時區（疑似 UTC+8）；確認授權（WRA）；確認 qc 與 realtime 時間範圍
歷史品管、即時海氣象水文觀測資料\WRA\鵝鑾鼻資料浮標\realtime\2023.csv,歷史品管與即時海氣象水文觀測資料（WRA）,.csv,753627,2026-09-17T18:54:06+08:00,CSV,utf-8-sig,測站編號; 時間; 陣風_風速; 風速; 風向; 氣壓; 氣溫; 海面溫度; 示性波高; 平均週期; 波向; 波浪尖峰週期; 流速; 分層流速{深度:流速}; 流向,中心經度; 中心緯度,,時間,2023–2023,7063,WRA,需確認各提供者授權條件,高（涉及安全決策風險）,live_or_time_series_candidate,時序工具候選,WRA realtime（即時） 資料。研究統計優先使用 qc 品管版本。不可列為 document_rag_candidate。歷史資料僅可回答歷史描述，不可提供當日下水安全判定。,確認時區（疑似 UTC+8）；確認授權（WRA）；確認 qc 與 realtime 時間範圍
歷史品管、即時海氣象水文觀測資料\WRA\鵝鑾鼻資料浮標\realtime\2024.csv,歷史品管與即時海氣象水文觀測資料（WRA）,.csv,749830,2026-09-17T18:54:06+08:00,CSV,utf-8-sig,測站編號; 時間; 陣風_風速; 風速; 風向; 氣壓; 氣溫; 海面溫度; 示性波高; 平均週期; 波向; 波浪尖峰週期; 流速; 分層流速{深度:流速}; 流向,中心經度; 中心緯度,,時間,2024–2024,6955,WRA,需確認各提供者授權條件,高（涉及安全決策風險）,live_or_time_series_candidate,時序工具候選,WRA realtime（即時） 資料。研究統計優先使用 qc 品管版本。不可列為 document_rag_candidate。歷史資料僅可回答歷史描述，不可提供當日下水安全判定。,確認時區（疑似 UTC+8）；確認授權（WRA）；確認 qc 與 realtime 時間範圍
歷史品管、即時海氣象水文觀測資料\WRA\鵝鑾鼻資料浮標\realtime\2025.csv,歷史品管與即時海氣象水文觀測資料（WRA）,.csv,773418,2026-09-17T18:54:06+08:00,CSV,utf-8-sig,測站編號; 時間; 陣風_風速; 風速; 風向; 氣壓; 氣溫; 海面溫度; 示性波高; 平均週期; 波向; 波浪尖峰週期; 流速; 分層流速{深度:流速}; 流向,中心經度; 中心緯度,,時間,2025–2025,7154,WRA,需確認各提供者授權條件,高（涉及安全決策風險）,live_or_time_series_candidate,時序工具候選,WRA realtime（即時） 資料。研究統計優先使用 qc 品管版本。不可列為 document_rag_candidate。歷史資料僅可回答歷史描述，不可提供當日下水安全判定。,確認時區（疑似 UTC+8）；確認授權（WRA）；確認 qc 與 realtime 時間範圍
歷史品管、即時海氣象水文觀測資料\WRA\麥寮潮位站\LonLat.csv,歷史品管與即時海氣象水文觀測資料（WRA）,.csv,48,2026-09-17T18:54:06+08:00,CSV,utf-8-sig,CenterLongitude; CenterLatitude,CenterLongitude; CenterLatitude,,,,2,WRA,需確認各提供者授權條件,高（涉及安全決策風險）,live_or_time_series_candidate,時序工具候選,WRA 座標或後設 資料。研究統計優先使用 qc 品管版本。不可列為 document_rag_candidate。歷史資料僅可回答歷史描述，不可提供當日下水安全判定。,確認時區（疑似 UTC+8）；確認授權（WRA）；確認 qc 與 realtime 時間範圍
歷史品管、即時海氣象水文觀測資料\WRA\麥寮潮位站\realtime\2023.csv,歷史品管與即時海氣象水文觀測資料（WRA）,.csv,640340,2026-09-17T18:54:06+08:00,CSV,utf-8-sig,測站編號; 時間; 陣風_風速; 風速; 風向; 氣壓; 氣溫; 海面溫度; 示性波高; 平均週期; 波向; 波浪尖峰週期; 流速; 分層流速{深度:流速}; 流向,中心經度; 中心緯度,,時間,2023–2023,6527,WRA,需確認各提供者授權條件,高（涉及安全決策風險）,live_or_time_series_candidate,時序工具候選,WRA realtime（即時） 資料。研究統計優先使用 qc 品管版本。不可列為 document_rag_candidate。歷史資料僅可回答歷史描述，不可提供當日下水安全判定。,確認時區（疑似 UTC+8）；確認授權（WRA）；確認 qc 與 realtime 時間範圍
歷史品管、即時海氣象水文觀測資料\WRA\麥寮潮位站\realtime\2024.csv,歷史品管與即時海氣象水文觀測資料（WRA）,.csv,624401,2026-09-17T18:54:06+08:00,CSV,utf-8-sig,測站編號; 時間; 陣風_風速; 風速; 風向; 氣壓; 氣溫; 海面溫度; 示性波高; 平均週期; 波向; 波浪尖峰週期; 流速; 分層流速{深度:流速}; 流向,中心經度; 中心緯度,,時間,2024–2024,6332,WRA,需確認各提供者授權條件,高（涉及安全決策風險）,live_or_time_series_candidate,時序工具候選,WRA realtime（即時） 資料。研究統計優先使用 qc 品管版本。不可列為 document_rag_candidate。歷史資料僅可回答歷史描述，不可提供當日下水安全判定。,確認時區（疑似 UTC+8）；確認授權（WRA）；確認 qc 與 realtime 時間範圍
歷史品管、即時海氣象水文觀測資料\WRA\麥寮潮位站\realtime\2025.csv,歷史品管與即時海氣象水文觀測資料（WRA）,.csv,636328,2026-09-17T18:54:06+08:00,CSV,utf-8-sig,測站編號; 時間; 陣風_風速; 風速; 風向; 氣壓; 氣溫; 海面溫度; 示性波高; 平均週期; 波向; 波浪尖峰週期; 流速; 分層流速{深度:流速}; 流向,中心經度; 中心緯度,,時間,2025–2025,6473,WRA,需確認各提供者授權條件,高（涉及安全決策風險）,live_or_time_series_candidate,時序工具候選,WRA realtime（即時） 資料。研究統計優先使用 qc 品管版本。不可列為 document_rag_candidate。歷史資料僅可回答歷史描述，不可提供當日下水安全判定。,確認時區（疑似 UTC+8）；確認授權（WRA）；確認 qc 與 realtime 時間範圍
歷史品管、即時海氣象水文觀測資料\海保署\七美海域\2023_2025.csv,歷史品管與即時海氣象水文觀測資料（海保署）,.csv,1739,2026-09-17T18:54:06+08:00,CSV,utf-8-sig,測站編號; 時間; 氣溫; 鹽度; 水溫; 酸鹼值; 懸浮固體; 溶氧(電極法); 溶氧飽和度; 葉綠素a; 氨氮; 硝酸鹽氮; 正磷酸鹽; 亞硝酸鹽氮; 矽酸鹽,,,時間,2023–2025,15,海保署,需確認各提供者授權條件,高（涉及安全決策風險）,live_or_time_series_candidate,時序工具候選,海保署 座標或後設 資料。研究統計優先使用 qc 品管版本。不可列為 document_rag_candidate。歷史資料僅可回答歷史描述，不可提供當日下水安全判定。,確認時區（疑似 UTC+8）；確認授權（海保署）；確認 qc 與 realtime 時間範圍
歷史品管、即時海氣象水文觀測資料\海保署\七美海域\LonLat.csv,歷史品管與即時海氣象水文觀測資料（海保署）,.csv,52,2026-09-17T18:54:06+08:00,CSV,utf-8-sig,CenterLongitude; CenterLatitude,CenterLongitude; CenterLatitude,,,,2,海保署,需確認各提供者授權條件,高（涉及安全決策風險）,live_or_time_series_candidate,時序工具候選,海保署 座標或後設 資料。研究統計優先使用 qc 品管版本。不可列為 document_rag_candidate。歷史資料僅可回答歷史描述，不可提供當日下水安全判定。,確認時區（疑似 UTC+8）；確認授權（海保署）；確認 qc 與 realtime 時間範圍
歷史品管、即時海氣象水文觀測資料\海保署\三條崙外海\2023_2025.csv,歷史品管與即時海氣象水文觀測資料（海保署）,.csv,1925,2026-09-17T18:54:06+08:00,CSV,utf-8-sig,測站編號; 時間; 氣溫; 鹽度; 水溫; 酸鹼值; 懸浮固體; 溶氧(電極法); 溶氧飽和度; 葉綠素a; 氨氮; 硝酸鹽氮; 正磷酸鹽; 亞硝酸鹽氮; 矽酸鹽,,,時間,2023–2025,15,海保署,需確認各提供者授權條件,高（涉及安全決策風險）,live_or_time_series_candidate,時序工具候選,海保署 座標或後設 資料。研究統計優先使用 qc 品管版本。不可列為 document_rag_candidate。歷史資料僅可回答歷史描述，不可提供當日下水安全判定。,確認時區（疑似 UTC+8）；確認授權（海保署）；確認 qc 與 realtime 時間範圍
歷史品管、即時海氣象水文觀測資料\海保署\三條崙外海\LonLat.csv,歷史品管與即時海氣象水文觀測資料（海保署）,.csv,52,2026-09-17T18:54:06+08:00,CSV,utf-8-sig,CenterLongitude; CenterLatitude,CenterLongitude; CenterLatitude,,,,2,海保署,需確認各提供者授權條件,高（涉及安全決策風險）,live_or_time_series_candidate,時序工具候選,海保署 座標或後設 資料。研究統計優先使用 qc 品管版本。不可列為 document_rag_candidate。歷史資料僅可回答歷史描述，不可提供當日下水安全判定。,確認時區（疑似 UTC+8）；確認授權（海保署）；確認 qc 與 realtime 時間範圍
歷史品管、即時海氣象水文觀測資料\海保署\中港溪口一\2023_2025.csv,歷史品管與即時海氣象水文觀測資料（海保署）,.csv,1727,2026-09-17T18:54:06+08:00,CSV,utf-8-sig,測站編號; 時間; 氣溫; 鹽度; 水溫; 酸鹼值; 懸浮固體; 溶氧(電極法); 溶氧飽和度; 葉綠素a; 氨氮; 硝酸鹽氮; 正磷酸鹽; 亞硝酸鹽氮; 矽酸鹽,,,時間,2023–2025,15,海保署,需確認各提供者授權條件,高（涉及安全決策風險）,live_or_time_series_candidate,時序工具候選,海保署 座標或後設 資料。研究統計優先使用 qc 品管版本。不可列為 document_rag_candidate。歷史資料僅可回答歷史描述，不可提供當日下水安全判定。,確認時區（疑似 UTC+8）；確認授權（海保署）；確認 qc 與 realtime 時間範圍
歷史品管、即時海氣象水文觀測資料\海保署\中港溪口一\LonLat.csv,歷史品管與即時海氣象水文觀測資料（海保署）,.csv,51,2026-09-17T18:54:06+08:00,CSV,utf-8-sig,CenterLongitude; CenterLatitude,CenterLongitude; CenterLatitude,,,,2,海保署,需確認各提供者授權條件,高（涉及安全決策風險）,live_or_time_series_candidate,時序工具候選,海保署 座標或後設 資料。研究統計優先使用 qc 品管版本。不可列為 document_rag_candidate。歷史資料僅可回答歷史描述，不可提供當日下水安全判定。,確認時區（疑似 UTC+8）；確認授權（海保署）；確認 qc 與 realtime 時間範圍
歷史品管、即時海氣象水文觀測資料\海保署\中港溪口二\2023_2025.csv,歷史品管與即時海氣象水文觀測資料（海保署）,.csv,1725,2026-09-17T18:54:06+08:00,CSV,utf-8-sig,測站編號; 時間; 氣溫; 鹽度; 水溫; 酸鹼值; 懸浮固體; 溶氧(電極法); 溶氧飽和度; 葉綠素a; 氨氮; 硝酸鹽氮; 正磷酸鹽; 亞硝酸鹽氮; 矽酸鹽,,,時間,2023–2025,15,海保署,需確認各提供者授權條件,高（涉及安全決策風險）,live_or_time_series_candidate,時序工具候選,海保署 座標或後設 資料。研究統計優先使用 qc 品管版本。不可列為 document_rag_candidate。歷史資料僅可回答歷史描述，不可提供當日下水安全判定。,確認時區（疑似 UTC+8）；確認授權（海保署）；確認 qc 與 realtime 時間範圍
歷史品管、即時海氣象水文觀測資料\海保署\中港溪口二\LonLat.csv,歷史品管與即時海氣象水文觀測資料（海保署）,.csv,51,2026-09-17T18:54:06+08:00,CSV,utf-8-sig,CenterLongitude; CenterLatitude,CenterLongitude; CenterLatitude,,,,2,海保署,需確認各提供者授權條件,高（涉及安全決策風險）,live_or_time_series_candidate,時序工具候選,海保署 座標或後設 資料。研究統計優先使用 qc 品管版本。不可列為 document_rag_candidate。歷史資料僅可回答歷史描述，不可提供當日下水安全判定。,確認時區（疑似 UTC+8）；確認授權（海保署）；確認 qc 與 realtime 時間範圍
歷史品管、即時海氣象水文觀測資料\海保署\中澳沙灘突處延伸200m處海域\2023_2025.csv,歷史品管與即時海氣象水文觀測資料（海保署）,.csv,738,2026-09-17T18:54:06+08:00,CSV,utf-8-sig,測站編號; 時間; 氣溫; 鹽度; 水溫; 酸鹼值; 懸浮固體; 溶氧(電極法); 溶氧飽和度; 葉綠素a; 氨氮; 硝酸鹽氮; 正磷酸鹽; 亞硝酸鹽氮; 矽酸鹽,,,時間,2023–2025,5,海保署,需確認各提供者授權條件,高（涉及安全決策風險）,live_or_time_series_candidate,時序工具候選,海保署 座標或後設 資料。研究統計優先使用 qc 品管版本。不可列為 document_rag_candidate。歷史資料僅可回答歷史描述，不可提供當日下水安全判定。,確認時區（疑似 UTC+8）；確認授權（海保署）；確認 qc 與 realtime 時間範圍
歷史品管、即時海氣象水文觀測資料\海保署\中澳沙灘突處延伸200m處海域\LonLat.csv,歷史品管與即時海氣象水文觀測資料（海保署）,.csv,46,2026-09-17T18:54:06+08:00,CSV,utf-8-sig,CenterLongitude; CenterLatitude,CenterLongitude; CenterLatitude,,,,2,海保署,需確認各提供者授權條件,高（涉及安全決策風險）,live_or_time_series_candidate,時序工具候選,海保署 座標或後設 資料。研究統計優先使用 qc 品管版本。不可列為 document_rag_candidate。歷史資料僅可回答歷史描述，不可提供當日下水安全判定。,確認時區（疑似 UTC+8）；確認授權（海保署）；確認 qc 與 realtime 時間範圍
歷史品管、即時海氣象水文觀測資料\海保署\中芸港外\2023_2025.csv,歷史品管與即時海氣象水文觀測資料（海保署）,.csv,1738,2026-09-17T18:54:06+08:00,CSV,utf-8-sig,測站編號; 時間; 氣溫; 鹽度; 水溫; 酸鹼值; 懸浮固體; 溶氧(電極法); 溶氧飽和度; 葉綠素a; 氨氮; 硝酸鹽氮; 正磷酸鹽; 亞硝酸鹽氮; 矽酸鹽,,,時間,2023–2025,15,海保署,需確認各提供者授權條件,高（涉及安全決策風險）,live_or_time_series_candidate,時序工具候選,海保署 座標或後設 資料。研究統計優先使用 qc 品管版本。不可列為 document_rag_candidate。歷史資料僅可回答歷史描述，不可提供當日下水安全判定。,確認時區（疑似 UTC+8）；確認授權（海保署）；確認 qc 與 realtime 時間範圍
歷史品管、即時海氣象水文觀測資料\海保署\中芸港外\LonLat.csv,歷史品管與即時海氣象水文觀測資料（海保署）,.csv,51,2026-09-17T18:54:06+08:00,CSV,utf-8-sig,CenterLongitude; CenterLatitude,CenterLongitude; CenterLatitude,,,,2,海保署,需確認各提供者授權條件,高（涉及安全決策風險）,live_or_time_series_candidate,時序工具候選,海保署 座標或後設 資料。研究統計優先使用 qc 品管版本。不可列為 document_rag_candidate。歷史資料僅可回答歷史描述，不可提供當日下水安全判定。,確認時區（疑似 UTC+8）；確認授權（海保署）；確認 qc 與 realtime 時間範圍
歷史品管、即時海氣象水文觀測資料\海保署\二仁溪口\2023_2025.csv,歷史品管與即時海氣象水文觀測資料（海保署）,.csv,1768,2026-09-17T18:54:06+08:00,CSV,utf-8-sig,測站編號; 時間; 氣溫; 鹽度; 水溫; 酸鹼值; 懸浮固體; 溶氧(電極法); 溶氧飽和度; 葉綠素a; 氨氮; 硝酸鹽氮; 正磷酸鹽; 亞硝酸鹽氮; 矽酸鹽,,,時間,2023–2025,15,海保署,需確認各提供者授權條件,高（涉及安全決策風險）,live_or_time_series_candidate,時序工具候選,海保署 座標或後設 資料。研究統計優先使用 qc 品管版本。不可列為 document_rag_candidate。歷史資料僅可回答歷史描述，不可提供當日下水安全判定。,確認時區（疑似 UTC+8）；確認授權（海保署）；確認 qc 與 realtime 時間範圍
歷史品管、即時海氣象水文觀測資料\海保署\二仁溪口\LonLat.csv,歷史品管與即時海氣象水文觀測資料（海保署）,.csv,52,2026-09-17T18:54:06+08:00,CSV,utf-8-sig,CenterLongitude; CenterLatitude,CenterLongitude; CenterLatitude,,,,2,海保署,需確認各提供者授權條件,高（涉及安全決策風險）,live_or_time_series_candidate,時序工具候選,海保署 座標或後設 資料。研究統計優先使用 qc 品管版本。不可列為 document_rag_candidate。歷史資料僅可回答歷史描述，不可提供當日下水安全判定。,確認時區（疑似 UTC+8）；確認授權（海保署）；確認 qc 與 realtime 時間範圍
歷史品管、即時海氣象水文觀測資料\海保署\二仁溪口北側\2023_2025.csv,歷史品管與即時海氣象水文觀測資料（海保署）,.csv,1747,2026-09-17T18:54:06+08:00,CSV,utf-8-sig,測站編號; 時間; 氣溫; 鹽度; 水溫; 酸鹼值; 懸浮固體; 溶氧(電極法); 溶氧飽和度; 葉綠素a; 氨氮; 硝酸鹽氮; 正磷酸鹽; 亞硝酸鹽氮; 矽酸鹽,,,時間,2023–2025,15,海保署,需確認各提供者授權條件,高（涉及安全決策風險）,live_or_time_series_candidate,時序工具候選,海保署 座標或後設 資料。研究統計優先使用 qc 品管版本。不可列為 document_rag_candidate。歷史資料僅可回答歷史描述，不可提供當日下水安全判定。,確認時區（疑似 UTC+8）；確認授權（海保署）；確認 qc 與 realtime 時間範圍
歷史品管、即時海氣象水文觀測資料\海保署\二仁溪口北側\LonLat.csv,歷史品管與即時海氣象水文觀測資料（海保署）,.csv,52,2026-09-17T18:54:06+08:00,CSV,utf-8-sig,CenterLongitude; CenterLatitude,CenterLongitude; CenterLatitude,,,,2,海保署,需確認各提供者授權條件,高（涉及安全決策風險）,live_or_time_series_candidate,時序工具候選,海保署 座標或後設 資料。研究統計優先使用 qc 品管版本。不可列為 document_rag_candidate。歷史資料僅可回答歷史描述，不可提供當日下水安全判定。,確認時區（疑似 UTC+8）；確認授權（海保署）；確認 qc 與 realtime 時間範圍
歷史品管、即時海氣象水文觀測資料\海保署\二仁溪口南側\2023_2025.csv,歷史品管與即時海氣象水文觀測資料（海保署）,.csv,1719,2026-09-17T18:54:06+08:00,CSV,utf-8-sig,測站編號; 時間; 氣溫; 鹽度; 水溫; 酸鹼值; 懸浮固體; 溶氧(電極法); 溶氧飽和度; 葉綠素a; 氨氮; 硝酸鹽氮; 正磷酸鹽; 亞硝酸鹽氮; 矽酸鹽,,,時間,2023–2025,15,海保署,需確認各提供者授權條件,高（涉及安全決策風險）,live_or_time_series_candidate,時序工具候選,海保署 座標或後設 資料。研究統計優先使用 qc 品管版本。不可列為 document_rag_candidate。歷史資料僅可回答歷史描述，不可提供當日下水安全判定。,確認時區（疑似 UTC+8）；確認授權（海保署）；確認 qc 與 realtime 時間範圍
歷史品管、即時海氣象水文觀測資料\海保署\二仁溪口南側\LonLat.csv,歷史品管與即時海氣象水文觀測資料（海保署）,.csv,52,2026-09-17T18:54:06+08:00,CSV,utf-8-sig,CenterLongitude; CenterLatitude,CenterLongitude; CenterLatitude,,,,2,海保署,需確認各提供者授權條件,高（涉及安全決策風險）,live_or_time_series_candidate,時序工具候選,海保署 座標或後設 資料。研究統計優先使用 qc 品管版本。不可列為 document_rag_candidate。歷史資料僅可回答歷史描述，不可提供當日下水安全判定。,確認時區（疑似 UTC+8）；確認授權（海保署）；確認 qc 與 realtime 時間範圍
歷史品管、即時海氣象水文觀測資料\海保署\二仁溪口外4海浬\2023_2025.csv,歷史品管與即時海氣象水文觀測資料（海保署）,.csv,1897,2026-09-17T18:54:06+08:00,CSV,utf-8-sig,測站編號; 時間; 氣溫; 鹽度; 水溫; 酸鹼值; 懸浮固體; 溶氧(電極法); 溶氧飽和度; 葉綠素a; 氨氮; 硝酸鹽氮; 正磷酸鹽; 亞硝酸鹽氮; 矽酸鹽,,,時間,2023–2025,15,海保署,需確認各提供者授權條件,高（涉及安全決策風險）,live_or_time_series_candidate,時序工具候選,海保署 座標或後設 資料。研究統計優先使用 qc 品管版本。不可列為 document_rag_candidate。歷史資料僅可回答歷史描述，不可提供當日下水安全判定。,確認時區（疑似 UTC+8）；確認授權（海保署）；確認 qc 與 realtime 時間範圍
歷史品管、即時海氣象水文觀測資料\海保署\二仁溪口外4海浬\LonLat.csv,歷史品管與即時海氣象水文觀測資料（海保署）,.csv,52,2026-09-17T18:54:06+08:00,CSV,utf-8-sig,CenterLongitude; CenterLatitude,CenterLongitude; CenterLatitude,,,,2,海保署,需確認各提供者授權條件,高（涉及安全決策風險）,live_or_time_series_candidate,時序工具候選,海保署 座標或後設 資料。研究統計優先使用 qc 品管版本。不可列為 document_rag_candidate。歷史資料僅可回答歷史描述，不可提供當日下水安全判定。,確認時區（疑似 UTC+8）；確認授權（海保署）；確認 qc 與 realtime 時間範圍
歷史品管、即時海氣象水文觀測資料\海保署\二仁溪口外側\2023_2025.csv,歷史品管與即時海氣象水文觀測資料（海保署）,.csv,1730,2026-09-17T18:54:06+08:00,CSV,utf-8-sig,測站編號; 時間; 氣溫; 鹽度; 水溫; 酸鹼值; 懸浮固體; 溶氧(電極法); 溶氧飽和度; 葉綠素a; 氨氮; 硝酸鹽氮; 正磷酸鹽; 亞硝酸鹽氮; 矽酸鹽,,,時間,2023–2025,15,海保署,需確認各提供者授權條件,高（涉及安全決策風險）,live_or_time_series_candidate,時序工具候選,海保署 座標或後設 資料。研究統計優先使用 qc 品管版本。不可列為 document_rag_candidate。歷史資料僅可回答歷史描述，不可提供當日下水安全判定。,確認時區（疑似 UTC+8）；確認授權（海保署）；確認 qc 與 realtime 時間範圍
歷史品管、即時海氣象水文觀測資料\海保署\二仁溪口外側\LonLat.csv,歷史品管與即時海氣象水文觀測資料（海保署）,.csv,52,2026-09-17T18:54:06+08:00,CSV,utf-8-sig,CenterLongitude; CenterLatitude,CenterLongitude; CenterLatitude,,,,2,海保署,需確認各提供者授權條件,高（涉及安全決策風險）,live_or_time_series_candidate,時序工具候選,海保署 座標或後設 資料。研究統計優先使用 qc 品管版本。不可列為 document_rag_candidate。歷史資料僅可回答歷史描述，不可提供當日下水安全判定。,確認時區（疑似 UTC+8）；確認授權（海保署）；確認 qc 與 realtime 時間範圍
歷史品管、即時海氣象水文觀測資料\海保署\八掌溪口北側\2023_2025.csv,歷史品管與即時海氣象水文觀測資料（海保署）,.csv,1751,2026-09-17T18:54:06+08:00,CSV,utf-8-sig,測站編號; 時間; 氣溫; 鹽度; 水溫; 酸鹼值; 懸浮固體; 溶氧(電極法); 溶氧飽和度; 葉綠素a; 氨氮; 硝酸鹽氮; 正磷酸鹽; 亞硝酸鹽氮; 矽酸鹽,,,時間,2023–2025,15,海保署,需確認各提供者授權條件,高（涉及安全決策風險）,live_or_time_series_candidate,時序工具候選,海保署 座標或後設 資料。研究統計優先使用 qc 品管版本。不可列為 document_rag_candidate。歷史資料僅可回答歷史描述，不可提供當日下水安全判定。,確認時區（疑似 UTC+8）；確認授權（海保署）；確認 qc 與 realtime 時間範圍
歷史品管、即時海氣象水文觀測資料\海保署\八掌溪口北側\LonLat.csv,歷史品管與即時海氣象水文觀測資料（海保署）,.csv,52,2026-09-17T18:54:06+08:00,CSV,utf-8-sig,CenterLongitude; CenterLatitude,CenterLongitude; CenterLatitude,,,,2,海保署,需確認各提供者授權條件,高（涉及安全決策風險）,live_or_time_series_candidate,時序工具候選,海保署 座標或後設 資料。研究統計優先使用 qc 品管版本。不可列為 document_rag_candidate。歷史資料僅可回答歷史描述，不可提供當日下水安全判定。,確認時區（疑似 UTC+8）；確認授權（海保署）；確認 qc 與 realtime 時間範圍
歷史品管、即時海氣象水文觀測資料\海保署\八掌溪口外海\2023_2025.csv,歷史品管與即時海氣象水文觀測資料（海保署）,.csv,1731,2026-09-17T18:54:06+08:00,CSV,utf-8-sig,測站編號; 時間; 氣溫; 鹽度; 水溫; 酸鹼值; 懸浮固體; 溶氧(電極法); 溶氧飽和度; 葉綠素a; 氨氮; 硝酸鹽氮; 正磷酸鹽; 亞硝酸鹽氮; 矽酸鹽,,,時間,2023–2025,15,海保署,需確認各提供者授權條件,高（涉及安全決策風險）,live_or_time_series_candidate,時序工具候選,海保署 座標或後設 資料。研究統計優先使用 qc 品管版本。不可列為 document_rag_candidate。歷史資料僅可回答歷史描述，不可提供當日下水安全判定。,確認時區（疑似 UTC+8）；確認授權（海保署）；確認 qc 與 realtime 時間範圍
歷史品管、即時海氣象水文觀測資料\海保署\八掌溪口外海\LonLat.csv,歷史品管與即時海氣象水文觀測資料（海保署）,.csv,54,2026-09-17T18:54:06+08:00,CSV,utf-8-sig,CenterLongitude; CenterLatitude,CenterLongitude; CenterLatitude,,,,2,海保署,需確認各提供者授權條件,高（涉及安全決策風險）,live_or_time_series_candidate,時序工具候選,海保署 座標或後設 資料。研究統計優先使用 qc 品管版本。不可列為 document_rag_candidate。歷史資料僅可回答歷史描述，不可提供當日下水安全判定。,確認時區（疑似 UTC+8）；確認授權（海保署）；確認 qc 與 realtime 時間範圍
歷史品管、即時海氣象水文觀測資料\海保署\八斗子垃圾場\2023_2025.csv,歷史品管與即時海氣象水文觀測資料（海保署）,.csv,1742,2026-09-17T18:54:06+08:00,CSV,utf-8-sig,測站編號; 時間; 氣溫; 鹽度; 水溫; 酸鹼值; 懸浮固體; 溶氧(電極法); 溶氧飽和度; 葉綠素a; 氨氮; 硝酸鹽氮; 正磷酸鹽; 亞硝酸鹽氮; 矽酸鹽,,,時間,2023–2025,15,海保署,需確認各提供者授權條件,高（涉及安全決策風險）,live_or_time_series_candidate,時序工具候選,海保署 座標或後設 資料。研究統計優先使用 qc 品管版本。不可列為 document_rag_candidate。歷史資料僅可回答歷史描述，不可提供當日下水安全判定。,確認時區（疑似 UTC+8）；確認授權（海保署）；確認 qc 與 realtime 時間範圍
歷史品管、即時海氣象水文觀測資料\海保署\八斗子垃圾場\LonLat.csv,歷史品管與即時海氣象水文觀測資料（海保署）,.csv,52,2026-09-17T18:54:06+08:00,CSV,utf-8-sig,CenterLongitude; CenterLatitude,CenterLongitude; CenterLatitude,,,,2,海保署,需確認各提供者授權條件,高（涉及安全決策風險）,live_or_time_series_candidate,時序工具候選,海保署 座標或後設 資料。研究統計優先使用 qc 品管版本。不可列為 document_rag_candidate。歷史資料僅可回答歷史描述，不可提供當日下水安全判定。,確認時區（疑似 UTC+8）；確認授權（海保署）；確認 qc 與 realtime 時間範圍
歷史品管、即時海氣象水文觀測資料\海保署\八里污水廠外海一\2023_2025.csv,歷史品管與即時海氣象水文觀測資料（海保署）,.csv,1946,2026-09-17T18:54:06+08:00,CSV,utf-8-sig,測站編號; 時間; 氣溫; 鹽度; 水溫; 酸鹼值; 懸浮固體; 溶氧(電極法); 溶氧飽和度; 葉綠素a; 氨氮; 硝酸鹽氮; 正磷酸鹽; 亞硝酸鹽氮; 矽酸鹽,,,時間,2023–2025,15,海保署,需確認各提供者授權條件,高（涉及安全決策風險）,live_or_time_series_candidate,時序工具候選,海保署 座標或後設 資料。研究統計優先使用 qc 品管版本。不可列為 document_rag_candidate。歷史資料僅可回答歷史描述，不可提供當日下水安全判定。,確認時區（疑似 UTC+8）；確認授權（海保署）；確認 qc 與 realtime 時間範圍
歷史品管、即時海氣象水文觀測資料\海保署\八里污水廠外海一\LonLat.csv,歷史品管與即時海氣象水文觀測資料（海保署）,.csv,52,2026-09-17T18:54:06+08:00,CSV,utf-8-sig,CenterLongitude; CenterLatitude,CenterLongitude; CenterLatitude,,,,2,海保署,需確認各提供者授權條件,高（涉及安全決策風險）,live_or_time_series_candidate,時序工具候選,海保署 座標或後設 資料。研究統計優先使用 qc 品管版本。不可列為 document_rag_candidate。歷史資料僅可回答歷史描述，不可提供當日下水安全判定。,確認時區（疑似 UTC+8）；確認授權（海保署）；確認 qc 與 realtime 時間範圍
歷史品管、即時海氣象水文觀測資料\海保署\八里污水廠外海二\2023_2025.csv,歷史品管與即時海氣象水文觀測資料（海保署）,.csv,1750,2026-09-17T18:54:06+08:00,CSV,utf-8-sig,測站編號; 時間; 氣溫; 鹽度; 水溫; 酸鹼值; 懸浮固體; 溶氧(電極法); 溶氧飽和度; 葉綠素a; 氨氮; 硝酸鹽氮; 正磷酸鹽; 亞硝酸鹽氮; 矽酸鹽,,,時間,2023–2025,15,海保署,需確認各提供者授權條件,高（涉及安全決策風險）,live_or_time_series_candidate,時序工具候選,海保署 座標或後設 資料。研究統計優先使用 qc 品管版本。不可列為 document_rag_candidate。歷史資料僅可回答歷史描述，不可提供當日下水安全判定。,確認時區（疑似 UTC+8）；確認授權（海保署）；確認 qc 與 realtime 時間範圍
歷史品管、即時海氣象水文觀測資料\海保署\八里污水廠外海二\LonLat.csv,歷史品管與即時海氣象水文觀測資料（海保署）,.csv,51,2026-09-17T18:54:06+08:00,CSV,utf-8-sig,CenterLongitude; CenterLatitude,CenterLongitude; CenterLatitude,,,,2,海保署,需確認各提供者授權條件,高（涉及安全決策風險）,live_or_time_series_candidate,時序工具候選,海保署 座標或後設 資料。研究統計優先使用 qc 品管版本。不可列為 document_rag_candidate。歷史資料僅可回答歷史描述，不可提供當日下水安全判定。,確認時區（疑似 UTC+8）；確認授權（海保署）；確認 qc 與 realtime 時間範圍
歷史品管、即時海氣象水文觀測資料\海保署\六輕沿海一\2023_2025.csv,歷史品管與即時海氣象水文觀測資料（海保署）,.csv,1735,2026-09-17T18:54:06+08:00,CSV,utf-8-sig,測站編號; 時間; 氣溫; 鹽度; 水溫; 酸鹼值; 懸浮固體; 溶氧(電極法); 溶氧飽和度; 葉綠素a; 氨氮; 硝酸鹽氮; 正磷酸鹽; 亞硝酸鹽氮; 矽酸鹽,,,時間,2023–2025,15,海保署,需確認各提供者授權條件,高（涉及安全決策風險）,live_or_time_series_candidate,時序工具候選,海保署 座標或後設 資料。研究統計優先使用 qc 品管版本。不可列為 document_rag_candidate。歷史資料僅可回答歷史描述，不可提供當日下水安全判定。,確認時區（疑似 UTC+8）；確認授權（海保署）；確認 qc 與 realtime 時間範圍
歷史品管、即時海氣象水文觀測資料\海保署\六輕沿海一\LonLat.csv,歷史品管與即時海氣象水文觀測資料（海保署）,.csv,51,2026-09-17T18:54:06+08:00,CSV,utf-8-sig,CenterLongitude; CenterLatitude,CenterLongitude; CenterLatitude,,,,2,海保署,需確認各提供者授權條件,高（涉及安全決策風險）,live_or_time_series_candidate,時序工具候選,海保署 座標或後設 資料。研究統計優先使用 qc 品管版本。不可列為 document_rag_candidate。歷史資料僅可回答歷史描述，不可提供當日下水安全判定。,確認時區（疑似 UTC+8）；確認授權（海保署）；確認 qc 與 realtime 時間範圍
歷史品管、即時海氣象水文觀測資料\海保署\六輕沿海二\2023_2025.csv,歷史品管與即時海氣象水文觀測資料（海保署）,.csv,1763,2026-09-17T18:54:06+08:00,CSV,utf-8-sig,測站編號; 時間; 氣溫; 鹽度; 水溫; 酸鹼值; 懸浮固體; 溶氧(電極法); 溶氧飽和度; 葉綠素a; 氨氮; 硝酸鹽氮; 正磷酸鹽; 亞硝酸鹽氮; 矽酸鹽,,,時間,2023–2025,15,海保署,需確認各提供者授權條件,高（涉及安全決策風險）,live_or_time_series_candidate,時序工具候選,海保署 座標或後設 資料。研究統計優先使用 qc 品管版本。不可列為 document_rag_candidate。歷史資料僅可回答歷史描述，不可提供當日下水安全判定。,確認時區（疑似 UTC+8）；確認授權（海保署）；確認 qc 與 realtime 時間範圍
歷史品管、即時海氣象水文觀測資料\海保署\六輕沿海二\LonLat.csv,歷史品管與即時海氣象水文觀測資料（海保署）,.csv,52,2026-09-17T18:54:06+08:00,CSV,utf-8-sig,CenterLongitude; CenterLatitude,CenterLongitude; CenterLatitude,,,,2,海保署,需確認各提供者授權條件,高（涉及安全決策風險）,live_or_time_series_candidate,時序工具候選,海保署 座標或後設 資料。研究統計優先使用 qc 品管版本。不可列為 document_rag_candidate。歷史資料僅可回答歷史描述，不可提供當日下水安全判定。,確認時區（疑似 UTC+8）；確認授權（海保署）；確認 qc 與 realtime 時間範圍
歷史品管、即時海氣象水文觀測資料\海保署\北港溪口一\2023_2025.csv,歷史品管與即時海氣象水文觀測資料（海保署）,.csv,1766,2026-09-17T18:54:06+08:00,CSV,utf-8-sig,測站編號; 時間; 氣溫; 鹽度; 水溫; 酸鹼值; 懸浮固體; 溶氧(電極法); 溶氧飽和度; 葉綠素a; 氨氮; 硝酸鹽氮; 正磷酸鹽; 亞硝酸鹽氮; 矽酸鹽,,,時間,2023–2025,15,海保署,需確認各提供者授權條件,高（涉及安全決策風險）,live_or_time_series_candidate,時序工具候選,海保署 座標或後設 資料。研究統計優先使用 qc 品管版本。不可列為 document_rag_candidate。歷史資料僅可回答歷史描述，不可提供當日下水安全判定。,確認時區（疑似 UTC+8）；確認授權（海保署）；確認 qc 與 realtime 時間範圍
歷史品管、即時海氣象水文觀測資料\海保署\北港溪口一\LonLat.csv,歷史品管與即時海氣象水文觀測資料（海保署）,.csv,51,2026-09-17T18:54:06+08:00,CSV,utf-8-sig,CenterLongitude; CenterLatitude,CenterLongitude; CenterLatitude,,,,2,海保署,需確認各提供者授權條件,高（涉及安全決策風險）,live_or_time_series_candidate,時序工具候選,海保署 座標或後設 資料。研究統計優先使用 qc 品管版本。不可列為 document_rag_candidate。歷史資料僅可回答歷史描述，不可提供當日下水安全判定。,確認時區（疑似 UTC+8）；確認授權（海保署）；確認 qc 與 realtime 時間範圍
歷史品管、即時海氣象水文觀測資料\海保署\北港溪口外海\2023_2025.csv,歷史品管與即時海氣象水文觀測資料（海保署）,.csv,1744,2026-09-17T18:54:06+08:00,CSV,utf-8-sig,測站編號; 時間; 氣溫; 鹽度; 水溫; 酸鹼值; 懸浮固體; 溶氧(電極法); 溶氧飽和度; 葉綠素a; 氨氮; 硝酸鹽氮; 正磷酸鹽; 亞硝酸鹽氮; 矽酸鹽,,,時間,2023–2025,15,海保署,需確認各提供者授權條件,高（涉及安全決策風險）,live_or_time_series_candidate,時序工具候選,海保署 座標或後設 資料。研究統計優先使用 qc 品管版本。不可列為 document_rag_candidate。歷史資料僅可回答歷史描述，不可提供當日下水安全判定。,確認時區（疑似 UTC+8）；確認授權（海保署）；確認 qc 與 realtime 時間範圍
歷史品管、即時海氣象水文觀測資料\海保署\北港溪口外海\LonLat.csv,歷史品管與即時海氣象水文觀測資料（海保署）,.csv,53,2026-09-17T18:54:06+08:00,CSV,utf-8-sig,CenterLongitude; CenterLatitude,CenterLongitude; CenterLatitude,,,,2,海保署,需確認各提供者授權條件,高（涉及安全決策風險）,live_or_time_series_candidate,時序工具候選,海保署 座標或後設 資料。研究統計優先使用 qc 品管版本。不可列為 document_rag_candidate。歷史資料僅可回答歷史描述，不可提供當日下水安全判定。,確認時區（疑似 UTC+8）；確認授權（海保署）；確認 qc 與 realtime 時間範圍
歷史品管、即時海氣象水文觀測資料\海保署\北竿東部沿海\2023_2025.csv,歷史品管與即時海氣象水文觀測資料（海保署）,.csv,1957,2026-09-17T18:54:06+08:00,CSV,utf-8-sig,測站編號; 時間; 氣溫; 鹽度; 水溫; 酸鹼值; 懸浮固體; 溶氧(電極法); 溶氧飽和度; 葉綠素a; 氨氮; 硝酸鹽氮; 正磷酸鹽; 亞硝酸鹽氮; 矽酸鹽,,,時間,2023–2025,15,海保署,需確認各提供者授權條件,高（涉及安全決策風險）,live_or_time_series_candidate,時序工具候選,海保署 座標或後設 資料。研究統計優先使用 qc 品管版本。不可列為 document_rag_candidate。歷史資料僅可回答歷史描述，不可提供當日下水安全判定。,確認時區（疑似 UTC+8）；確認授權（海保署）；確認 qc 與 realtime 時間範圍
歷史品管、即時海氣象水文觀測資料\海保署\北竿東部沿海\LonLat.csv,歷史品管與即時海氣象水文觀測資料（海保署）,.csv,52,2026-09-17T18:54:06+08:00,CSV,utf-8-sig,CenterLongitude; CenterLatitude,CenterLongitude; CenterLatitude,,,,2,海保署,需確認各提供者授權條件,高（涉及安全決策風險）,live_or_time_series_candidate,時序工具候選,海保署 座標或後設 資料。研究統計優先使用 qc 品管版本。不可列為 document_rag_candidate。歷史資料僅可回答歷史描述，不可提供當日下水安全判定。,確認時區（疑似 UTC+8）；確認授權（海保署）；確認 qc 與 realtime 時間範圍
歷史品管、即時海氣象水文觀測資料\海保署\卑南溪口外4海浬\2023_2025.csv,歷史品管與即時海氣象水文觀測資料（海保署）,.csv,1892,2026-09-17T18:54:06+08:00,CSV,utf-8-sig,測站編號; 時間; 氣溫; 鹽度; 水溫; 酸鹼值; 懸浮固體; 溶氧(電極法); 溶氧飽和度; 葉綠素a; 氨氮; 硝酸鹽氮; 正磷酸鹽; 亞硝酸鹽氮; 矽酸鹽,,,時間,2023–2025,15,海保署,需確認各提供者授權條件,高（涉及安全決策風險）,live_or_time_series_candidate,時序工具候選,海保署 座標或後設 資料。研究統計優先使用 qc 品管版本。不可列為 document_rag_candidate。歷史資料僅可回答歷史描述，不可提供當日下水安全判定。,確認時區（疑似 UTC+8）；確認授權（海保署）；確認 qc 與 realtime 時間範圍
歷史品管、即時海氣象水文觀測資料\海保署\卑南溪口外4海浬\LonLat.csv,歷史品管與即時海氣象水文觀測資料（海保署）,.csv,51,2026-09-17T18:54:06+08:00,CSV,utf-8-sig,CenterLongitude; CenterLatitude,CenterLongitude; CenterLatitude,,,,2,海保署,需確認各提供者授權條件,高（涉及安全決策風險）,live_or_time_series_candidate,時序工具候選,海保署 座標或後設 資料。研究統計優先使用 qc 品管版本。不可列為 document_rag_candidate。歷史資料僅可回答歷史描述，不可提供當日下水安全判定。,確認時區（疑似 UTC+8）；確認授權（海保署）；確認 qc 與 realtime 時間範圍
歷史品管、即時海氣象水文觀測資料\海保署\卑南溪河口\2023_2025.csv,歷史品管與即時海氣象水文觀測資料（海保署）,.csv,1738,2026-09-17T18:54:06+08:00,CSV,utf-8-sig,測站編號; 時間; 氣溫; 鹽度; 水溫; 酸鹼值; 懸浮固體; 溶氧(電極法); 溶氧飽和度; 葉綠素a; 氨氮; 硝酸鹽氮; 正磷酸鹽; 亞硝酸鹽氮; 矽酸鹽,,,時間,2023–2025,15,海保署,需確認各提供者授權條件,高（涉及安全決策風險）,live_or_time_series_candidate,時序工具候選,海保署 座標或後設 資料。研究統計優先使用 qc 品管版本。不可列為 document_rag_candidate。歷史資料僅可回答歷史描述，不可提供當日下水安全判定。,確認時區（疑似 UTC+8）；確認授權（海保署）；確認 qc 與 realtime 時間範圍
歷史品管、即時海氣象水文觀測資料\海保署\卑南溪河口\LonLat.csv,歷史品管與即時海氣象水文觀測資料（海保署）,.csv,52,2026-09-17T18:54:06+08:00,CSV,utf-8-sig,CenterLongitude; CenterLatitude,CenterLongitude; CenterLatitude,,,,2,海保署,需確認各提供者授權條件,高（涉及安全決策風險）,live_or_time_series_candidate,時序工具候選,海保署 座標或後設 資料。研究統計優先使用 qc 品管版本。不可列為 document_rag_candidate。歷史資料僅可回答歷史描述，不可提供當日下水安全判定。,確認時區（疑似 UTC+8）；確認授權（海保署）；確認 qc 與 realtime 時間範圍
歷史品管、即時海氣象水文觀測資料\海保署\南灣\2023_2025.csv,歷史品管與即時海氣象水文觀測資料（海保署）,.csv,1714,2026-09-17T18:54:06+08:00,CSV,utf-8-sig,測站編號; 時間; 氣溫; 鹽度; 水溫; 酸鹼值; 懸浮固體; 溶氧(電極法); 溶氧飽和度; 葉綠素a; 氨氮; 硝酸鹽氮; 正磷酸鹽; 亞硝酸鹽氮; 矽酸鹽,,,時間,2023–2025,15,海保署,需確認各提供者授權條件,高（涉及安全決策風險）,live_or_time_series_candidate,時序工具候選,海保署 座標或後設 資料。研究統計優先使用 qc 品管版本。不可列為 document_rag_candidate。歷史資料僅可回答歷史描述，不可提供當日下水安全判定。,確認時區（疑似 UTC+8）；確認授權（海保署）；確認 qc 與 realtime 時間範圍
歷史品管、即時海氣象水文觀測資料\海保署\南灣\LonLat.csv,歷史品管與即時海氣象水文觀測資料（海保署）,.csv,51,2026-09-17T18:54:06+08:00,CSV,utf-8-sig,CenterLongitude; CenterLatitude,CenterLongitude; CenterLatitude,,,,2,海保署,需確認各提供者授權條件,高（涉及安全決策風險）,live_or_time_series_candidate,時序工具候選,海保署 座標或後設 資料。研究統計優先使用 qc 品管版本。不可列為 document_rag_candidate。歷史資料僅可回答歷史描述，不可提供當日下水安全判定。,確認時區（疑似 UTC+8）；確認授權（海保署）；確認 qc 與 realtime 時間範圍
歷史品管、即時海氣象水文觀測資料\海保署\南竿鄉北部沿海\2023_2025.csv,歷史品管與即時海氣象水文觀測資料（海保署）,.csv,1759,2026-09-17T18:54:06+08:00,CSV,utf-8-sig,測站編號; 時間; 氣溫; 鹽度; 水溫; 酸鹼值; 懸浮固體; 溶氧(電極法); 溶氧飽和度; 葉綠素a; 氨氮; 硝酸鹽氮; 正磷酸鹽; 亞硝酸鹽氮; 矽酸鹽,,,時間,2023–2025,15,海保署,需確認各提供者授權條件,高（涉及安全決策風險）,live_or_time_series_candidate,時序工具候選,海保署 座標或後設 資料。研究統計優先使用 qc 品管版本。不可列為 document_rag_candidate。歷史資料僅可回答歷史描述，不可提供當日下水安全判定。,確認時區（疑似 UTC+8）；確認授權（海保署）；確認 qc 與 realtime 時間範圍
歷史品管、即時海氣象水文觀測資料\海保署\南竿鄉北部沿海\LonLat.csv,歷史品管與即時海氣象水文觀測資料（海保署）,.csv,52,2026-09-17T18:54:06+08:00,CSV,utf-8-sig,CenterLongitude; CenterLatitude,CenterLongitude; CenterLatitude,,,,2,海保署,需確認各提供者授權條件,高（涉及安全決策風險）,live_or_time_series_candidate,時序工具候選,海保署 座標或後設 資料。研究統計優先使用 qc 品管版本。不可列為 document_rag_candidate。歷史資料僅可回答歷史描述，不可提供當日下水安全判定。,確認時區（疑似 UTC+8）；確認授權（海保署）；確認 qc 與 realtime 時間範圍
歷史品管、即時海氣象水文觀測資料\海保署\厚石裙礁10m\2023_2025.csv,歷史品管與即時海氣象水文觀測資料（海保署）,.csv,1449,2026-09-17T18:54:06+08:00,CSV,utf-8-sig,測站編號; 時間; 氣溫; 鹽度; 水溫; 酸鹼值; 懸浮固體; 溶氧(電極法); 溶氧飽和度; 葉綠素a; 氨氮; 硝酸鹽氮; 正磷酸鹽; 亞硝酸鹽氮; 矽酸鹽,,,時間,2023–2025,12,海保署,需確認各提供者授權條件,高（涉及安全決策風險）,live_or_time_series_candidate,時序工具候選,海保署 座標或後設 資料。研究統計優先使用 qc 品管版本。不可列為 document_rag_candidate。歷史資料僅可回答歷史描述，不可提供當日下水安全判定。,確認時區（疑似 UTC+8）；確認授權（海保署）；確認 qc 與 realtime 時間範圍
歷史品管、即時海氣象水文觀測資料\海保署\厚石裙礁10m\LonLat.csv,歷史品管與即時海氣象水文觀測資料（海保署）,.csv,54,2026-09-17T18:54:06+08:00,CSV,utf-8-sig,CenterLongitude; CenterLatitude,CenterLongitude; CenterLatitude,,,,2,海保署,需確認各提供者授權條件,高（涉及安全決策風險）,live_or_time_series_candidate,時序工具候選,海保署 座標或後設 資料。研究統計優先使用 qc 品管版本。不可列為 document_rag_candidate。歷史資料僅可回答歷史描述，不可提供當日下水安全判定。,確認時區（疑似 UTC+8）；確認授權（海保署）；確認 qc 與 realtime 時間範圍
歷史品管、即時海氣象水文觀測資料\海保署\厚石裙礁5m\2023_2025.csv,歷史品管與即時海氣象水文觀測資料（海保署）,.csv,1452,2026-09-17T18:54:06+08:00,CSV,utf-8-sig,測站編號; 時間; 氣溫; 鹽度; 水溫; 酸鹼值; 懸浮固體; 溶氧(電極法); 溶氧飽和度; 葉綠素a; 氨氮; 硝酸鹽氮; 正磷酸鹽; 亞硝酸鹽氮; 矽酸鹽,,,時間,2023–2025,12,海保署,需確認各提供者授權條件,高（涉及安全決策風險）,live_or_time_series_candidate,時序工具候選,海保署 座標或後設 資料。研究統計優先使用 qc 品管版本。不可列為 document_rag_candidate。歷史資料僅可回答歷史描述，不可提供當日下水安全判定。,確認時區（疑似 UTC+8）；確認授權（海保署）；確認 qc 與 realtime 時間範圍
歷史品管、即時海氣象水文觀測資料\海保署\厚石裙礁5m\LonLat.csv,歷史品管與即時海氣象水文觀測資料（海保署）,.csv,54,2026-09-17T18:54:06+08:00,CSV,utf-8-sig,CenterLongitude; CenterLatitude,CenterLongitude; CenterLatitude,,,,2,海保署,需確認各提供者授權條件,高（涉及安全決策風險）,live_or_time_series_candidate,時序工具候選,海保署 座標或後設 資料。研究統計優先使用 qc 品管版本。不可列為 document_rag_candidate。歷史資料僅可回答歷史描述，不可提供當日下水安全判定。,確認時區（疑似 UTC+8）；確認授權（海保署）；確認 qc 與 realtime 時間範圍
歷史品管、即時海氣象水文觀測資料\海保署\厚石裙礁潮間帶1m\2023_2025.csv,歷史品管與即時海氣象水文觀測資料（海保署）,.csv,1460,2026-09-17T18:54:06+08:00,CSV,utf-8-sig,測站編號; 時間; 氣溫; 鹽度; 水溫; 酸鹼值; 懸浮固體; 溶氧(電極法); 溶氧飽和度; 葉綠素a; 氨氮; 硝酸鹽氮; 正磷酸鹽; 亞硝酸鹽氮; 矽酸鹽,,,時間,2023–2025,12,海保署,需確認各提供者授權條件,高（涉及安全決策風險）,live_or_time_series_candidate,時序工具候選,海保署 座標或後設 資料。研究統計優先使用 qc 品管版本。不可列為 document_rag_candidate。歷史資料僅可回答歷史描述，不可提供當日下水安全判定。,確認時區（疑似 UTC+8）；確認授權（海保署）；確認 qc 與 realtime 時間範圍
歷史品管、即時海氣象水文觀測資料\海保署\厚石裙礁潮間帶1m\LonLat.csv,歷史品管與即時海氣象水文觀測資料（海保署）,.csv,54,2026-09-17T18:54:06+08:00,CSV,utf-8-sig,CenterLongitude; CenterLatitude,CenterLongitude; CenterLatitude,,,,2,海保署,需確認各提供者授權條件,高（涉及安全決策風險）,live_or_time_series_candidate,時序工具候選,海保署 座標或後設 資料。研究統計優先使用 qc 品管版本。不可列為 document_rag_candidate。歷史資料僅可回答歷史描述，不可提供當日下水安全判定。,確認時區（疑似 UTC+8）；確認授權（海保署）；確認 qc 與 realtime 時間範圍
歷史品管、即時海氣象水文觀測資料\海保署\台中港沿海一\2023_2025.csv,歷史品管與即時海氣象水文觀測資料（海保署）,.csv,1730,2026-09-17T18:54:06+08:00,CSV,utf-8-sig,測站編號; 時間; 氣溫; 鹽度; 水溫; 酸鹼值; 懸浮固體; 溶氧(電極法); 溶氧飽和度; 葉綠素a; 氨氮; 硝酸鹽氮; 正磷酸鹽; 亞硝酸鹽氮; 矽酸鹽,,,時間,2023–2025,15,海保署,需確認各提供者授權條件,高（涉及安全決策風險）,live_or_time_series_candidate,時序工具候選,海保署 座標或後設 資料。研究統計優先使用 qc 品管版本。不可列為 document_rag_candidate。歷史資料僅可回答歷史描述，不可提供當日下水安全判定。,確認時區（疑似 UTC+8）；確認授權（海保署）；確認 qc 與 realtime 時間範圍
歷史品管、即時海氣象水文觀測資料\海保署\台中港沿海一\LonLat.csv,歷史品管與即時海氣象水文觀測資料（海保署）,.csv,52,2026-09-17T18:54:06+08:00,CSV,utf-8-sig,CenterLongitude; CenterLatitude,CenterLongitude; CenterLatitude,,,,2,海保署,需確認各提供者授權條件,高（涉及安全決策風險）,live_or_time_series_candidate,時序工具候選,海保署 座標或後設 資料。研究統計優先使用 qc 品管版本。不可列為 document_rag_candidate。歷史資料僅可回答歷史描述，不可提供當日下水安全判定。,確認時區（疑似 UTC+8）；確認授權（海保署）；確認 qc 與 realtime 時間範圍
歷史品管、即時海氣象水文觀測資料\海保署\台中港沿海二\2023_2025.csv,歷史品管與即時海氣象水文觀測資料（海保署）,.csv,1942,2026-09-17T18:54:06+08:00,CSV,utf-8-sig,測站編號; 時間; 氣溫; 鹽度; 水溫; 酸鹼值; 懸浮固體; 溶氧(電極法); 溶氧飽和度; 葉綠素a; 氨氮; 硝酸鹽氮; 正磷酸鹽; 亞硝酸鹽氮; 矽酸鹽,,,時間,2023–2025,15,海保署,需確認各提供者授權條件,高（涉及安全決策風險）,live_or_time_series_candidate,時序工具候選,海保署 座標或後設 資料。研究統計優先使用 qc 品管版本。不可列為 document_rag_candidate。歷史資料僅可回答歷史描述，不可提供當日下水安全判定。,確認時區（疑似 UTC+8）；確認授權（海保署）；確認 qc 與 realtime 時間範圍
歷史品管、即時海氣象水文觀測資料\海保署\台中港沿海二\LonLat.csv,歷史品管與即時海氣象水文觀測資料（海保署）,.csv,52,2026-09-17T18:54:06+08:00,CSV,utf-8-sig,CenterLongitude; CenterLatitude,CenterLongitude; CenterLatitude,,,,2,海保署,需確認各提供者授權條件,高（涉及安全決策風險）,live_or_time_series_candidate,時序工具候選,海保署 座標或後設 資料。研究統計優先使用 qc 品管版本。不可列為 document_rag_candidate。歷史資料僅可回答歷史描述，不可提供當日下水安全判定。,確認時區（疑似 UTC+8）；確認授權（海保署）；確認 qc 與 realtime 時間範圍
歷史品管、即時海氣象水文觀測資料\海保署\台西外海\2023_2025.csv,歷史品管與即時海氣象水文觀測資料（海保署）,.csv,1752,2026-09-17T18:54:06+08:00,CSV,utf-8-sig,測站編號; 時間; 氣溫; 鹽度; 水溫; 酸鹼值; 懸浮固體; 溶氧(電極法); 溶氧飽和度; 葉綠素a; 氨氮; 硝酸鹽氮; 正磷酸鹽; 亞硝酸鹽氮; 矽酸鹽,,,時間,2023–2025,15,海保署,需確認各提供者授權條件,高（涉及安全決策風險）,live_or_time_series_candidate,時序工具候選,海保署 座標或後設 資料。研究統計優先使用 qc 品管版本。不可列為 document_rag_candidate。歷史資料僅可回答歷史描述，不可提供當日下水安全判定。,確認時區（疑似 UTC+8）；確認授權（海保署）；確認 qc 與 realtime 時間範圍
歷史品管、即時海氣象水文觀測資料\海保署\台西外海\LonLat.csv,歷史品管與即時海氣象水文觀測資料（海保署）,.csv,52,2026-09-17T18:54:06+08:00,CSV,utf-8-sig,CenterLongitude; CenterLatitude,CenterLongitude; CenterLatitude,,,,2,海保署,需確認各提供者授權條件,高（涉及安全決策風險）,live_or_time_series_candidate,時序工具候選,海保署 座標或後設 資料。研究統計優先使用 qc 品管版本。不可列為 document_rag_candidate。歷史資料僅可回答歷史描述，不可提供當日下水安全判定。,確認時區（疑似 UTC+8）；確認授權（海保署）；確認 qc 與 realtime 時間範圍
歷史品管、即時海氣象水文觀測資料\海保署\吉貝海域\2023_2025.csv,歷史品管與即時海氣象水文觀測資料（海保署）,.csv,1766,2026-09-17T18:54:06+08:00,CSV,utf-8-sig,測站編號; 時間; 氣溫; 鹽度; 水溫; 酸鹼值; 懸浮固體; 溶氧(電極法); 溶氧飽和度; 葉綠素a; 氨氮; 硝酸鹽氮; 正磷酸鹽; 亞硝酸鹽氮; 矽酸鹽,,,時間,2023–2025,15,海保署,需確認各提供者授權條件,高（涉及安全決策風險）,live_or_time_series_candidate,時序工具候選,海保署 座標或後設 資料。研究統計優先使用 qc 品管版本。不可列為 document_rag_candidate。歷史資料僅可回答歷史描述，不可提供當日下水安全判定。,確認時區（疑似 UTC+8）；確認授權（海保署）；確認 qc 與 realtime 時間範圍
歷史品管、即時海氣象水文觀測資料\海保署\吉貝海域\LonLat.csv,歷史品管與即時海氣象水文觀測資料（海保署）,.csv,52,2026-09-17T18:54:06+08:00,CSV,utf-8-sig,CenterLongitude; CenterLatitude,CenterLongitude; CenterLatitude,,,,2,海保署,需確認各提供者授權條件,高（涉及安全決策風險）,live_or_time_series_candidate,時序工具候選,海保署 座標或後設 資料。研究統計優先使用 qc 品管版本。不可列為 document_rag_candidate。歷史資料僅可回答歷史描述，不可提供當日下水安全判定。,確認時區（疑似 UTC+8）；確認授權（海保署）；確認 qc 與 realtime 時間範圍
歷史品管、即時海氣象水文觀測資料\海保署\和平島\2023_2025.csv,歷史品管與即時海氣象水文觀測資料（海保署）,.csv,1739,2026-09-17T18:54:06+08:00,CSV,utf-8-sig,測站編號; 時間; 氣溫; 鹽度; 水溫; 酸鹼值; 懸浮固體; 溶氧(電極法); 溶氧飽和度; 葉綠素a; 氨氮; 硝酸鹽氮; 正磷酸鹽; 亞硝酸鹽氮; 矽酸鹽,,,時間,2023–2025,15,海保署,需確認各提供者授權條件,高（涉及安全決策風險）,live_or_time_series_candidate,時序工具候選,海保署 座標或後設 資料。研究統計優先使用 qc 品管版本。不可列為 document_rag_candidate。歷史資料僅可回答歷史描述，不可提供當日下水安全判定。,確認時區（疑似 UTC+8）；確認授權（海保署）；確認 qc 與 realtime 時間範圍
歷史品管、即時海氣象水文觀測資料\海保署\和平島\LonLat.csv,歷史品管與即時海氣象水文觀測資料（海保署）,.csv,51,2026-09-17T18:54:06+08:00,CSV,utf-8-sig,CenterLongitude; CenterLatitude,CenterLongitude; CenterLatitude,,,,2,海保署,需確認各提供者授權條件,高（涉及安全決策風險）,live_or_time_series_candidate,時序工具候選,海保署 座標或後設 資料。研究統計優先使用 qc 品管版本。不可列為 document_rag_candidate。歷史資料僅可回答歷史描述，不可提供當日下水安全判定。,確認時區（疑似 UTC+8）；確認授權（海保署）；確認 qc 與 realtime 時間範圍
歷史品管、即時海氣象水文觀測資料\海保署\和平港\2023_2025.csv,歷史品管與即時海氣象水文觀測資料（海保署）,.csv,1716,2026-09-17T18:54:06+08:00,CSV,utf-8-sig,測站編號; 時間; 氣溫; 鹽度; 水溫; 酸鹼值; 懸浮固體; 溶氧(電極法); 溶氧飽和度; 葉綠素a; 氨氮; 硝酸鹽氮; 正磷酸鹽; 亞硝酸鹽氮; 矽酸鹽,,,時間,2023–2025,15,海保署,需確認各提供者授權條件,高（涉及安全決策風險）,live_or_time_series_candidate,時序工具候選,海保署 座標或後設 資料。研究統計優先使用 qc 品管版本。不可列為 document_rag_candidate。歷史資料僅可回答歷史描述，不可提供當日下水安全判定。,確認時區（疑似 UTC+8）；確認授權（海保署）；確認 qc 與 realtime 時間範圍
歷史品管、即時海氣象水文觀測資料\海保署\和平港\LonLat.csv,歷史品管與即時海氣象水文觀測資料（海保署）,.csv,52,2026-09-17T18:54:06+08:00,CSV,utf-8-sig,CenterLongitude; CenterLatitude,CenterLongitude; CenterLatitude,,,,2,海保署,需確認各提供者授權條件,高（涉及安全決策風險）,live_or_time_series_candidate,時序工具候選,海保署 座標或後設 資料。研究統計優先使用 qc 品管版本。不可列為 document_rag_candidate。歷史資料僅可回答歷史描述，不可提供當日下水安全判定。,確認時區（疑似 UTC+8）；確認授權（海保署）；確認 qc 與 realtime 時間範圍
歷史品管、即時海氣象水文觀測資料\海保署\和平溪口外4海浬處\2023_2025.csv,歷史品管與即時海氣象水文觀測資料（海保署）,.csv,1855,2026-09-17T18:54:06+08:00,CSV,utf-8-sig,測站編號; 時間; 氣溫; 鹽度; 水溫; 酸鹼值; 懸浮固體; 溶氧(電極法); 溶氧飽和度; 葉綠素a; 氨氮; 硝酸鹽氮; 正磷酸鹽; 亞硝酸鹽氮; 矽酸鹽,,,時間,2023–2025,15,海保署,需確認各提供者授權條件,高（涉及安全決策風險）,live_or_time_series_candidate,時序工具候選,海保署 座標或後設 資料。研究統計優先使用 qc 品管版本。不可列為 document_rag_candidate。歷史資料僅可回答歷史描述，不可提供當日下水安全判定。,確認時區（疑似 UTC+8）；確認授權（海保署）；確認 qc 與 realtime 時間範圍
歷史品管、即時海氣象水文觀測資料\海保署\和平溪口外4海浬處\LonLat.csv,歷史品管與即時海氣象水文觀測資料（海保署）,.csv,52,2026-09-17T18:54:06+08:00,CSV,utf-8-sig,CenterLongitude; CenterLatitude,CenterLongitude; CenterLatitude,,,,2,海保署,需確認各提供者授權條件,高（涉及安全決策風險）,live_or_time_series_candidate,時序工具候選,海保署 座標或後設 資料。研究統計優先使用 qc 品管版本。不可列為 document_rag_candidate。歷史資料僅可回答歷史描述，不可提供當日下水安全判定。,確認時區（疑似 UTC+8）；確認授權（海保署）；確認 qc 與 realtime 時間範圍
歷史品管、即時海氣象水文觀測資料\海保署\和平溪河口\2023_2025.csv,歷史品管與即時海氣象水文觀測資料（海保署）,.csv,1710,2026-09-17T18:54:06+08:00,CSV,utf-8-sig,測站編號; 時間; 氣溫; 鹽度; 水溫; 酸鹼值; 懸浮固體; 溶氧(電極法); 溶氧飽和度; 葉綠素a; 氨氮; 硝酸鹽氮; 正磷酸鹽; 亞硝酸鹽氮; 矽酸鹽,,,時間,2023–2025,15,海保署,需確認各提供者授權條件,高（涉及安全決策風險）,live_or_time_series_candidate,時序工具候選,海保署 座標或後設 資料。研究統計優先使用 qc 品管版本。不可列為 document_rag_candidate。歷史資料僅可回答歷史描述，不可提供當日下水安全判定。,確認時區（疑似 UTC+8）；確認授權（海保署）；確認 qc 與 realtime 時間範圍
歷史品管、即時海氣象水文觀測資料\海保署\和平溪河口\LonLat.csv,歷史品管與即時海氣象水文觀測資料（海保署）,.csv,52,2026-09-17T18:54:06+08:00,CSV,utf-8-sig,CenterLongitude; CenterLatitude,CenterLongitude; CenterLatitude,,,,2,海保署,需確認各提供者授權條件,高（涉及安全決策風險）,live_or_time_series_candidate,時序工具候選,海保署 座標或後設 資料。研究統計優先使用 qc 品管版本。不可列為 document_rag_candidate。歷史資料僅可回答歷史描述，不可提供當日下水安全判定。,確認時區（疑似 UTC+8）；確認授權（海保署）；確認 qc 與 realtime 時間範圍
歷史品管、即時海氣象水文觀測資料\海保署\員山子分洪道出海口\2023_2025.csv,歷史品管與即時海氣象水文觀測資料（海保署）,.csv,1733,2026-09-17T18:54:06+08:00,CSV,utf-8-sig,測站編號; 時間; 氣溫; 鹽度; 水溫; 酸鹼值; 懸浮固體; 溶氧(電極法); 溶氧飽和度; 葉綠素a; 氨氮; 硝酸鹽氮; 正磷酸鹽; 亞硝酸鹽氮; 矽酸鹽,,,時間,2023–2025,15,海保署,需確認各提供者授權條件,高（涉及安全決策風險）,live_or_time_series_candidate,時序工具候選,海保署 座標或後設 資料。研究統計優先使用 qc 品管版本。不可列為 document_rag_candidate。歷史資料僅可回答歷史描述，不可提供當日下水安全判定。,確認時區（疑似 UTC+8）；確認授權（海保署）；確認 qc 與 realtime 時間範圍
歷史品管、即時海氣象水文觀測資料\海保署\員山子分洪道出海口\LonLat.csv,歷史品管與即時海氣象水文觀測資料（海保署）,.csv,52,2026-09-17T18:54:06+08:00,CSV,utf-8-sig,CenterLongitude; CenterLatitude,CenterLongitude; CenterLatitude,,,,2,海保署,需確認各提供者授權條件,高（涉及安全決策風險）,live_or_time_series_candidate,時序工具候選,海保署 座標或後設 資料。研究統計優先使用 qc 品管版本。不可列為 document_rag_candidate。歷史資料僅可回答歷史描述，不可提供當日下水安全判定。,確認時區（疑似 UTC+8）；確認授權（海保署）；確認 qc 與 realtime 時間範圍
歷史品管、即時海氣象水文觀測資料\海保署\基隆拋泥區一\2023_2025.csv,歷史品管與即時海氣象水文觀測資料（海保署）,.csv,1956,2026-09-17T18:54:06+08:00,CSV,utf-8-sig,測站編號; 時間; 氣溫; 鹽度; 水溫; 酸鹼值; 懸浮固體; 溶氧(電極法); 溶氧飽和度; 葉綠素a; 氨氮; 硝酸鹽氮; 正磷酸鹽; 亞硝酸鹽氮; 矽酸鹽,,,時間,2023–2025,16,海保署,需確認各提供者授權條件,高（涉及安全決策風險）,live_or_time_series_candidate,時序工具候選,海保署 座標或後設 資料。研究統計優先使用 qc 品管版本。不可列為 document_rag_candidate。歷史資料僅可回答歷史描述，不可提供當日下水安全判定。,確認時區（疑似 UTC+8）；確認授權（海保署）；確認 qc 與 realtime 時間範圍
歷史品管、即時海氣象水文觀測資料\海保署\基隆拋泥區一\LonLat.csv,歷史品管與即時海氣象水文觀測資料（海保署）,.csv,52,2026-09-17T18:54:06+08:00,CSV,utf-8-sig,CenterLongitude; CenterLatitude,CenterLongitude; CenterLatitude,,,,2,海保署,需確認各提供者授權條件,高（涉及安全決策風險）,live_or_time_series_candidate,時序工具候選,海保署 座標或後設 資料。研究統計優先使用 qc 品管版本。不可列為 document_rag_candidate。歷史資料僅可回答歷史描述，不可提供當日下水安全判定。,確認時區（疑似 UTC+8）；確認授權（海保署）；確認 qc 與 realtime 時間範圍
歷史品管、即時海氣象水文觀測資料\海保署\基隆港一\2023_2025.csv,歷史品管與即時海氣象水文觀測資料（海保署）,.csv,1741,2026-09-17T18:54:06+08:00,CSV,utf-8-sig,測站編號; 時間; 氣溫; 鹽度; 水溫; 酸鹼值; 懸浮固體; 溶氧(電極法); 溶氧飽和度; 葉綠素a; 氨氮; 硝酸鹽氮; 正磷酸鹽; 亞硝酸鹽氮; 矽酸鹽,,,時間,2023–2025,15,海保署,需確認各提供者授權條件,高（涉及安全決策風險）,live_or_time_series_candidate,時序工具候選,海保署 座標或後設 資料。研究統計優先使用 qc 品管版本。不可列為 document_rag_candidate。歷史資料僅可回答歷史描述，不可提供當日下水安全判定。,確認時區（疑似 UTC+8）；確認授權（海保署）；確認 qc 與 realtime 時間範圍
歷史品管、即時海氣象水文觀測資料\海保署\基隆港一\LonLat.csv,歷史品管與即時海氣象水文觀測資料（海保署）,.csv,52,2026-09-17T18:54:06+08:00,CSV,utf-8-sig,CenterLongitude; CenterLatitude,CenterLongitude; CenterLatitude,,,,2,海保署,需確認各提供者授權條件,高（涉及安全決策風險）,live_or_time_series_candidate,時序工具候選,海保署 座標或後設 資料。研究統計優先使用 qc 品管版本。不可列為 document_rag_candidate。歷史資料僅可回答歷史描述，不可提供當日下水安全判定。,確認時區（疑似 UTC+8）；確認授權（海保署）；確認 qc 與 realtime 時間範圍
歷史品管、即時海氣象水文觀測資料\海保署\基隆港二\2023_2025.csv,歷史品管與即時海氣象水文觀測資料（海保署）,.csv,1750,2026-09-17T18:54:06+08:00,CSV,utf-8-sig,測站編號; 時間; 氣溫; 鹽度; 水溫; 酸鹼值; 懸浮固體; 溶氧(電極法); 溶氧飽和度; 葉綠素a; 氨氮; 硝酸鹽氮; 正磷酸鹽; 亞硝酸鹽氮; 矽酸鹽,,,時間,2023–2025,15,海保署,需確認各提供者授權條件,高（涉及安全決策風險）,live_or_time_series_candidate,時序工具候選,海保署 座標或後設 資料。研究統計優先使用 qc 品管版本。不可列為 document_rag_candidate。歷史資料僅可回答歷史描述，不可提供當日下水安全判定。,確認時區（疑似 UTC+8）；確認授權（海保署）；確認 qc 與 realtime 時間範圍
歷史品管、即時海氣象水文觀測資料\海保署\基隆港二\LonLat.csv,歷史品管與即時海氣象水文觀測資料（海保署）,.csv,52,2026-09-17T18:54:06+08:00,CSV,utf-8-sig,CenterLongitude; CenterLatitude,CenterLongitude; CenterLatitude,,,,2,海保署,需確認各提供者授權條件,高（涉及安全決策風險）,live_or_time_series_candidate,時序工具候選,海保署 座標或後設 資料。研究統計優先使用 qc 品管版本。不可列為 document_rag_candidate。歷史資料僅可回答歷史描述，不可提供當日下水安全判定。,確認時區（疑似 UTC+8）；確認授權（海保署）；確認 qc 與 realtime 時間範圍
歷史品管、即時海氣象水文觀測資料\海保署\外垵4海浬外\2023_2025.csv,歷史品管與即時海氣象水文觀測資料（海保署）,.csv,1943,2026-09-17T18:54:06+08:00,CSV,utf-8-sig,測站編號; 時間; 氣溫; 鹽度; 水溫; 酸鹼值; 懸浮固體; 溶氧(電極法); 溶氧飽和度; 葉綠素a; 氨氮; 硝酸鹽氮; 正磷酸鹽; 亞硝酸鹽氮; 矽酸鹽,,,時間,2023–2025,15,海保署,需確認各提供者授權條件,高（涉及安全決策風險）,live_or_time_series_candidate,時序工具候選,海保署 座標或後設 資料。研究統計優先使用 qc 品管版本。不可列為 document_rag_candidate。歷史資料僅可回答歷史描述，不可提供當日下水安全判定。,確認時區（疑似 UTC+8）；確認授權（海保署）；確認 qc 與 realtime 時間範圍
歷史品管、即時海氣象水文觀測資料\海保署\外垵4海浬外\LonLat.csv,歷史品管與即時海氣象水文觀測資料（海保署）,.csv,52,2026-09-17T18:54:07+08:00,CSV,utf-8-sig,CenterLongitude; CenterLatitude,CenterLongitude; CenterLatitude,,,,2,海保署,需確認各提供者授權條件,高（涉及安全決策風險）,live_or_time_series_candidate,時序工具候選,海保署 座標或後設 資料。研究統計優先使用 qc 品管版本。不可列為 document_rag_candidate。歷史資料僅可回答歷史描述，不可提供當日下水安全判定。,確認時區（疑似 UTC+8）；確認授權（海保署）；確認 qc 與 realtime 時間範圍
歷史品管、即時海氣象水文觀測資料\海保署\大安溪口\2023_2025.csv,歷史品管與即時海氣象水文觀測資料（海保署）,.csv,1724,2026-09-17T18:54:07+08:00,CSV,utf-8-sig,測站編號; 時間; 氣溫; 鹽度; 水溫; 酸鹼值; 懸浮固體; 溶氧(電極法); 溶氧飽和度; 葉綠素a; 氨氮; 硝酸鹽氮; 正磷酸鹽; 亞硝酸鹽氮; 矽酸鹽,,,時間,2023–2025,15,海保署,需確認各提供者授權條件,高（涉及安全決策風險）,live_or_time_series_candidate,時序工具候選,海保署 座標或後設 資料。研究統計優先使用 qc 品管版本。不可列為 document_rag_candidate。歷史資料僅可回答歷史描述，不可提供當日下水安全判定。,確認時區（疑似 UTC+8）；確認授權（海保署）；確認 qc 與 realtime 時間範圍
歷史品管、即時海氣象水文觀測資料\海保署\大安溪口\LonLat.csv,歷史品管與即時海氣象水文觀測資料（海保署）,.csv,52,2026-09-17T18:54:07+08:00,CSV,utf-8-sig,CenterLongitude; CenterLatitude,CenterLongitude; CenterLatitude,,,,2,海保署,需確認各提供者授權條件,高（涉及安全決策風險）,live_or_time_series_candidate,時序工具候選,海保署 座標或後設 資料。研究統計優先使用 qc 品管版本。不可列為 document_rag_candidate。歷史資料僅可回答歷史描述，不可提供當日下水安全判定。,確認時區（疑似 UTC+8）；確認授權（海保署）；確認 qc 與 realtime 時間範圍
歷史品管、即時海氣象水文觀測資料\海保署\大安溪口外海\2023_2025.csv,歷史品管與即時海氣象水文觀測資料（海保署）,.csv,1706,2026-09-17T18:54:07+08:00,CSV,utf-8-sig,測站編號; 時間; 氣溫; 鹽度; 水溫; 酸鹼值; 懸浮固體; 溶氧(電極法); 溶氧飽和度; 葉綠素a; 氨氮; 硝酸鹽氮; 正磷酸鹽; 亞硝酸鹽氮; 矽酸鹽,,,時間,2023–2025,15,海保署,需確認各提供者授權條件,高（涉及安全決策風險）,live_or_time_series_candidate,時序工具候選,海保署 座標或後設 資料。研究統計優先使用 qc 品管版本。不可列為 document_rag_candidate。歷史資料僅可回答歷史描述，不可提供當日下水安全判定。,確認時區（疑似 UTC+8）；確認授權（海保署）；確認 qc 與 realtime 時間範圍
歷史品管、即時海氣象水文觀測資料\海保署\大安溪口外海\LonLat.csv,歷史品管與即時海氣象水文觀測資料（海保署）,.csv,50,2026-09-17T18:54:07+08:00,CSV,utf-8-sig,CenterLongitude; CenterLatitude,CenterLongitude; CenterLatitude,,,,2,海保署,需確認各提供者授權條件,高（涉及安全決策風險）,live_or_time_series_candidate,時序工具候選,海保署 座標或後設 資料。研究統計優先使用 qc 品管版本。不可列為 document_rag_candidate。歷史資料僅可回答歷史描述，不可提供當日下水安全判定。,確認時區（疑似 UTC+8）；確認授權（海保署）；確認 qc 與 realtime 時間範圍
歷史品管、即時海氣象水文觀測資料\海保署\大崛溪口\2023_2025.csv,歷史品管與即時海氣象水文觀測資料（海保署）,.csv,1741,2026-09-17T18:54:07+08:00,CSV,utf-8-sig,測站編號; 時間; 氣溫; 鹽度; 水溫; 酸鹼值; 懸浮固體; 溶氧(電極法); 溶氧飽和度; 葉綠素a; 氨氮; 硝酸鹽氮; 正磷酸鹽; 亞硝酸鹽氮; 矽酸鹽,,,時間,2023–2025,15,海保署,需確認各提供者授權條件,高（涉及安全決策風險）,live_or_time_series_candidate,時序工具候選,海保署 座標或後設 資料。研究統計優先使用 qc 品管版本。不可列為 document_rag_candidate。歷史資料僅可回答歷史描述，不可提供當日下水安全判定。,確認時區（疑似 UTC+8）；確認授權（海保署）；確認 qc 與 realtime 時間範圍
歷史品管、即時海氣象水文觀測資料\海保署\大崛溪口\LonLat.csv,歷史品管與即時海氣象水文觀測資料（海保署）,.csv,54,2026-09-17T18:54:07+08:00,CSV,utf-8-sig,CenterLongitude; CenterLatitude,CenterLongitude; CenterLatitude,,,,2,海保署,需確認各提供者授權條件,高（涉及安全決策風險）,live_or_time_series_candidate,時序工具候選,海保署 座標或後設 資料。研究統計優先使用 qc 品管版本。不可列為 document_rag_candidate。歷史資料僅可回答歷史描述，不可提供當日下水安全判定。,確認時區（疑似 UTC+8）；確認授權（海保署）；確認 qc 與 realtime 時間範圍
歷史品管、即時海氣象水文觀測資料\海保署\大崛溪口外海\2023_2025.csv,歷史品管與即時海氣象水文觀測資料（海保署）,.csv,1735,2026-09-17T18:54:07+08:00,CSV,utf-8-sig,測站編號; 時間; 氣溫; 鹽度; 水溫; 酸鹼值; 懸浮固體; 溶氧(電極法); 溶氧飽和度; 葉綠素a; 氨氮; 硝酸鹽氮; 正磷酸鹽; 亞硝酸鹽氮; 矽酸鹽,,,時間,2023–2025,15,海保署,需確認各提供者授權條件,高（涉及安全決策風險）,live_or_time_series_candidate,時序工具候選,海保署 座標或後設 資料。研究統計優先使用 qc 品管版本。不可列為 document_rag_candidate。歷史資料僅可回答歷史描述，不可提供當日下水安全判定。,確認時區（疑似 UTC+8）；確認授權（海保署）；確認 qc 與 realtime 時間範圍
歷史品管、即時海氣象水文觀測資料\海保署\大崛溪口外海\LonLat.csv,歷史品管與即時海氣象水文觀測資料（海保署）,.csv,54,2026-09-17T18:54:07+08:00,CSV,utf-8-sig,CenterLongitude; CenterLatitude,CenterLongitude; CenterLatitude,,,,2,海保署,需確認各提供者授權條件,高（涉及安全決策風險）,live_or_time_series_candidate,時序工具候選,海保署 座標或後設 資料。研究統計優先使用 qc 品管版本。不可列為 document_rag_candidate。歷史資料僅可回答歷史描述，不可提供當日下水安全判定。,確認時區（疑似 UTC+8）；確認授權（海保署）；確認 qc 與 realtime 時間範圍
歷史品管、即時海氣象水文觀測資料\海保署\大林火力發電廠導流堤外\2023_2025.csv,歷史品管與即時海氣象水文觀測資料（海保署）,.csv,1751,2026-09-17T18:54:07+08:00,CSV,utf-8-sig,測站編號; 時間; 氣溫; 鹽度; 水溫; 酸鹼值; 懸浮固體; 溶氧(電極法); 溶氧飽和度; 葉綠素a; 氨氮; 硝酸鹽氮; 正磷酸鹽; 亞硝酸鹽氮; 矽酸鹽,,,時間,2023–2025,15,海保署,需確認各提供者授權條件,高（涉及安全決策風險）,live_or_time_series_candidate,時序工具候選,海保署 座標或後設 資料。研究統計優先使用 qc 品管版本。不可列為 document_rag_candidate。歷史資料僅可回答歷史描述，不可提供當日下水安全判定。,確認時區（疑似 UTC+8）；確認授權（海保署）；確認 qc 與 realtime 時間範圍
歷史品管、即時海氣象水文觀測資料\海保署\大林火力發電廠導流堤外\LonLat.csv,歷史品管與即時海氣象水文觀測資料（海保署）,.csv,50,2026-09-17T18:54:07+08:00,CSV,utf-8-sig,CenterLongitude; CenterLatitude,CenterLongitude; CenterLatitude,,,,2,海保署,需確認各提供者授權條件,高（涉及安全決策風險）,live_or_time_series_candidate,時序工具候選,海保署 座標或後設 資料。研究統計優先使用 qc 品管版本。不可列為 document_rag_candidate。歷史資料僅可回答歷史描述，不可提供當日下水安全判定。,確認時區（疑似 UTC+8）；確認授權（海保署）；確認 qc 與 realtime 時間範圍
歷史品管、即時海氣象水文觀測資料\海保署\大林火力發電廠導流堤外海\2023_2025.csv,歷史品管與即時海氣象水文觀測資料（海保署）,.csv,1729,2026-09-17T18:54:07+08:00,CSV,utf-8-sig,測站編號; 時間; 氣溫; 鹽度; 水溫; 酸鹼值; 懸浮固體; 溶氧(電極法); 溶氧飽和度; 葉綠素a; 氨氮; 硝酸鹽氮; 正磷酸鹽; 亞硝酸鹽氮; 矽酸鹽,,,時間,2023–2025,15,海保署,需確認各提供者授權條件,高（涉及安全決策風險）,live_or_time_series_candidate,時序工具候選,海保署 座標或後設 資料。研究統計優先使用 qc 品管版本。不可列為 document_rag_candidate。歷史資料僅可回答歷史描述，不可提供當日下水安全判定。,確認時區（疑似 UTC+8）；確認授權（海保署）；確認 qc 與 realtime 時間範圍
歷史品管、即時海氣象水文觀測資料\海保署\大林火力發電廠導流堤外海\LonLat.csv,歷史品管與即時海氣象水文觀測資料（海保署）,.csv,50,2026-09-17T18:54:07+08:00,CSV,utf-8-sig,CenterLongitude; CenterLatitude,CenterLongitude; CenterLatitude,,,,2,海保署,需確認各提供者授權條件,高（涉及安全決策風險）,live_or_time_series_candidate,時序工具候選,海保署 座標或後設 資料。研究統計優先使用 qc 品管版本。不可列為 document_rag_candidate。歷史資料僅可回答歷史描述，不可提供當日下水安全判定。,確認時區（疑似 UTC+8）；確認授權（海保署）；確認 qc 與 realtime 時間範圍
歷史品管、即時海氣象水文觀測資料\海保署\大福漁港堤防外延伸約200m\2023_2025.csv,歷史品管與即時海氣象水文觀測資料（海保署）,.csv,738,2026-09-17T18:54:07+08:00,CSV,utf-8-sig,測站編號; 時間; 氣溫; 鹽度; 水溫; 酸鹼值; 懸浮固體; 溶氧(電極法); 溶氧飽和度; 葉綠素a; 氨氮; 硝酸鹽氮; 正磷酸鹽; 亞硝酸鹽氮; 矽酸鹽,,,時間,2023–2025,5,海保署,需確認各提供者授權條件,高（涉及安全決策風險）,live_or_time_series_candidate,時序工具候選,海保署 座標或後設 資料。研究統計優先使用 qc 品管版本。不可列為 document_rag_candidate。歷史資料僅可回答歷史描述，不可提供當日下水安全判定。,確認時區（疑似 UTC+8）；確認授權（海保署）；確認 qc 與 realtime 時間範圍
歷史品管、即時海氣象水文觀測資料\海保署\大福漁港堤防外延伸約200m\LonLat.csv,歷史品管與即時海氣象水文觀測資料（海保署）,.csv,46,2026-09-17T18:54:07+08:00,CSV,utf-8-sig,CenterLongitude; CenterLatitude,CenterLongitude; CenterLatitude,,,,2,海保署,需確認各提供者授權條件,高（涉及安全決策風險）,live_or_time_series_candidate,時序工具候選,海保署 座標或後設 資料。研究統計優先使用 qc 品管版本。不可列為 document_rag_candidate。歷史資料僅可回答歷史描述，不可提供當日下水安全判定。,確認時區（疑似 UTC+8）；確認授權（海保署）；確認 qc 與 realtime 時間範圍
歷史品管、即時海氣象水文觀測資料\海保署\大福漁港外堤防\2023_2025.csv,歷史品管與即時海氣象水文觀測資料（海保署）,.csv,1424,2026-09-17T18:54:07+08:00,CSV,utf-8-sig,測站編號; 時間; 氣溫; 鹽度; 水溫; 酸鹼值; 懸浮固體; 溶氧(電極法); 溶氧飽和度; 葉綠素a; 氨氮; 硝酸鹽氮; 正磷酸鹽; 亞硝酸鹽氮; 矽酸鹽,,,時間,2023–2025,11,海保署,需確認各提供者授權條件,高（涉及安全決策風險）,live_or_time_series_candidate,時序工具候選,海保署 座標或後設 資料。研究統計優先使用 qc 品管版本。不可列為 document_rag_candidate。歷史資料僅可回答歷史描述，不可提供當日下水安全判定。,確認時區（疑似 UTC+8）；確認授權（海保署）；確認 qc 與 realtime 時間範圍
歷史品管、即時海氣象水文觀測資料\海保署\大福漁港外堤防\LonLat.csv,歷史品管與即時海氣象水文觀測資料（海保署）,.csv,50,2026-09-17T18:54:07+08:00,CSV,utf-8-sig,CenterLongitude; CenterLatitude,CenterLongitude; CenterLatitude,,,,2,海保署,需確認各提供者授權條件,高（涉及安全決策風險）,live_or_time_series_candidate,時序工具候選,海保署 座標或後設 資料。研究統計優先使用 qc 品管版本。不可列為 document_rag_candidate。歷史資料僅可回答歷史描述，不可提供當日下水安全判定。,確認時區（疑似 UTC+8）；確認授權（海保署）；確認 qc 與 realtime 時間範圍
歷史品管、即時海氣象水文觀測資料\海保署\大福漁港外堤防向外延伸500m\2023_2025.csv,歷史品管與即時海氣象水文觀測資料（海保署）,.csv,1254,2026-09-17T18:54:07+08:00,CSV,utf-8-sig,測站編號; 時間; 氣溫; 鹽度; 水溫; 酸鹼值; 懸浮固體; 溶氧(電極法); 溶氧飽和度; 葉綠素a; 氨氮; 硝酸鹽氮; 正磷酸鹽; 亞硝酸鹽氮; 矽酸鹽,,,時間,2023–2025,9,海保署,需確認各提供者授權條件,高（涉及安全決策風險）,live_or_time_series_candidate,時序工具候選,海保署 座標或後設 資料。研究統計優先使用 qc 品管版本。不可列為 document_rag_candidate。歷史資料僅可回答歷史描述，不可提供當日下水安全判定。,確認時區（疑似 UTC+8）；確認授權（海保署）；確認 qc 與 realtime 時間範圍
歷史品管、即時海氣象水文觀測資料\海保署\大福漁港外堤防向外延伸500m\LonLat.csv,歷史品管與即時海氣象水文觀測資料（海保署）,.csv,50,2026-09-17T18:54:07+08:00,CSV,utf-8-sig,CenterLongitude; CenterLatitude,CenterLongitude; CenterLatitude,,,,2,海保署,需確認各提供者授權條件,高（涉及安全決策風險）,live_or_time_series_candidate,時序工具候選,海保署 座標或後設 資料。研究統計優先使用 qc 品管版本。不可列為 document_rag_candidate。歷史資料僅可回答歷史描述，不可提供當日下水安全判定。,確認時區（疑似 UTC+8）；確認授權（海保署）；確認 qc 與 realtime 時間範圍
歷史品管、即時海氣象水文觀測資料\海保署\大肚溪口\2023_2025.csv,歷史品管與即時海氣象水文觀測資料（海保署）,.csv,1761,2026-09-17T18:54:07+08:00,CSV,utf-8-sig,測站編號; 時間; 氣溫; 鹽度; 水溫; 酸鹼值; 懸浮固體; 溶氧(電極法); 溶氧飽和度; 葉綠素a; 氨氮; 硝酸鹽氮; 正磷酸鹽; 亞硝酸鹽氮; 矽酸鹽,,,時間,2023–2025,15,海保署,需確認各提供者授權條件,高（涉及安全決策風險）,live_or_time_series_candidate,時序工具候選,海保署 座標或後設 資料。研究統計優先使用 qc 品管版本。不可列為 document_rag_candidate。歷史資料僅可回答歷史描述，不可提供當日下水安全判定。,確認時區（疑似 UTC+8）；確認授權（海保署）；確認 qc 與 realtime 時間範圍
歷史品管、即時海氣象水文觀測資料\海保署\大肚溪口\LonLat.csv,歷史品管與即時海氣象水文觀測資料（海保署）,.csv,52,2026-09-17T18:54:07+08:00,CSV,utf-8-sig,CenterLongitude; CenterLatitude,CenterLongitude; CenterLatitude,,,,2,海保署,需確認各提供者授權條件,高（涉及安全決策風險）,live_or_time_series_candidate,時序工具候選,海保署 座標或後設 資料。研究統計優先使用 qc 品管版本。不可列為 document_rag_candidate。歷史資料僅可回答歷史描述，不可提供當日下水安全判定。,確認時區（疑似 UTC+8）；確認授權（海保署）；確認 qc 與 realtime 時間範圍
歷史品管、即時海氣象水文觀測資料\海保署\大肚溪口外4海浬\2023_2025.csv,歷史品管與即時海氣象水文觀測資料（海保署）,.csv,1753,2026-09-17T18:54:07+08:00,CSV,utf-8-sig,測站編號; 時間; 氣溫; 鹽度; 水溫; 酸鹼值; 懸浮固體; 溶氧(電極法); 溶氧飽和度; 葉綠素a; 氨氮; 硝酸鹽氮; 正磷酸鹽; 亞硝酸鹽氮; 矽酸鹽,,,時間,2023–2025,15,海保署,需確認各提供者授權條件,高（涉及安全決策風險）,live_or_time_series_candidate,時序工具候選,海保署 座標或後設 資料。研究統計優先使用 qc 品管版本。不可列為 document_rag_candidate。歷史資料僅可回答歷史描述，不可提供當日下水安全判定。,確認時區（疑似 UTC+8）；確認授權（海保署）；確認 qc 與 realtime 時間範圍
歷史品管、即時海氣象水文觀測資料\海保署\大肚溪口外4海浬\LonLat.csv,歷史品管與即時海氣象水文觀測資料（海保署）,.csv,50,2026-09-17T18:54:07+08:00,CSV,utf-8-sig,CenterLongitude; CenterLatitude,CenterLongitude; CenterLatitude,,,,2,海保署,需確認各提供者授權條件,高（涉及安全決策風險）,live_or_time_series_candidate,時序工具候選,海保署 座標或後設 資料。研究統計優先使用 qc 品管版本。不可列為 document_rag_candidate。歷史資料僅可回答歷史描述，不可提供當日下水安全判定。,確認時區（疑似 UTC+8）；確認授權（海保署）；確認 qc 與 realtime 時間範圍
歷史品管、即時海氣象水文觀測資料\海保署\大鵬灣灣內-1\2023_2025.csv,歷史品管與即時海氣象水文觀測資料（海保署）,.csv,1991,2026-09-17T18:54:07+08:00,CSV,utf-8-sig,測站編號; 時間; 氣溫; 鹽度; 水溫; 酸鹼值; 懸浮固體; 溶氧(電極法); 溶氧飽和度; 葉綠素a; 氨氮; 硝酸鹽氮; 正磷酸鹽; 亞硝酸鹽氮; 矽酸鹽,,,時間,2023–2025,16,海保署,需確認各提供者授權條件,高（涉及安全決策風險）,live_or_time_series_candidate,時序工具候選,海保署 座標或後設 資料。研究統計優先使用 qc 品管版本。不可列為 document_rag_candidate。歷史資料僅可回答歷史描述，不可提供當日下水安全判定。,確認時區（疑似 UTC+8）；確認授權（海保署）；確認 qc 與 realtime 時間範圍
歷史品管、即時海氣象水文觀測資料\海保署\大鵬灣灣內-1\LonLat.csv,歷史品管與即時海氣象水文觀測資料（海保署）,.csv,52,2026-09-17T18:54:07+08:00,CSV,utf-8-sig,CenterLongitude; CenterLatitude,CenterLongitude; CenterLatitude,,,,2,海保署,需確認各提供者授權條件,高（涉及安全決策風險）,live_or_time_series_candidate,時序工具候選,海保署 座標或後設 資料。研究統計優先使用 qc 品管版本。不可列為 document_rag_candidate。歷史資料僅可回答歷史描述，不可提供當日下水安全判定。,確認時區（疑似 UTC+8）；確認授權（海保署）；確認 qc 與 realtime 時間範圍
歷史品管、即時海氣象水文觀測資料\海保署\大鵬灣灣內-2\2023_2025.csv,歷史品管與即時海氣象水文觀測資料（海保署）,.csv,1758,2026-09-17T18:54:07+08:00,CSV,utf-8-sig,測站編號; 時間; 氣溫; 鹽度; 水溫; 酸鹼值; 懸浮固體; 溶氧(電極法); 溶氧飽和度; 葉綠素a; 氨氮; 硝酸鹽氮; 正磷酸鹽; 亞硝酸鹽氮; 矽酸鹽,,,時間,2023–2025,15,海保署,需確認各提供者授權條件,高（涉及安全決策風險）,live_or_time_series_candidate,時序工具候選,海保署 座標或後設 資料。研究統計優先使用 qc 品管版本。不可列為 document_rag_candidate。歷史資料僅可回答歷史描述，不可提供當日下水安全判定。,確認時區（疑似 UTC+8）；確認授權（海保署）；確認 qc 與 realtime 時間範圍
歷史品管、即時海氣象水文觀測資料\海保署\大鵬灣灣內-2\LonLat.csv,歷史品管與即時海氣象水文觀測資料（海保署）,.csv,51,2026-09-17T18:54:07+08:00,CSV,utf-8-sig,CenterLongitude; CenterLatitude,CenterLongitude; CenterLatitude,,,,2,海保署,需確認各提供者授權條件,高（涉及安全決策風險）,live_or_time_series_candidate,時序工具候選,海保署 座標或後設 資料。研究統計優先使用 qc 品管版本。不可列為 document_rag_candidate。歷史資料僅可回答歷史描述，不可提供當日下水安全判定。,確認時區（疑似 UTC+8）；確認授權（海保署）；確認 qc 與 realtime 時間範圍
歷史品管、即時海氣象水文觀測資料\海保署\安南區外海1\2023_2025.csv,歷史品管與即時海氣象水文觀測資料（海保署）,.csv,1711,2026-09-17T18:54:07+08:00,CSV,utf-8-sig,測站編號; 時間; 氣溫; 鹽度; 水溫; 酸鹼值; 懸浮固體; 溶氧(電極法); 溶氧飽和度; 葉綠素a; 氨氮; 硝酸鹽氮; 正磷酸鹽; 亞硝酸鹽氮; 矽酸鹽,,,時間,2023–2025,15,海保署,需確認各提供者授權條件,高（涉及安全決策風險）,live_or_time_series_candidate,時序工具候選,海保署 座標或後設 資料。研究統計優先使用 qc 品管版本。不可列為 document_rag_candidate。歷史資料僅可回答歷史描述，不可提供當日下水安全判定。,確認時區（疑似 UTC+8）；確認授權（海保署）；確認 qc 與 realtime 時間範圍
歷史品管、即時海氣象水文觀測資料\海保署\安南區外海1\LonLat.csv,歷史品管與即時海氣象水文觀測資料（海保署）,.csv,54,2026-09-17T18:54:07+08:00,CSV,utf-8-sig,CenterLongitude; CenterLatitude,CenterLongitude; CenterLatitude,,,,2,海保署,需確認各提供者授權條件,高（涉及安全決策風險）,live_or_time_series_candidate,時序工具候選,海保署 座標或後設 資料。研究統計優先使用 qc 品管版本。不可列為 document_rag_candidate。歷史資料僅可回答歷史描述，不可提供當日下水安全判定。,確認時區（疑似 UTC+8）；確認授權（海保署）；確認 qc 與 realtime 時間範圍
歷史品管、即時海氣象水文觀測資料\海保署\安南區外海2\2023_2025.csv,歷史品管與即時海氣象水文觀測資料（海保署）,.csv,1712,2026-09-17T18:54:07+08:00,CSV,utf-8-sig,測站編號; 時間; 氣溫; 鹽度; 水溫; 酸鹼值; 懸浮固體; 溶氧(電極法); 溶氧飽和度; 葉綠素a; 氨氮; 硝酸鹽氮; 正磷酸鹽; 亞硝酸鹽氮; 矽酸鹽,,,時間,2023–2025,15,海保署,需確認各提供者授權條件,高（涉及安全決策風險）,live_or_time_series_candidate,時序工具候選,海保署 座標或後設 資料。研究統計優先使用 qc 品管版本。不可列為 document_rag_candidate。歷史資料僅可回答歷史描述，不可提供當日下水安全判定。,確認時區（疑似 UTC+8）；確認授權（海保署）；確認 qc 與 realtime 時間範圍
歷史品管、即時海氣象水文觀測資料\海保署\安南區外海2\LonLat.csv,歷史品管與即時海氣象水文觀測資料（海保署）,.csv,53,2026-09-17T18:54:07+08:00,CSV,utf-8-sig,CenterLongitude; CenterLatitude,CenterLongitude; CenterLatitude,,,,2,海保署,需確認各提供者授權條件,高（涉及安全決策風險）,live_or_time_series_candidate,時序工具候選,海保署 座標或後設 資料。研究統計優先使用 qc 品管版本。不可列為 document_rag_candidate。歷史資料僅可回答歷史描述，不可提供當日下水安全判定。,確認時區（疑似 UTC+8）；確認授權（海保署）；確認 qc 與 realtime 時間範圍
歷史品管、即時海氣象水文觀測資料\海保署\客雅溪河口外4海浬處\2023_2025.csv,歷史品管與即時海氣象水文觀測資料（海保署）,.csv,1925,2026-09-17T18:54:07+08:00,CSV,utf-8-sig,測站編號; 時間; 氣溫; 鹽度; 水溫; 酸鹼值; 懸浮固體; 溶氧(電極法); 溶氧飽和度; 葉綠素a; 氨氮; 硝酸鹽氮; 正磷酸鹽; 亞硝酸鹽氮; 矽酸鹽,,,時間,2023–2025,15,海保署,需確認各提供者授權條件,高（涉及安全決策風險）,live_or_time_series_candidate,時序工具候選,海保署 座標或後設 資料。研究統計優先使用 qc 品管版本。不可列為 document_rag_candidate。歷史資料僅可回答歷史描述，不可提供當日下水安全判定。,確認時區（疑似 UTC+8）；確認授權（海保署）；確認 qc 與 realtime 時間範圍
歷史品管、即時海氣象水文觀測資料\海保署\客雅溪河口外4海浬處\LonLat.csv,歷史品管與即時海氣象水文觀測資料（海保署）,.csv,52,2026-09-17T18:54:07+08:00,CSV,utf-8-sig,CenterLongitude; CenterLatitude,CenterLongitude; CenterLatitude,,,,2,海保署,需確認各提供者授權條件,高（涉及安全決策風險）,live_or_time_series_candidate,時序工具候選,海保署 座標或後設 資料。研究統計優先使用 qc 品管版本。不可列為 document_rag_candidate。歷史資料僅可回答歷史描述，不可提供當日下水安全判定。,確認時區（疑似 UTC+8）；確認授權（海保署）；確認 qc 與 realtime 時間範圍
歷史品管、即時海氣象水文觀測資料\海保署\富岡港外\2023_2025.csv,歷史品管與即時海氣象水文觀測資料（海保署）,.csv,1733,2026-09-17T18:54:07+08:00,CSV,utf-8-sig,測站編號; 時間; 氣溫; 鹽度; 水溫; 酸鹼值; 懸浮固體; 溶氧(電極法); 溶氧飽和度; 葉綠素a; 氨氮; 硝酸鹽氮; 正磷酸鹽; 亞硝酸鹽氮; 矽酸鹽,,,時間,2023–2025,15,海保署,需確認各提供者授權條件,高（涉及安全決策風險）,live_or_time_series_candidate,時序工具候選,海保署 座標或後設 資料。研究統計優先使用 qc 品管版本。不可列為 document_rag_candidate。歷史資料僅可回答歷史描述，不可提供當日下水安全判定。,確認時區（疑似 UTC+8）；確認授權（海保署）；確認 qc 與 realtime 時間範圍
歷史品管、即時海氣象水文觀測資料\海保署\富岡港外\LonLat.csv,歷史品管與即時海氣象水文觀測資料（海保署）,.csv,51,2026-09-17T18:54:07+08:00,CSV,utf-8-sig,CenterLongitude; CenterLatitude,CenterLongitude; CenterLatitude,,,,2,海保署,需確認各提供者授權條件,高（涉及安全決策風險）,live_or_time_series_candidate,時序工具候選,海保署 座標或後設 資料。研究統計優先使用 qc 品管版本。不可列為 document_rag_candidate。歷史資料僅可回答歷史描述，不可提供當日下水安全判定。,確認時區（疑似 UTC+8）；確認授權（海保署）；確認 qc 與 realtime 時間範圍
歷史品管、即時海氣象水文觀測資料\海保署\布袋港外海一\2023_2025.csv,歷史品管與即時海氣象水文觀測資料（海保署）,.csv,1761,2026-09-17T18:54:07+08:00,CSV,utf-8-sig,測站編號; 時間; 氣溫; 鹽度; 水溫; 酸鹼值; 懸浮固體; 溶氧(電極法); 溶氧飽和度; 葉綠素a; 氨氮; 硝酸鹽氮; 正磷酸鹽; 亞硝酸鹽氮; 矽酸鹽,,,時間,2023–2025,15,海保署,需確認各提供者授權條件,高（涉及安全決策風險）,live_or_time_series_candidate,時序工具候選,海保署 座標或後設 資料。研究統計優先使用 qc 品管版本。不可列為 document_rag_candidate。歷史資料僅可回答歷史描述，不可提供當日下水安全判定。,確認時區（疑似 UTC+8）；確認授權（海保署）；確認 qc 與 realtime 時間範圍
歷史品管、即時海氣象水文觀測資料\海保署\布袋港外海一\LonLat.csv,歷史品管與即時海氣象水文觀測資料（海保署）,.csv,52,2026-09-17T18:54:07+08:00,CSV,utf-8-sig,CenterLongitude; CenterLatitude,CenterLongitude; CenterLatitude,,,,2,海保署,需確認各提供者授權條件,高（涉及安全決策風險）,live_or_time_series_candidate,時序工具候選,海保署 座標或後設 資料。研究統計優先使用 qc 品管版本。不可列為 document_rag_candidate。歷史資料僅可回答歷史描述，不可提供當日下水安全判定。,確認時區（疑似 UTC+8）；確認授權（海保署）；確認 qc 與 realtime 時間範圍
歷史品管、即時海氣象水文觀測資料\海保署\布袋港外海二\2023_2025.csv,歷史品管與即時海氣象水文觀測資料（海保署）,.csv,1755,2026-09-17T18:54:07+08:00,CSV,utf-8-sig,測站編號; 時間; 氣溫; 鹽度; 水溫; 酸鹼值; 懸浮固體; 溶氧(電極法); 溶氧飽和度; 葉綠素a; 氨氮; 硝酸鹽氮; 正磷酸鹽; 亞硝酸鹽氮; 矽酸鹽,,,時間,2023–2025,15,海保署,需確認各提供者授權條件,高（涉及安全決策風險）,live_or_time_series_candidate,時序工具候選,海保署 座標或後設 資料。研究統計優先使用 qc 品管版本。不可列為 document_rag_candidate。歷史資料僅可回答歷史描述，不可提供當日下水安全判定。,確認時區（疑似 UTC+8）；確認授權（海保署）；確認 qc 與 realtime 時間範圍
歷史品管、即時海氣象水文觀測資料\海保署\布袋港外海二\LonLat.csv,歷史品管與即時海氣象水文觀測資料（海保署）,.csv,52,2026-09-17T18:54:07+08:00,CSV,utf-8-sig,CenterLongitude; CenterLatitude,CenterLongitude; CenterLatitude,,,,2,海保署,需確認各提供者授權條件,高（涉及安全決策風險）,live_or_time_series_candidate,時序工具候選,海保署 座標或後設 資料。研究統計優先使用 qc 品管版本。不可列為 document_rag_candidate。歷史資料僅可回答歷史描述，不可提供當日下水安全判定。,確認時區（疑似 UTC+8）；確認授權（海保署）；確認 qc 與 realtime 時間範圍
歷史品管、即時海氣象水文觀測資料\海保署\彰濱沿海一\2023_2025.csv,歷史品管與即時海氣象水文觀測資料（海保署）,.csv,1961,2026-09-17T18:54:07+08:00,CSV,utf-8-sig,測站編號; 時間; 氣溫; 鹽度; 水溫; 酸鹼值; 懸浮固體; 溶氧(電極法); 溶氧飽和度; 葉綠素a; 氨氮; 硝酸鹽氮; 正磷酸鹽; 亞硝酸鹽氮; 矽酸鹽,,,時間,2023–2025,15,海保署,需確認各提供者授權條件,高（涉及安全決策風險）,live_or_time_series_candidate,時序工具候選,海保署 座標或後設 資料。研究統計優先使用 qc 品管版本。不可列為 document_rag_candidate。歷史資料僅可回答歷史描述，不可提供當日下水安全判定。,確認時區（疑似 UTC+8）；確認授權（海保署）；確認 qc 與 realtime 時間範圍
歷史品管、即時海氣象水文觀測資料\海保署\彰濱沿海一\LonLat.csv,歷史品管與即時海氣象水文觀測資料（海保署）,.csv,51,2026-09-17T18:54:07+08:00,CSV,utf-8-sig,CenterLongitude; CenterLatitude,CenterLongitude; CenterLatitude,,,,2,海保署,需確認各提供者授權條件,高（涉及安全決策風險）,live_or_time_series_candidate,時序工具候選,海保署 座標或後設 資料。研究統計優先使用 qc 品管版本。不可列為 document_rag_candidate。歷史資料僅可回答歷史描述，不可提供當日下水安全判定。,確認時區（疑似 UTC+8）；確認授權（海保署）；確認 qc 與 realtime 時間範圍
歷史品管、即時海氣象水文觀測資料\海保署\彰濱沿海三\2023_2025.csv,歷史品管與即時海氣象水文觀測資料（海保署）,.csv,1777,2026-09-17T18:54:07+08:00,CSV,utf-8-sig,測站編號; 時間; 氣溫; 鹽度; 水溫; 酸鹼值; 懸浮固體; 溶氧(電極法); 溶氧飽和度; 葉綠素a; 氨氮; 硝酸鹽氮; 正磷酸鹽; 亞硝酸鹽氮; 矽酸鹽,,,時間,2023–2025,15,海保署,需確認各提供者授權條件,高（涉及安全決策風險）,live_or_time_series_candidate,時序工具候選,海保署 座標或後設 資料。研究統計優先使用 qc 品管版本。不可列為 document_rag_candidate。歷史資料僅可回答歷史描述，不可提供當日下水安全判定。,確認時區（疑似 UTC+8）；確認授權（海保署）；確認 qc 與 realtime 時間範圍
歷史品管、即時海氣象水文觀測資料\海保署\彰濱沿海三\LonLat.csv,歷史品管與即時海氣象水文觀測資料（海保署）,.csv,52,2026-09-17T18:54:07+08:00,CSV,utf-8-sig,CenterLongitude; CenterLatitude,CenterLongitude; CenterLatitude,,,,2,海保署,需確認各提供者授權條件,高（涉及安全決策風險）,live_or_time_series_candidate,時序工具候選,海保署 座標或後設 資料。研究統計優先使用 qc 品管版本。不可列為 document_rag_candidate。歷史資料僅可回答歷史描述，不可提供當日下水安全判定。,確認時區（疑似 UTC+8）；確認授權（海保署）；確認 qc 與 realtime 時間範圍
歷史品管、即時海氣象水文觀測資料\海保署\彰濱沿海二\2023_2025.csv,歷史品管與即時海氣象水文觀測資料（海保署）,.csv,1761,2026-09-17T18:54:07+08:00,CSV,utf-8-sig,測站編號; 時間; 氣溫; 鹽度; 水溫; 酸鹼值; 懸浮固體; 溶氧(電極法); 溶氧飽和度; 葉綠素a; 氨氮; 硝酸鹽氮; 正磷酸鹽; 亞硝酸鹽氮; 矽酸鹽,,,時間,2023–2025,15,海保署,需確認各提供者授權條件,高（涉及安全決策風險）,live_or_time_series_candidate,時序工具候選,海保署 座標或後設 資料。研究統計優先使用 qc 品管版本。不可列為 document_rag_candidate。歷史資料僅可回答歷史描述，不可提供當日下水安全判定。,確認時區（疑似 UTC+8）；確認授權（海保署）；確認 qc 與 realtime 時間範圍
歷史品管、即時海氣象水文觀測資料\海保署\彰濱沿海二\LonLat.csv,歷史品管與即時海氣象水文觀測資料（海保署）,.csv,52,2026-09-17T18:54:07+08:00,CSV,utf-8-sig,CenterLongitude; CenterLatitude,CenterLongitude; CenterLatitude,,,,2,海保署,需確認各提供者授權條件,高（涉及安全決策風險）,live_or_time_series_candidate,時序工具候選,海保署 座標或後設 資料。研究統計優先使用 qc 品管版本。不可列為 document_rag_candidate。歷史資料僅可回答歷史描述，不可提供當日下水安全判定。,確認時區（疑似 UTC+8）；確認授權（海保署）；確認 qc 與 realtime 時間範圍
歷史品管、即時海氣象水文觀測資料\海保署\後壁湖漁港\2023_2025.csv,歷史品管與即時海氣象水文觀測資料（海保署）,.csv,1730,2026-09-17T18:54:07+08:00,CSV,utf-8-sig,測站編號; 時間; 氣溫; 鹽度; 水溫; 酸鹼值; 懸浮固體; 溶氧(電極法); 溶氧飽和度; 葉綠素a; 氨氮; 硝酸鹽氮; 正磷酸鹽; 亞硝酸鹽氮; 矽酸鹽,,,時間,2023–2025,15,海保署,需確認各提供者授權條件,高（涉及安全決策風險）,live_or_time_series_candidate,時序工具候選,海保署 座標或後設 資料。研究統計優先使用 qc 品管版本。不可列為 document_rag_candidate。歷史資料僅可回答歷史描述，不可提供當日下水安全判定。,確認時區（疑似 UTC+8）；確認授權（海保署）；確認 qc 與 realtime 時間範圍
歷史品管、即時海氣象水文觀測資料\海保署\後壁湖漁港\LonLat.csv,歷史品管與即時海氣象水文觀測資料（海保署）,.csv,52,2026-09-17T18:54:07+08:00,CSV,utf-8-sig,CenterLongitude; CenterLatitude,CenterLongitude; CenterLatitude,,,,2,海保署,需確認各提供者授權條件,高（涉及安全決策風險）,live_or_time_series_candidate,時序工具候選,海保署 座標或後設 資料。研究統計優先使用 qc 品管版本。不可列為 document_rag_candidate。歷史資料僅可回答歷史描述，不可提供當日下水安全判定。,確認時區（疑似 UTC+8）；確認授權（海保署）；確認 qc 與 realtime 時間範圍
歷史品管、即時海氣象水文觀測資料\海保署\後龍溪口\2023_2025.csv,歷史品管與即時海氣象水文觀測資料（海保署）,.csv,1709,2026-09-17T18:54:07+08:00,CSV,utf-8-sig,測站編號; 時間; 氣溫; 鹽度; 水溫; 酸鹼值; 懸浮固體; 溶氧(電極法); 溶氧飽和度; 葉綠素a; 氨氮; 硝酸鹽氮; 正磷酸鹽; 亞硝酸鹽氮; 矽酸鹽,,,時間,2023–2025,15,海保署,需確認各提供者授權條件,高（涉及安全決策風險）,live_or_time_series_candidate,時序工具候選,海保署 座標或後設 資料。研究統計優先使用 qc 品管版本。不可列為 document_rag_candidate。歷史資料僅可回答歷史描述，不可提供當日下水安全判定。,確認時區（疑似 UTC+8）；確認授權（海保署）；確認 qc 與 realtime 時間範圍
歷史品管、即時海氣象水文觀測資料\海保署\後龍溪口\LonLat.csv,歷史品管與即時海氣象水文觀測資料（海保署）,.csv,54,2026-09-17T18:54:07+08:00,CSV,utf-8-sig,CenterLongitude; CenterLatitude,CenterLongitude; CenterLatitude,,,,2,海保署,需確認各提供者授權條件,高（涉及安全決策風險）,live_or_time_series_candidate,時序工具候選,海保署 座標或後設 資料。研究統計優先使用 qc 品管版本。不可列為 document_rag_candidate。歷史資料僅可回答歷史描述，不可提供當日下水安全判定。,確認時區（疑似 UTC+8）；確認授權（海保署）；確認 qc 與 realtime 時間範圍
歷史品管、即時海氣象水文觀測資料\海保署\後龍溪口外海\2023_2025.csv,歷史品管與即時海氣象水文觀測資料（海保署）,.csv,1710,2026-09-17T18:54:07+08:00,CSV,utf-8-sig,測站編號; 時間; 氣溫; 鹽度; 水溫; 酸鹼值; 懸浮固體; 溶氧(電極法); 溶氧飽和度; 葉綠素a; 氨氮; 硝酸鹽氮; 正磷酸鹽; 亞硝酸鹽氮; 矽酸鹽,,,時間,2023–2025,15,海保署,需確認各提供者授權條件,高（涉及安全決策風險）,live_or_time_series_candidate,時序工具候選,海保署 座標或後設 資料。研究統計優先使用 qc 品管版本。不可列為 document_rag_candidate。歷史資料僅可回答歷史描述，不可提供當日下水安全判定。,確認時區（疑似 UTC+8）；確認授權（海保署）；確認 qc 與 realtime 時間範圍
歷史品管、即時海氣象水文觀測資料\海保署\後龍溪口外海\LonLat.csv,歷史品管與即時海氣象水文觀測資料（海保署）,.csv,50,2026-09-17T18:54:07+08:00,CSV,utf-8-sig,CenterLongitude; CenterLatitude,CenterLongitude; CenterLatitude,,,,2,海保署,需確認各提供者授權條件,高（涉及安全決策風險）,live_or_time_series_candidate,時序工具候選,海保署 座標或後設 資料。研究統計優先使用 qc 品管版本。不可列為 document_rag_candidate。歷史資料僅可回答歷史描述，不可提供當日下水安全判定。,確認時區（疑似 UTC+8）；確認授權（海保署）；確認 qc 與 realtime 時間範圍
歷史品管、即時海氣象水文觀測資料\海保署\得子口溪口\2023_2025.csv,歷史品管與即時海氣象水文觀測資料（海保署）,.csv,1722,2026-09-17T18:54:07+08:00,CSV,utf-8-sig,測站編號; 時間; 氣溫; 鹽度; 水溫; 酸鹼值; 懸浮固體; 溶氧(電極法); 溶氧飽和度; 葉綠素a; 氨氮; 硝酸鹽氮; 正磷酸鹽; 亞硝酸鹽氮; 矽酸鹽,,,時間,2023–2025,15,海保署,需確認各提供者授權條件,高（涉及安全決策風險）,live_or_time_series_candidate,時序工具候選,海保署 座標或後設 資料。研究統計優先使用 qc 品管版本。不可列為 document_rag_candidate。歷史資料僅可回答歷史描述，不可提供當日下水安全判定。,確認時區（疑似 UTC+8）；確認授權（海保署）；確認 qc 與 realtime 時間範圍
歷史品管、即時海氣象水文觀測資料\海保署\得子口溪口\LonLat.csv,歷史品管與即時海氣象水文觀測資料（海保署）,.csv,52,2026-09-17T18:54:07+08:00,CSV,utf-8-sig,CenterLongitude; CenterLatitude,CenterLongitude; CenterLatitude,,,,2,海保署,需確認各提供者授權條件,高（涉及安全決策風險）,live_or_time_series_candidate,時序工具候選,海保署 座標或後設 資料。研究統計優先使用 qc 品管版本。不可列為 document_rag_candidate。歷史資料僅可回答歷史描述，不可提供當日下水安全判定。,確認時區（疑似 UTC+8）；確認授權（海保署）；確認 qc 與 realtime 時間範圍
歷史品管、即時海氣象水文觀測資料\海保署\成功港外海\2023_2025.csv,歷史品管與即時海氣象水文觀測資料（海保署）,.csv,1730,2026-09-17T18:54:07+08:00,CSV,utf-8-sig,測站編號; 時間; 氣溫; 鹽度; 水溫; 酸鹼值; 懸浮固體; 溶氧(電極法); 溶氧飽和度; 葉綠素a; 氨氮; 硝酸鹽氮; 正磷酸鹽; 亞硝酸鹽氮; 矽酸鹽,,,時間,2023–2025,15,海保署,需確認各提供者授權條件,高（涉及安全決策風險）,live_or_time_series_candidate,時序工具候選,海保署 座標或後設 資料。研究統計優先使用 qc 品管版本。不可列為 document_rag_candidate。歷史資料僅可回答歷史描述，不可提供當日下水安全判定。,確認時區（疑似 UTC+8）；確認授權（海保署）；確認 qc 與 realtime 時間範圍
歷史品管、即時海氣象水文觀測資料\海保署\成功港外海\LonLat.csv,歷史品管與即時海氣象水文觀測資料（海保署）,.csv,51,2026-09-17T18:54:07+08:00,CSV,utf-8-sig,CenterLongitude; CenterLatitude,CenterLongitude; CenterLatitude,,,,2,海保署,需確認各提供者授權條件,高（涉及安全決策風險）,live_or_time_series_candidate,時序工具候選,海保署 座標或後設 資料。研究統計優先使用 qc 品管版本。不可列為 document_rag_candidate。歷史資料僅可回答歷史描述，不可提供當日下水安全判定。,確認時區（疑似 UTC+8）；確認授權（海保署）；確認 qc 與 realtime 時間範圍
歷史品管、即時海氣象水文觀測資料\海保署\新南崁溪口\2023_2025.csv,歷史品管與即時海氣象水文觀測資料（海保署）,.csv,1765,2026-09-17T18:54:07+08:00,CSV,utf-8-sig,測站編號; 時間; 氣溫; 鹽度; 水溫; 酸鹼值; 懸浮固體; 溶氧(電極法); 溶氧飽和度; 葉綠素a; 氨氮; 硝酸鹽氮; 正磷酸鹽; 亞硝酸鹽氮; 矽酸鹽,,,時間,2023–2025,15,海保署,需確認各提供者授權條件,高（涉及安全決策風險）,live_or_time_series_candidate,時序工具候選,海保署 座標或後設 資料。研究統計優先使用 qc 品管版本。不可列為 document_rag_candidate。歷史資料僅可回答歷史描述，不可提供當日下水安全判定。,確認時區（疑似 UTC+8）；確認授權（海保署）；確認 qc 與 realtime 時間範圍
歷史品管、即時海氣象水文觀測資料\海保署\新南崁溪口\LonLat.csv,歷史品管與即時海氣象水文觀測資料（海保署）,.csv,51,2026-09-17T18:54:07+08:00,CSV,utf-8-sig,CenterLongitude; CenterLatitude,CenterLongitude; CenterLatitude,,,,2,海保署,需確認各提供者授權條件,高（涉及安全決策風險）,live_or_time_series_candidate,時序工具候選,海保署 座標或後設 資料。研究統計優先使用 qc 品管版本。不可列為 document_rag_candidate。歷史資料僅可回答歷史描述，不可提供當日下水安全判定。,確認時區（疑似 UTC+8）；確認授權（海保署）；確認 qc 與 realtime 時間範圍
歷史品管、即時海氣象水文觀測資料\海保署\新城溪口\2023_2025.csv,歷史品管與即時海氣象水文觀測資料（海保署）,.csv,1748,2026-09-17T18:54:07+08:00,CSV,utf-8-sig,測站編號; 時間; 氣溫; 鹽度; 水溫; 酸鹼值; 懸浮固體; 溶氧(電極法); 溶氧飽和度; 葉綠素a; 氨氮; 硝酸鹽氮; 正磷酸鹽; 亞硝酸鹽氮; 矽酸鹽,,,時間,2023–2025,15,海保署,需確認各提供者授權條件,高（涉及安全決策風險）,live_or_time_series_candidate,時序工具候選,海保署 座標或後設 資料。研究統計優先使用 qc 品管版本。不可列為 document_rag_candidate。歷史資料僅可回答歷史描述，不可提供當日下水安全判定。,確認時區（疑似 UTC+8）；確認授權（海保署）；確認 qc 與 realtime 時間範圍
歷史品管、即時海氣象水文觀測資料\海保署\新城溪口\LonLat.csv,歷史品管與即時海氣象水文觀測資料（海保署）,.csv,52,2026-09-17T18:54:07+08:00,CSV,utf-8-sig,CenterLongitude; CenterLatitude,CenterLongitude; CenterLatitude,,,,2,海保署,需確認各提供者授權條件,高（涉及安全決策風險）,live_or_time_series_candidate,時序工具候選,海保署 座標或後設 資料。研究統計優先使用 qc 品管版本。不可列為 document_rag_candidate。歷史資料僅可回答歷史描述，不可提供當日下水安全判定。,確認時區（疑似 UTC+8）；確認授權（海保署）；確認 qc 與 realtime 時間範圍
歷史品管、即時海氣象水文觀測資料\海保署\旗津\2023_2025.csv,歷史品管與即時海氣象水文觀測資料（海保署）,.csv,1922,2026-09-17T18:54:07+08:00,CSV,utf-8-sig,測站編號; 時間; 氣溫; 鹽度; 水溫; 酸鹼值; 懸浮固體; 溶氧(電極法); 溶氧飽和度; 葉綠素a; 氨氮; 硝酸鹽氮; 正磷酸鹽; 亞硝酸鹽氮; 矽酸鹽,,,時間,2023–2025,15,海保署,需確認各提供者授權條件,高（涉及安全決策風險）,live_or_time_series_candidate,時序工具候選,海保署 座標或後設 資料。研究統計優先使用 qc 品管版本。不可列為 document_rag_candidate。歷史資料僅可回答歷史描述，不可提供當日下水安全判定。,確認時區（疑似 UTC+8）；確認授權（海保署）；確認 qc 與 realtime 時間範圍
歷史品管、即時海氣象水文觀測資料\海保署\旗津\LonLat.csv,歷史品管與即時海氣象水文觀測資料（海保署）,.csv,51,2026-09-17T18:54:07+08:00,CSV,utf-8-sig,CenterLongitude; CenterLatitude,CenterLongitude; CenterLatitude,,,,2,海保署,需確認各提供者授權條件,高（涉及安全決策風險）,live_or_time_series_candidate,時序工具候選,海保署 座標或後設 資料。研究統計優先使用 qc 品管版本。不可列為 document_rag_candidate。歷史資料僅可回答歷史描述，不可提供當日下水安全判定。,確認時區（疑似 UTC+8）；確認授權（海保署）；確認 qc 與 realtime 時間範圍
歷史品管、即時海氣象水文觀測資料\海保署\曾文溪口\2023_2025.csv,歷史品管與即時海氣象水文觀測資料（海保署）,.csv,1752,2026-09-17T18:54:07+08:00,CSV,utf-8-sig,測站編號; 時間; 氣溫; 鹽度; 水溫; 酸鹼值; 懸浮固體; 溶氧(電極法); 溶氧飽和度; 葉綠素a; 氨氮; 硝酸鹽氮; 正磷酸鹽; 亞硝酸鹽氮; 矽酸鹽,,,時間,2023–2025,15,海保署,需確認各提供者授權條件,高（涉及安全決策風險）,live_or_time_series_candidate,時序工具候選,海保署 座標或後設 資料。研究統計優先使用 qc 品管版本。不可列為 document_rag_candidate。歷史資料僅可回答歷史描述，不可提供當日下水安全判定。,確認時區（疑似 UTC+8）；確認授權（海保署）；確認 qc 與 realtime 時間範圍
歷史品管、即時海氣象水文觀測資料\海保署\曾文溪口\LonLat.csv,歷史品管與即時海氣象水文觀測資料（海保署）,.csv,50,2026-09-17T18:54:07+08:00,CSV,utf-8-sig,CenterLongitude; CenterLatitude,CenterLongitude; CenterLatitude,,,,2,海保署,需確認各提供者授權條件,高（涉及安全決策風險）,live_or_time_series_candidate,時序工具候選,海保署 座標或後設 資料。研究統計優先使用 qc 品管版本。不可列為 document_rag_candidate。歷史資料僅可回答歷史描述，不可提供當日下水安全判定。,確認時區（疑似 UTC+8）；確認授權（海保署）；確認 qc 與 realtime 時間範圍
歷史品管、即時海氣象水文觀測資料\海保署\望安海域\2023_2025.csv,歷史品管與即時海氣象水文觀測資料（海保署）,.csv,1736,2026-09-17T18:54:07+08:00,CSV,utf-8-sig,測站編號; 時間; 氣溫; 鹽度; 水溫; 酸鹼值; 懸浮固體; 溶氧(電極法); 溶氧飽和度; 葉綠素a; 氨氮; 硝酸鹽氮; 正磷酸鹽; 亞硝酸鹽氮; 矽酸鹽,,,時間,2023–2025,15,海保署,需確認各提供者授權條件,高（涉及安全決策風險）,live_or_time_series_candidate,時序工具候選,海保署 座標或後設 資料。研究統計優先使用 qc 品管版本。不可列為 document_rag_candidate。歷史資料僅可回答歷史描述，不可提供當日下水安全判定。,確認時區（疑似 UTC+8）；確認授權（海保署）；確認 qc 與 realtime 時間範圍
歷史品管、即時海氣象水文觀測資料\海保署\望安海域\LonLat.csv,歷史品管與即時海氣象水文觀測資料（海保署）,.csv,52,2026-09-17T18:54:07+08:00,CSV,utf-8-sig,CenterLongitude; CenterLatitude,CenterLongitude; CenterLatitude,,,,2,海保署,需確認各提供者授權條件,高（涉及安全決策風險）,live_or_time_series_candidate,時序工具候選,海保署 座標或後設 資料。研究統計優先使用 qc 品管版本。不可列為 document_rag_candidate。歷史資料僅可回答歷史描述，不可提供當日下水安全判定。,確認時區（疑似 UTC+8）；確認授權（海保署）；確認 qc 與 realtime 時間範圍
歷史品管、即時海氣象水文觀測資料\海保署\朴子溪口外4海浬\2023_2025.csv,歷史品管與即時海氣象水文觀測資料（海保署）,.csv,1768,2026-09-17T18:54:07+08:00,CSV,utf-8-sig,測站編號; 時間; 氣溫; 鹽度; 水溫; 酸鹼值; 懸浮固體; 溶氧(電極法); 溶氧飽和度; 葉綠素a; 氨氮; 硝酸鹽氮; 正磷酸鹽; 亞硝酸鹽氮; 矽酸鹽,,,時間,2023–2025,15,海保署,需確認各提供者授權條件,高（涉及安全決策風險）,live_or_time_series_candidate,時序工具候選,海保署 座標或後設 資料。研究統計優先使用 qc 品管版本。不可列為 document_rag_candidate。歷史資料僅可回答歷史描述，不可提供當日下水安全判定。,確認時區（疑似 UTC+8）；確認授權（海保署）；確認 qc 與 realtime 時間範圍
歷史品管、即時海氣象水文觀測資料\海保署\朴子溪口外4海浬\LonLat.csv,歷史品管與即時海氣象水文觀測資料（海保署）,.csv,52,2026-09-17T18:54:07+08:00,CSV,utf-8-sig,CenterLongitude; CenterLatitude,CenterLongitude; CenterLatitude,,,,2,海保署,需確認各提供者授權條件,高（涉及安全決策風險）,live_or_time_series_candidate,時序工具候選,海保署 座標或後設 資料。研究統計優先使用 qc 品管版本。不可列為 document_rag_candidate。歷史資料僅可回答歷史描述，不可提供當日下水安全判定。,確認時區（疑似 UTC+8）；確認授權（海保署）；確認 qc 與 realtime 時間範圍
歷史品管、即時海氣象水文觀測資料\海保署\杉福漁港10m\2023_2025.csv,歷史品管與即時海氣象水文觀測資料（海保署）,.csv,1437,2026-09-17T18:54:07+08:00,CSV,utf-8-sig,測站編號; 時間; 氣溫; 鹽度; 水溫; 酸鹼值; 懸浮固體; 溶氧(電極法); 溶氧飽和度; 葉綠素a; 氨氮; 硝酸鹽氮; 正磷酸鹽; 亞硝酸鹽氮; 矽酸鹽,,,時間,2023–2025,12,海保署,需確認各提供者授權條件,高（涉及安全決策風險）,live_or_time_series_candidate,時序工具候選,海保署 座標或後設 資料。研究統計優先使用 qc 品管版本。不可列為 document_rag_candidate。歷史資料僅可回答歷史描述，不可提供當日下水安全判定。,確認時區（疑似 UTC+8）；確認授權（海保署）；確認 qc 與 realtime 時間範圍
歷史品管、即時海氣象水文觀測資料\海保署\杉福漁港10m\LonLat.csv,歷史品管與即時海氣象水文觀測資料（海保署）,.csv,54,2026-09-17T18:54:07+08:00,CSV,utf-8-sig,CenterLongitude; CenterLatitude,CenterLongitude; CenterLatitude,,,,2,海保署,需確認各提供者授權條件,高（涉及安全決策風險）,live_or_time_series_candidate,時序工具候選,海保署 座標或後設 資料。研究統計優先使用 qc 品管版本。不可列為 document_rag_candidate。歷史資料僅可回答歷史描述，不可提供當日下水安全判定。,確認時區（疑似 UTC+8）；確認授權（海保署）；確認 qc 與 realtime 時間範圍
歷史品管、即時海氣象水文觀測資料\海保署\杉福漁港5m\2023_2025.csv,歷史品管與即時海氣象水文觀測資料（海保署）,.csv,1465,2026-09-17T18:54:07+08:00,CSV,utf-8-sig,測站編號; 時間; 氣溫; 鹽度; 水溫; 酸鹼值; 懸浮固體; 溶氧(電極法); 溶氧飽和度; 葉綠素a; 氨氮; 硝酸鹽氮; 正磷酸鹽; 亞硝酸鹽氮; 矽酸鹽,,,時間,2023–2025,12,海保署,需確認各提供者授權條件,高（涉及安全決策風險）,live_or_time_series_candidate,時序工具候選,海保署 座標或後設 資料。研究統計優先使用 qc 品管版本。不可列為 document_rag_candidate。歷史資料僅可回答歷史描述，不可提供當日下水安全判定。,確認時區（疑似 UTC+8）；確認授權（海保署）；確認 qc 與 realtime 時間範圍
歷史品管、即時海氣象水文觀測資料\海保署\杉福漁港5m\LonLat.csv,歷史品管與即時海氣象水文觀測資料（海保署）,.csv,54,2026-09-17T18:54:07+08:00,CSV,utf-8-sig,CenterLongitude; CenterLatitude,CenterLongitude; CenterLatitude,,,,2,海保署,需確認各提供者授權條件,高（涉及安全決策風險）,live_or_time_series_candidate,時序工具候選,海保署 座標或後設 資料。研究統計優先使用 qc 品管版本。不可列為 document_rag_candidate。歷史資料僅可回答歷史描述，不可提供當日下水安全判定。,確認時區（疑似 UTC+8）；確認授權（海保署）；確認 qc 與 realtime 時間範圍
歷史品管、即時海氣象水文觀測資料\海保署\杉福漁港港嘴\2023_2025.csv,歷史品管與即時海氣象水文觀測資料（海保署）,.csv,740,2026-09-17T18:54:07+08:00,CSV,utf-8-sig,測站編號; 時間; 氣溫; 鹽度; 水溫; 酸鹼值; 懸浮固體; 溶氧(電極法); 溶氧飽和度; 葉綠素a; 氨氮; 硝酸鹽氮; 正磷酸鹽; 亞硝酸鹽氮; 矽酸鹽,,,時間,2023–2025,5,海保署,需確認各提供者授權條件,高（涉及安全決策風險）,live_or_time_series_candidate,時序工具候選,海保署 座標或後設 資料。研究統計優先使用 qc 品管版本。不可列為 document_rag_candidate。歷史資料僅可回答歷史描述，不可提供當日下水安全判定。,確認時區（疑似 UTC+8）；確認授權（海保署）；確認 qc 與 realtime 時間範圍
歷史品管、即時海氣象水文觀測資料\海保署\杉福漁港港嘴\LonLat.csv,歷史品管與即時海氣象水文觀測資料（海保署）,.csv,48,2026-09-17T18:54:07+08:00,CSV,utf-8-sig,CenterLongitude; CenterLatitude,CenterLongitude; CenterLatitude,,,,2,海保署,需確認各提供者授權條件,高（涉及安全決策風險）,live_or_time_series_candidate,時序工具候選,海保署 座標或後設 資料。研究統計優先使用 qc 品管版本。不可列為 document_rag_candidate。歷史資料僅可回答歷史描述，不可提供當日下水安全判定。,確認時區（疑似 UTC+8）；確認授權（海保署）；確認 qc 與 realtime 時間範圍
歷史品管、即時海氣象水文觀測資料\海保署\杉福漁港潮間帶1m\2023_2025.csv,歷史品管與即時海氣象水文觀測資料（海保署）,.csv,1487,2026-09-17T18:54:07+08:00,CSV,utf-8-sig,測站編號; 時間; 氣溫; 鹽度; 水溫; 酸鹼值; 懸浮固體; 溶氧(電極法); 溶氧飽和度; 葉綠素a; 氨氮; 硝酸鹽氮; 正磷酸鹽; 亞硝酸鹽氮; 矽酸鹽,,,時間,2023–2025,12,海保署,需確認各提供者授權條件,高（涉及安全決策風險）,live_or_time_series_candidate,時序工具候選,海保署 座標或後設 資料。研究統計優先使用 qc 品管版本。不可列為 document_rag_candidate。歷史資料僅可回答歷史描述，不可提供當日下水安全判定。,確認時區（疑似 UTC+8）；確認授權（海保署）；確認 qc 與 realtime 時間範圍
歷史品管、即時海氣象水文觀測資料\海保署\杉福漁港潮間帶1m\LonLat.csv,歷史品管與即時海氣象水文觀測資料（海保署）,.csv,54,2026-09-17T18:54:07+08:00,CSV,utf-8-sig,CenterLongitude; CenterLatitude,CenterLongitude; CenterLatitude,,,,2,海保署,需確認各提供者授權條件,高（涉及安全決策風險）,live_or_time_series_candidate,時序工具候選,海保署 座標或後設 資料。研究統計優先使用 qc 品管版本。不可列為 document_rag_candidate。歷史資料僅可回答歷史描述，不可提供當日下水安全判定。,確認時區（疑似 UTC+8）；確認授權（海保署）；確認 qc 與 realtime 時間範圍
歷史品管、即時海氣象水文觀測資料\海保署\杉福潮間帶\2023_2025.csv,歷史品管與即時海氣象水文觀測資料（海保署）,.csv,1217,2026-09-17T18:54:07+08:00,CSV,utf-8-sig,測站編號; 時間; 氣溫; 鹽度; 水溫; 酸鹼值; 懸浮固體; 溶氧(電極法); 溶氧飽和度; 葉綠素a; 氨氮; 硝酸鹽氮; 正磷酸鹽; 亞硝酸鹽氮; 矽酸鹽,,,時間,2023–2025,9,海保署,需確認各提供者授權條件,高（涉及安全決策風險）,live_or_time_series_candidate,時序工具候選,海保署 座標或後設 資料。研究統計優先使用 qc 品管版本。不可列為 document_rag_candidate。歷史資料僅可回答歷史描述，不可提供當日下水安全判定。,確認時區（疑似 UTC+8）；確認授權（海保署）；確認 qc 與 realtime 時間範圍
歷史品管、即時海氣象水文觀測資料\海保署\杉福潮間帶\LonLat.csv,歷史品管與即時海氣象水文觀測資料（海保署）,.csv,50,2026-09-17T18:54:07+08:00,CSV,utf-8-sig,CenterLongitude; CenterLatitude,CenterLongitude; CenterLatitude,,,,2,海保署,需確認各提供者授權條件,高（涉及安全決策風險）,live_or_time_series_candidate,時序工具候選,海保署 座標或後設 資料。研究統計優先使用 qc 品管版本。不可列為 document_rag_candidate。歷史資料僅可回答歷史描述，不可提供當日下水安全判定。,確認時區（疑似 UTC+8）；確認授權（海保署）；確認 qc 與 realtime 時間範圍
歷史品管、即時海氣象水文觀測資料\海保署\杉福潮間帶向外延伸500m\2023_2025.csv,歷史品管與即時海氣象水文觀測資料（海保署）,.csv,1230,2026-09-17T18:54:07+08:00,CSV,utf-8-sig,測站編號; 時間; 氣溫; 鹽度; 水溫; 酸鹼值; 懸浮固體; 溶氧(電極法); 溶氧飽和度; 葉綠素a; 氨氮; 硝酸鹽氮; 正磷酸鹽; 亞硝酸鹽氮; 矽酸鹽,,,時間,2023–2025,9,海保署,需確認各提供者授權條件,高（涉及安全決策風險）,live_or_time_series_candidate,時序工具候選,海保署 座標或後設 資料。研究統計優先使用 qc 品管版本。不可列為 document_rag_candidate。歷史資料僅可回答歷史描述，不可提供當日下水安全判定。,確認時區（疑似 UTC+8）；確認授權（海保署）；確認 qc 與 realtime 時間範圍
歷史品管、即時海氣象水文觀測資料\海保署\杉福潮間帶向外延伸500m\LonLat.csv,歷史品管與即時海氣象水文觀測資料（海保署）,.csv,49,2026-09-17T18:54:07+08:00,CSV,utf-8-sig,CenterLongitude; CenterLatitude,CenterLongitude; CenterLatitude,,,,2,海保署,需確認各提供者授權條件,高（涉及安全決策風險）,live_or_time_series_candidate,時序工具候選,海保署 座標或後設 資料。研究統計優先使用 qc 品管版本。不可列為 document_rag_candidate。歷史資料僅可回答歷史描述，不可提供當日下水安全判定。,確認時區（疑似 UTC+8）；確認授權（海保署）；確認 qc 與 realtime 時間範圍
歷史品管、即時海氣象水文觀測資料\海保署\杉福潮間帶外海延伸約200m\2023_2025.csv,歷史品管與即時海氣象水文觀測資料（海保署）,.csv,734,2026-09-17T18:54:07+08:00,CSV,utf-8-sig,測站編號; 時間; 氣溫; 鹽度; 水溫; 酸鹼值; 懸浮固體; 溶氧(電極法); 溶氧飽和度; 葉綠素a; 氨氮; 硝酸鹽氮; 正磷酸鹽; 亞硝酸鹽氮; 矽酸鹽,,,時間,2023–2025,5,海保署,需確認各提供者授權條件,高（涉及安全決策風險）,live_or_time_series_candidate,時序工具候選,海保署 座標或後設 資料。研究統計優先使用 qc 品管版本。不可列為 document_rag_candidate。歷史資料僅可回答歷史描述，不可提供當日下水安全判定。,確認時區（疑似 UTC+8）；確認授權（海保署）；確認 qc 與 realtime 時間範圍
歷史品管、即時海氣象水文觀測資料\海保署\杉福潮間帶外海延伸約200m\LonLat.csv,歷史品管與即時海氣象水文觀測資料（海保署）,.csv,48,2026-09-17T18:54:07+08:00,CSV,utf-8-sig,CenterLongitude; CenterLatitude,CenterLongitude; CenterLatitude,,,,2,海保署,需確認各提供者授權條件,高（涉及安全決策風險）,live_or_time_series_candidate,時序工具候選,海保署 座標或後設 資料。研究統計優先使用 qc 品管版本。不可列為 document_rag_candidate。歷史資料僅可回答歷史描述，不可提供當日下水安全判定。,確認時區（疑似 UTC+8）；確認授權（海保署）；確認 qc 與 realtime 時間範圍
歷史品管、即時海氣象水文觀測資料\海保署\東引北部沿海\2023_2025.csv,歷史品管與即時海氣象水文觀測資料（海保署）,.csv,1906,2026-09-17T18:54:07+08:00,CSV,utf-8-sig,測站編號; 時間; 氣溫; 鹽度; 水溫; 酸鹼值; 懸浮固體; 溶氧(電極法); 溶氧飽和度; 葉綠素a; 氨氮; 硝酸鹽氮; 正磷酸鹽; 亞硝酸鹽氮; 矽酸鹽,,,時間,2023–2025,15,海保署,需確認各提供者授權條件,高（涉及安全決策風險）,live_or_time_series_candidate,時序工具候選,海保署 座標或後設 資料。研究統計優先使用 qc 品管版本。不可列為 document_rag_candidate。歷史資料僅可回答歷史描述，不可提供當日下水安全判定。,確認時區（疑似 UTC+8）；確認授權（海保署）；確認 qc 與 realtime 時間範圍
歷史品管、即時海氣象水文觀測資料\海保署\東引北部沿海\LonLat.csv,歷史品管與即時海氣象水文觀測資料（海保署）,.csv,54,2026-09-17T18:54:07+08:00,CSV,utf-8-sig,CenterLongitude; CenterLatitude,CenterLongitude; CenterLatitude,,,,2,海保署,需確認各提供者授權條件,高（涉及安全決策風險）,live_or_time_series_candidate,時序工具候選,海保署 座標或後設 資料。研究統計優先使用 qc 品管版本。不可列為 document_rag_candidate。歷史資料僅可回答歷史描述，不可提供當日下水安全判定。,確認時區（疑似 UTC+8）；確認授權（海保署）；確認 qc 與 realtime 時間範圍
歷史品管、即時海氣象水文觀測資料\海保署\東港溪出海口\2023_2025.csv,歷史品管與即時海氣象水文觀測資料（海保署）,.csv,1754,2026-09-17T18:54:07+08:00,CSV,utf-8-sig,測站編號; 時間; 氣溫; 鹽度; 水溫; 酸鹼值; 懸浮固體; 溶氧(電極法); 溶氧飽和度; 葉綠素a; 氨氮; 硝酸鹽氮; 正磷酸鹽; 亞硝酸鹽氮; 矽酸鹽,,,時間,2023–2025,15,海保署,需確認各提供者授權條件,高（涉及安全決策風險）,live_or_time_series_candidate,時序工具候選,海保署 座標或後設 資料。研究統計優先使用 qc 品管版本。不可列為 document_rag_candidate。歷史資料僅可回答歷史描述，不可提供當日下水安全判定。,確認時區（疑似 UTC+8）；確認授權（海保署）；確認 qc 與 realtime 時間範圍
歷史品管、即時海氣象水文觀測資料\海保署\東港溪出海口\LonLat.csv,歷史品管與即時海氣象水文觀測資料（海保署）,.csv,52,2026-09-17T18:54:07+08:00,CSV,utf-8-sig,CenterLongitude; CenterLatitude,CenterLongitude; CenterLatitude,,,,2,海保署,需確認各提供者授權條件,高（涉及安全決策風險）,live_or_time_series_candidate,時序工具候選,海保署 座標或後設 資料。研究統計優先使用 qc 品管版本。不可列為 document_rag_candidate。歷史資料僅可回答歷史描述，不可提供當日下水安全判定。,確認時區（疑似 UTC+8）；確認授權（海保署）；確認 qc 與 realtime 時間範圍
歷史品管、即時海氣象水文觀測資料\海保署\東石港外海一\2023_2025.csv,歷史品管與即時海氣象水文觀測資料（海保署）,.csv,1768,2026-09-17T18:54:07+08:00,CSV,utf-8-sig,測站編號; 時間; 氣溫; 鹽度; 水溫; 酸鹼值; 懸浮固體; 溶氧(電極法); 溶氧飽和度; 葉綠素a; 氨氮; 硝酸鹽氮; 正磷酸鹽; 亞硝酸鹽氮; 矽酸鹽,,,時間,2023–2025,15,海保署,需確認各提供者授權條件,高（涉及安全決策風險）,live_or_time_series_candidate,時序工具候選,海保署 座標或後設 資料。研究統計優先使用 qc 品管版本。不可列為 document_rag_candidate。歷史資料僅可回答歷史描述，不可提供當日下水安全判定。,確認時區（疑似 UTC+8）；確認授權（海保署）；確認 qc 與 realtime 時間範圍
歷史品管、即時海氣象水文觀測資料\海保署\東石港外海一\LonLat.csv,歷史品管與即時海氣象水文觀測資料（海保署）,.csv,52,2026-09-17T18:54:07+08:00,CSV,utf-8-sig,CenterLongitude; CenterLatitude,CenterLongitude; CenterLatitude,,,,2,海保署,需確認各提供者授權條件,高（涉及安全決策風險）,live_or_time_series_candidate,時序工具候選,海保署 座標或後設 資料。研究統計優先使用 qc 品管版本。不可列為 document_rag_candidate。歷史資料僅可回答歷史描述，不可提供當日下水安全判定。,確認時區（疑似 UTC+8）；確認授權（海保署）；確認 qc 與 realtime 時間範圍
歷史品管、即時海氣象水文觀測資料\海保署\東石港外海二\2023_2025.csv,歷史品管與即時海氣象水文觀測資料（海保署）,.csv,1997,2026-09-17T18:54:07+08:00,CSV,utf-8-sig,測站編號; 時間; 氣溫; 鹽度; 水溫; 酸鹼值; 懸浮固體; 溶氧(電極法); 溶氧飽和度; 葉綠素a; 氨氮; 硝酸鹽氮; 正磷酸鹽; 亞硝酸鹽氮; 矽酸鹽,,,時間,2023–2025,15,海保署,需確認各提供者授權條件,高（涉及安全決策風險）,live_or_time_series_candidate,時序工具候選,海保署 座標或後設 資料。研究統計優先使用 qc 品管版本。不可列為 document_rag_candidate。歷史資料僅可回答歷史描述，不可提供當日下水安全判定。,確認時區（疑似 UTC+8）；確認授權（海保署）；確認 qc 與 realtime 時間範圍
歷史品管、即時海氣象水文觀測資料\海保署\東石港外海二\LonLat.csv,歷史品管與即時海氣象水文觀測資料（海保署）,.csv,52,2026-09-17T18:54:07+08:00,CSV,utf-8-sig,CenterLongitude; CenterLatitude,CenterLongitude; CenterLatitude,,,,2,海保署,需確認各提供者授權條件,高（涉及安全決策風險）,live_or_time_series_candidate,時序工具候選,海保署 座標或後設 資料。研究統計優先使用 qc 品管版本。不可列為 document_rag_candidate。歷史資料僅可回答歷史描述，不可提供當日下水安全判定。,確認時區（疑似 UTC+8）；確認授權（海保署）；確認 qc 與 realtime 時間範圍
歷史品管、即時海氣象水文觀測資料\海保署\林口發電廠\2023_2025.csv,歷史品管與即時海氣象水文觀測資料（海保署）,.csv,1761,2026-09-17T18:54:07+08:00,CSV,utf-8-sig,測站編號; 時間; 氣溫; 鹽度; 水溫; 酸鹼值; 懸浮固體; 溶氧(電極法); 溶氧飽和度; 葉綠素a; 氨氮; 硝酸鹽氮; 正磷酸鹽; 亞硝酸鹽氮; 矽酸鹽,,,時間,2023–2025,15,海保署,需確認各提供者授權條件,高（涉及安全決策風險）,live_or_time_series_candidate,時序工具候選,海保署 座標或後設 資料。研究統計優先使用 qc 品管版本。不可列為 document_rag_candidate。歷史資料僅可回答歷史描述，不可提供當日下水安全判定。,確認時區（疑似 UTC+8）；確認授權（海保署）；確認 qc 與 realtime 時間範圍
歷史品管、即時海氣象水文觀測資料\海保署\林口發電廠\LonLat.csv,歷史品管與即時海氣象水文觀測資料（海保署）,.csv,52,2026-09-17T18:54:07+08:00,CSV,utf-8-sig,CenterLongitude; CenterLatitude,CenterLongitude; CenterLatitude,,,,2,海保署,需確認各提供者授權條件,高（涉及安全決策風險）,live_or_time_series_candidate,時序工具候選,海保署 座標或後設 資料。研究統計優先使用 qc 品管版本。不可列為 document_rag_candidate。歷史資料僅可回答歷史描述，不可提供當日下水安全判定。,確認時區（疑似 UTC+8）；確認授權（海保署）；確認 qc 與 realtime 時間範圍
歷史品管、即時海氣象水文觀測資料\海保署\林口發電廠外海\2023_2025.csv,歷史品管與即時海氣象水文觀測資料（海保署）,.csv,1769,2026-09-17T18:54:07+08:00,CSV,utf-8-sig,測站編號; 時間; 氣溫; 鹽度; 水溫; 酸鹼值; 懸浮固體; 溶氧(電極法); 溶氧飽和度; 葉綠素a; 氨氮; 硝酸鹽氮; 正磷酸鹽; 亞硝酸鹽氮; 矽酸鹽,,,時間,2023–2025,15,海保署,需確認各提供者授權條件,高（涉及安全決策風險）,live_or_time_series_candidate,時序工具候選,海保署 座標或後設 資料。研究統計優先使用 qc 品管版本。不可列為 document_rag_candidate。歷史資料僅可回答歷史描述，不可提供當日下水安全判定。,確認時區（疑似 UTC+8）；確認授權（海保署）；確認 qc 與 realtime 時間範圍
歷史品管、即時海氣象水文觀測資料\海保署\林口發電廠外海\LonLat.csv,歷史品管與即時海氣象水文觀測資料（海保署）,.csv,52,2026-09-17T18:54:07+08:00,CSV,utf-8-sig,CenterLongitude; CenterLatitude,CenterLongitude; CenterLatitude,,,,2,海保署,需確認各提供者授權條件,高（涉及安全決策風險）,live_or_time_series_candidate,時序工具候選,海保署 座標或後設 資料。研究統計優先使用 qc 品管版本。不可列為 document_rag_candidate。歷史資料僅可回答歷史描述，不可提供當日下水安全判定。,確認時區（疑似 UTC+8）；確認授權（海保署）；確認 qc 與 realtime 時間範圍
歷史品管、即時海氣象水文觀測資料\海保署\核三廠入水口\2023_2025.csv,歷史品管與即時海氣象水文觀測資料（海保署）,.csv,1709,2026-09-17T18:54:07+08:00,CSV,utf-8-sig,測站編號; 時間; 氣溫; 鹽度; 水溫; 酸鹼值; 懸浮固體; 溶氧(電極法); 溶氧飽和度; 葉綠素a; 氨氮; 硝酸鹽氮; 正磷酸鹽; 亞硝酸鹽氮; 矽酸鹽,,,時間,2023–2025,15,海保署,需確認各提供者授權條件,高（涉及安全決策風險）,live_or_time_series_candidate,時序工具候選,海保署 座標或後設 資料。研究統計優先使用 qc 品管版本。不可列為 document_rag_candidate。歷史資料僅可回答歷史描述，不可提供當日下水安全判定。,確認時區（疑似 UTC+8）；確認授權（海保署）；確認 qc 與 realtime 時間範圍
歷史品管、即時海氣象水文觀測資料\海保署\核三廠入水口\LonLat.csv,歷史品管與即時海氣象水文觀測資料（海保署）,.csv,51,2026-09-17T18:54:07+08:00,CSV,utf-8-sig,CenterLongitude; CenterLatitude,CenterLongitude; CenterLatitude,,,,2,海保署,需確認各提供者授權條件,高（涉及安全決策風險）,live_or_time_series_candidate,時序工具候選,海保署 座標或後設 資料。研究統計優先使用 qc 品管版本。不可列為 document_rag_candidate。歷史資料僅可回答歷史描述，不可提供當日下水安全判定。,確認時區（疑似 UTC+8）；確認授權（海保署）；確認 qc 與 realtime 時間範圍
歷史品管、即時海氣象水文觀測資料\海保署\核三廠出水口右側\2023_2025.csv,歷史品管與即時海氣象水文觀測資料（海保署）,.csv,1895,2026-09-17T18:54:07+08:00,CSV,utf-8-sig,測站編號; 時間; 氣溫; 鹽度; 水溫; 酸鹼值; 懸浮固體; 溶氧(電極法); 溶氧飽和度; 葉綠素a; 氨氮; 硝酸鹽氮; 正磷酸鹽; 亞硝酸鹽氮; 矽酸鹽,,,時間,2023–2025,15,海保署,需確認各提供者授權條件,高（涉及安全決策風險）,live_or_time_series_candidate,時序工具候選,海保署 座標或後設 資料。研究統計優先使用 qc 品管版本。不可列為 document_rag_candidate。歷史資料僅可回答歷史描述，不可提供當日下水安全判定。,確認時區（疑似 UTC+8）；確認授權（海保署）；確認 qc 與 realtime 時間範圍
歷史品管、即時海氣象水文觀測資料\海保署\核三廠出水口右側\LonLat.csv,歷史品管與即時海氣象水文觀測資料（海保署）,.csv,50,2026-09-17T18:54:07+08:00,CSV,utf-8-sig,CenterLongitude; CenterLatitude,CenterLongitude; CenterLatitude,,,,2,海保署,需確認各提供者授權條件,高（涉及安全決策風險）,live_or_time_series_candidate,時序工具候選,海保署 座標或後設 資料。研究統計優先使用 qc 品管版本。不可列為 document_rag_candidate。歷史資料僅可回答歷史描述，不可提供當日下水安全判定。,確認時區（疑似 UTC+8）；確認授權（海保署）；確認 qc 與 realtime 時間範圍
歷史品管、即時海氣象水文觀測資料\海保署\核三廠出水口左側\2023_2025.csv,歷史品管與即時海氣象水文觀測資料（海保署）,.csv,1706,2026-09-17T18:54:07+08:00,CSV,utf-8-sig,測站編號; 時間; 氣溫; 鹽度; 水溫; 酸鹼值; 懸浮固體; 溶氧(電極法); 溶氧飽和度; 葉綠素a; 氨氮; 硝酸鹽氮; 正磷酸鹽; 亞硝酸鹽氮; 矽酸鹽,,,時間,2023–2025,15,海保署,需確認各提供者授權條件,高（涉及安全決策風險）,live_or_time_series_candidate,時序工具候選,海保署 座標或後設 資料。研究統計優先使用 qc 品管版本。不可列為 document_rag_candidate。歷史資料僅可回答歷史描述，不可提供當日下水安全判定。,確認時區（疑似 UTC+8）；確認授權（海保署）；確認 qc 與 realtime 時間範圍
歷史品管、即時海氣象水文觀測資料\海保署\核三廠出水口左側\LonLat.csv,歷史品管與即時海氣象水文觀測資料（海保署）,.csv,52,2026-09-17T18:54:07+08:00,CSV,utf-8-sig,CenterLongitude; CenterLatitude,CenterLongitude; CenterLatitude,,,,2,海保署,需確認各提供者授權條件,高（涉及安全決策風險）,live_or_time_series_candidate,時序工具候選,海保署 座標或後設 資料。研究統計優先使用 qc 品管版本。不可列為 document_rag_candidate。歷史資料僅可回答歷史描述，不可提供當日下水安全判定。,確認時區（疑似 UTC+8）；確認授權（海保署）；確認 qc 與 realtime 時間範圍
歷史品管、即時海氣象水文觀測資料\海保署\沙崙中油卸油設施一\2023_2025.csv,歷史品管與即時海氣象水文觀測資料（海保署）,.csv,1756,2026-09-17T18:54:08+08:00,CSV,utf-8-sig,測站編號; 時間; 氣溫; 鹽度; 水溫; 酸鹼值; 懸浮固體; 溶氧(電極法); 溶氧飽和度; 葉綠素a; 氨氮; 硝酸鹽氮; 正磷酸鹽; 亞硝酸鹽氮; 矽酸鹽,,,時間,2023–2025,15,海保署,需確認各提供者授權條件,高（涉及安全決策風險）,live_or_time_series_candidate,時序工具候選,海保署 座標或後設 資料。研究統計優先使用 qc 品管版本。不可列為 document_rag_candidate。歷史資料僅可回答歷史描述，不可提供當日下水安全判定。,確認時區（疑似 UTC+8）；確認授權（海保署）；確認 qc 與 realtime 時間範圍
歷史品管、即時海氣象水文觀測資料\海保署\沙崙中油卸油設施一\LonLat.csv,歷史品管與即時海氣象水文觀測資料（海保署）,.csv,51,2026-09-17T18:54:08+08:00,CSV,utf-8-sig,CenterLongitude; CenterLatitude,CenterLongitude; CenterLatitude,,,,2,海保署,需確認各提供者授權條件,高（涉及安全決策風險）,live_or_time_series_candidate,時序工具候選,海保署 座標或後設 資料。研究統計優先使用 qc 品管版本。不可列為 document_rag_candidate。歷史資料僅可回答歷史描述，不可提供當日下水安全判定。,確認時區（疑似 UTC+8）；確認授權（海保署）；確認 qc 與 realtime 時間範圍
歷史品管、即時海氣象水文觀測資料\海保署\沙崙中油卸油設施二\2023_2025.csv,歷史品管與即時海氣象水文觀測資料（海保署）,.csv,1948,2026-09-17T18:54:08+08:00,CSV,utf-8-sig,測站編號; 時間; 氣溫; 鹽度; 水溫; 酸鹼值; 懸浮固體; 溶氧(電極法); 溶氧飽和度; 葉綠素a; 氨氮; 硝酸鹽氮; 正磷酸鹽; 亞硝酸鹽氮; 矽酸鹽,,,時間,2023–2025,16,海保署,需確認各提供者授權條件,高（涉及安全決策風險）,live_or_time_series_candidate,時序工具候選,海保署 座標或後設 資料。研究統計優先使用 qc 品管版本。不可列為 document_rag_candidate。歷史資料僅可回答歷史描述，不可提供當日下水安全判定。,確認時區（疑似 UTC+8）；確認授權（海保署）；確認 qc 與 realtime 時間範圍
歷史品管、即時海氣象水文觀測資料\海保署\沙崙中油卸油設施二\LonLat.csv,歷史品管與即時海氣象水文觀測資料（海保署）,.csv,52,2026-09-17T18:54:08+08:00,CSV,utf-8-sig,CenterLongitude; CenterLatitude,CenterLongitude; CenterLatitude,,,,2,海保署,需確認各提供者授權條件,高（涉及安全決策風險）,live_or_time_series_candidate,時序工具候選,海保署 座標或後設 資料。研究統計優先使用 qc 品管版本。不可列為 document_rag_candidate。歷史資料僅可回答歷史描述，不可提供當日下水安全判定。,確認時區（疑似 UTC+8）；確認授權（海保署）；確認 qc 與 realtime 時間範圍
歷史品管、即時海氣象水文觀測資料\海保署\海子口10m\2023_2025.csv,歷史品管與即時海氣象水文觀測資料（海保署）,.csv,1449,2026-09-17T18:54:08+08:00,CSV,utf-8-sig,測站編號; 時間; 氣溫; 鹽度; 水溫; 酸鹼值; 懸浮固體; 溶氧(電極法); 溶氧飽和度; 葉綠素a; 氨氮; 硝酸鹽氮; 正磷酸鹽; 亞硝酸鹽氮; 矽酸鹽,,,時間,2023–2025,12,海保署,需確認各提供者授權條件,高（涉及安全決策風險）,live_or_time_series_candidate,時序工具候選,海保署 座標或後設 資料。研究統計優先使用 qc 品管版本。不可列為 document_rag_candidate。歷史資料僅可回答歷史描述，不可提供當日下水安全判定。,確認時區（疑似 UTC+8）；確認授權（海保署）；確認 qc 與 realtime 時間範圍
歷史品管、即時海氣象水文觀測資料\海保署\海子口10m\LonLat.csv,歷史品管與即時海氣象水文觀測資料（海保署）,.csv,52,2026-09-17T18:54:08+08:00,CSV,utf-8-sig,CenterLongitude; CenterLatitude,CenterLongitude; CenterLatitude,,,,2,海保署,需確認各提供者授權條件,高（涉及安全決策風險）,live_or_time_series_candidate,時序工具候選,海保署 座標或後設 資料。研究統計優先使用 qc 品管版本。不可列為 document_rag_candidate。歷史資料僅可回答歷史描述，不可提供當日下水安全判定。,確認時區（疑似 UTC+8）；確認授權（海保署）；確認 qc 與 realtime 時間範圍
歷史品管、即時海氣象水文觀測資料\海保署\海子口5m\2023_2025.csv,歷史品管與即時海氣象水文觀測資料（海保署）,.csv,1468,2026-09-17T18:54:08+08:00,CSV,utf-8-sig,測站編號; 時間; 氣溫; 鹽度; 水溫; 酸鹼值; 懸浮固體; 溶氧(電極法); 溶氧飽和度; 葉綠素a; 氨氮; 硝酸鹽氮; 正磷酸鹽; 亞硝酸鹽氮; 矽酸鹽,,,時間,2023–2025,12,海保署,需確認各提供者授權條件,高（涉及安全決策風險）,live_or_time_series_candidate,時序工具候選,海保署 座標或後設 資料。研究統計優先使用 qc 品管版本。不可列為 document_rag_candidate。歷史資料僅可回答歷史描述，不可提供當日下水安全判定。,確認時區（疑似 UTC+8）；確認授權（海保署）；確認 qc 與 realtime 時間範圍
歷史品管、即時海氣象水文觀測資料\海保署\海子口5m\LonLat.csv,歷史品管與即時海氣象水文觀測資料（海保署）,.csv,51,2026-09-17T18:54:08+08:00,CSV,utf-8-sig,CenterLongitude; CenterLatitude,CenterLongitude; CenterLatitude,,,,2,海保署,需確認各提供者授權條件,高（涉及安全決策風險）,live_or_time_series_candidate,時序工具候選,海保署 座標或後設 資料。研究統計優先使用 qc 品管版本。不可列為 document_rag_candidate。歷史資料僅可回答歷史描述，不可提供當日下水安全判定。,確認時區（疑似 UTC+8）；確認授權（海保署）；確認 qc 與 realtime 時間範圍
歷史品管、即時海氣象水文觀測資料\海保署\海子口潮間帶1m\2023_2025.csv,歷史品管與即時海氣象水文觀測資料（海保署）,.csv,1458,2026-09-17T18:54:08+08:00,CSV,utf-8-sig,測站編號; 時間; 氣溫; 鹽度; 水溫; 酸鹼值; 懸浮固體; 溶氧(電極法); 溶氧飽和度; 葉綠素a; 氨氮; 硝酸鹽氮; 正磷酸鹽; 亞硝酸鹽氮; 矽酸鹽,,,時間,2023–2025,12,海保署,需確認各提供者授權條件,高（涉及安全決策風險）,live_or_time_series_candidate,時序工具候選,海保署 座標或後設 資料。研究統計優先使用 qc 品管版本。不可列為 document_rag_candidate。歷史資料僅可回答歷史描述，不可提供當日下水安全判定。,確認時區（疑似 UTC+8）；確認授權（海保署）；確認 qc 與 realtime 時間範圍
歷史品管、即時海氣象水文觀測資料\海保署\海子口潮間帶1m\LonLat.csv,歷史品管與即時海氣象水文觀測資料（海保署）,.csv,54,2026-09-17T18:54:08+08:00,CSV,utf-8-sig,CenterLongitude; CenterLatitude,CenterLongitude; CenterLatitude,,,,2,海保署,需確認各提供者授權條件,高（涉及安全決策風險）,live_or_time_series_candidate,時序工具候選,海保署 座標或後設 資料。研究統計優先使用 qc 品管版本。不可列為 document_rag_candidate。歷史資料僅可回答歷史描述，不可提供當日下水安全判定。,確認時區（疑似 UTC+8）；確認授權（海保署）；確認 qc 與 realtime 時間範圍
歷史品管、即時海氣象水文觀測資料\海保署\海湖電廠\2023_2025.csv,歷史品管與即時海氣象水文觀測資料（海保署）,.csv,1764,2026-09-17T18:54:08+08:00,CSV,utf-8-sig,測站編號; 時間; 氣溫; 鹽度; 水溫; 酸鹼值; 懸浮固體; 溶氧(電極法); 溶氧飽和度; 葉綠素a; 氨氮; 硝酸鹽氮; 正磷酸鹽; 亞硝酸鹽氮; 矽酸鹽,,,時間,2023–2025,15,海保署,需確認各提供者授權條件,高（涉及安全決策風險）,live_or_time_series_candidate,時序工具候選,海保署 座標或後設 資料。研究統計優先使用 qc 品管版本。不可列為 document_rag_candidate。歷史資料僅可回答歷史描述，不可提供當日下水安全判定。,確認時區（疑似 UTC+8）；確認授權（海保署）；確認 qc 與 realtime 時間範圍
歷史品管、即時海氣象水文觀測資料\海保署\海湖電廠\LonLat.csv,歷史品管與即時海氣象水文觀測資料（海保署）,.csv,50,2026-09-17T18:54:08+08:00,CSV,utf-8-sig,CenterLongitude; CenterLatitude,CenterLongitude; CenterLatitude,,,,2,海保署,需確認各提供者授權條件,高（涉及安全決策風險）,live_or_time_series_candidate,時序工具候選,海保署 座標或後設 資料。研究統計優先使用 qc 品管版本。不可列為 document_rag_candidate。歷史資料僅可回答歷史描述，不可提供當日下水安全判定。,確認時區（疑似 UTC+8）；確認授權（海保署）；確認 qc 與 realtime 時間範圍
歷史品管、即時海氣象水文觀測資料\海保署\淡水河口外4海浬處\2023_2025.csv,歷史品管與即時海氣象水文觀測資料（海保署）,.csv,1748,2026-09-17T18:54:08+08:00,CSV,utf-8-sig,測站編號; 時間; 氣溫; 鹽度; 水溫; 酸鹼值; 懸浮固體; 溶氧(電極法); 溶氧飽和度; 葉綠素a; 氨氮; 硝酸鹽氮; 正磷酸鹽; 亞硝酸鹽氮; 矽酸鹽,,,時間,2023–2025,15,海保署,需確認各提供者授權條件,高（涉及安全決策風險）,live_or_time_series_candidate,時序工具候選,海保署 座標或後設 資料。研究統計優先使用 qc 品管版本。不可列為 document_rag_candidate。歷史資料僅可回答歷史描述，不可提供當日下水安全判定。,確認時區（疑似 UTC+8）；確認授權（海保署）；確認 qc 與 realtime 時間範圍
歷史品管、即時海氣象水文觀測資料\海保署\淡水河口外4海浬處\LonLat.csv,歷史品管與即時海氣象水文觀測資料（海保署）,.csv,52,2026-09-17T18:54:08+08:00,CSV,utf-8-sig,CenterLongitude; CenterLatitude,CenterLongitude; CenterLatitude,,,,2,海保署,需確認各提供者授權條件,高（涉及安全決策風險）,live_or_time_series_candidate,時序工具候選,海保署 座標或後設 資料。研究統計優先使用 qc 品管版本。不可列為 document_rag_candidate。歷史資料僅可回答歷史描述，不可提供當日下水安全判定。,確認時區（疑似 UTC+8）；確認授權（海保署）；確認 qc 與 realtime 時間範圍
歷史品管、即時海氣象水文觀測資料\海保署\深澳發電廠\2023_2025.csv,歷史品管與即時海氣象水文觀測資料（海保署）,.csv,1724,2026-09-17T18:54:08+08:00,CSV,utf-8-sig,測站編號; 時間; 氣溫; 鹽度; 水溫; 酸鹼值; 懸浮固體; 溶氧(電極法); 溶氧飽和度; 葉綠素a; 氨氮; 硝酸鹽氮; 正磷酸鹽; 亞硝酸鹽氮; 矽酸鹽,,,時間,2023–2025,15,海保署,需確認各提供者授權條件,高（涉及安全決策風險）,live_or_time_series_candidate,時序工具候選,海保署 座標或後設 資料。研究統計優先使用 qc 品管版本。不可列為 document_rag_candidate。歷史資料僅可回答歷史描述，不可提供當日下水安全判定。,確認時區（疑似 UTC+8）；確認授權（海保署）；確認 qc 與 realtime 時間範圍
歷史品管、即時海氣象水文觀測資料\海保署\深澳發電廠\LonLat.csv,歷史品管與即時海氣象水文觀測資料（海保署）,.csv,52,2026-09-17T18:54:08+08:00,CSV,utf-8-sig,CenterLongitude; CenterLatitude,CenterLongitude; CenterLatitude,,,,2,海保署,需確認各提供者授權條件,高（涉及安全決策風險）,live_or_time_series_candidate,時序工具候選,海保署 座標或後設 資料。研究統計優先使用 qc 品管版本。不可列為 document_rag_candidate。歷史資料僅可回答歷史描述，不可提供當日下水安全判定。,確認時區（疑似 UTC+8）；確認授權（海保署）；確認 qc 與 realtime 時間範圍
歷史品管、即時海氣象水文觀測資料\海保署\深澳發電廠外海\2023_2025.csv,歷史品管與即時海氣象水文觀測資料（海保署）,.csv,1738,2026-09-17T18:54:08+08:00,CSV,utf-8-sig,測站編號; 時間; 氣溫; 鹽度; 水溫; 酸鹼值; 懸浮固體; 溶氧(電極法); 溶氧飽和度; 葉綠素a; 氨氮; 硝酸鹽氮; 正磷酸鹽; 亞硝酸鹽氮; 矽酸鹽,,,時間,2023–2025,15,海保署,需確認各提供者授權條件,高（涉及安全決策風險）,live_or_time_series_candidate,時序工具候選,海保署 座標或後設 資料。研究統計優先使用 qc 品管版本。不可列為 document_rag_candidate。歷史資料僅可回答歷史描述，不可提供當日下水安全判定。,確認時區（疑似 UTC+8）；確認授權（海保署）；確認 qc 與 realtime 時間範圍
歷史品管、即時海氣象水文觀測資料\海保署\深澳發電廠外海\LonLat.csv,歷史品管與即時海氣象水文觀測資料（海保署）,.csv,51,2026-09-17T18:54:08+08:00,CSV,utf-8-sig,CenterLongitude; CenterLatitude,CenterLongitude; CenterLatitude,,,,2,海保署,需確認各提供者授權條件,高（涉及安全決策風險）,live_or_time_series_candidate,時序工具候選,海保署 座標或後設 資料。研究統計優先使用 qc 品管版本。不可列為 document_rag_candidate。歷史資料僅可回答歷史描述，不可提供當日下水安全判定。,確認時區（疑似 UTC+8）；確認授權（海保署）；確認 qc 與 realtime 時間範圍
歷史品管、即時海氣象水文觀測資料\海保署\濁水溪口一\2023_2025.csv,歷史品管與即時海氣象水文觀測資料（海保署）,.csv,1760,2026-09-17T18:54:08+08:00,CSV,utf-8-sig,測站編號; 時間; 氣溫; 鹽度; 水溫; 酸鹼值; 懸浮固體; 溶氧(電極法); 溶氧飽和度; 葉綠素a; 氨氮; 硝酸鹽氮; 正磷酸鹽; 亞硝酸鹽氮; 矽酸鹽,,,時間,2023–2025,15,海保署,需確認各提供者授權條件,高（涉及安全決策風險）,live_or_time_series_candidate,時序工具候選,海保署 座標或後設 資料。研究統計優先使用 qc 品管版本。不可列為 document_rag_candidate。歷史資料僅可回答歷史描述，不可提供當日下水安全判定。,確認時區（疑似 UTC+8）；確認授權（海保署）；確認 qc 與 realtime 時間範圍
歷史品管、即時海氣象水文觀測資料\海保署\濁水溪口一\LonLat.csv,歷史品管與即時海氣象水文觀測資料（海保署）,.csv,52,2026-09-17T18:54:08+08:00,CSV,utf-8-sig,CenterLongitude; CenterLatitude,CenterLongitude; CenterLatitude,,,,2,海保署,需確認各提供者授權條件,高（涉及安全決策風險）,live_or_time_series_candidate,時序工具候選,海保署 座標或後設 資料。研究統計優先使用 qc 品管版本。不可列為 document_rag_candidate。歷史資料僅可回答歷史描述，不可提供當日下水安全判定。,確認時區（疑似 UTC+8）；確認授權（海保署）；確認 qc 與 realtime 時間範圍
歷史品管、即時海氣象水文觀測資料\海保署\濁水溪口二\2023_2025.csv,歷史品管與即時海氣象水文觀測資料（海保署）,.csv,1750,2026-09-17T18:54:08+08:00,CSV,utf-8-sig,測站編號; 時間; 氣溫; 鹽度; 水溫; 酸鹼值; 懸浮固體; 溶氧(電極法); 溶氧飽和度; 葉綠素a; 氨氮; 硝酸鹽氮; 正磷酸鹽; 亞硝酸鹽氮; 矽酸鹽,,,時間,2023–2025,15,海保署,需確認各提供者授權條件,高（涉及安全決策風險）,live_or_time_series_candidate,時序工具候選,海保署 座標或後設 資料。研究統計優先使用 qc 品管版本。不可列為 document_rag_candidate。歷史資料僅可回答歷史描述，不可提供當日下水安全判定。,確認時區（疑似 UTC+8）；確認授權（海保署）；確認 qc 與 realtime 時間範圍
歷史品管、即時海氣象水文觀測資料\海保署\濁水溪口二\LonLat.csv,歷史品管與即時海氣象水文觀測資料（海保署）,.csv,52,2026-09-17T18:54:08+08:00,CSV,utf-8-sig,CenterLongitude; CenterLatitude,CenterLongitude; CenterLatitude,,,,2,海保署,需確認各提供者授權條件,高（涉及安全決策風險）,live_or_time_series_candidate,時序工具候選,海保署 座標或後設 資料。研究統計優先使用 qc 品管版本。不可列為 document_rag_candidate。歷史資料僅可回答歷史描述，不可提供當日下水安全判定。,確認時區（疑似 UTC+8）；確認授權（海保署）；確認 qc 與 realtime 時間範圍
歷史品管、即時海氣象水文觀測資料\海保署\濁水溪口外4海浬\2023_2025.csv,歷史品管與即時海氣象水文觀測資料（海保署）,.csv,1739,2026-09-17T18:54:08+08:00,CSV,utf-8-sig,測站編號; 時間; 氣溫; 鹽度; 水溫; 酸鹼值; 懸浮固體; 溶氧(電極法); 溶氧飽和度; 葉綠素a; 氨氮; 硝酸鹽氮; 正磷酸鹽; 亞硝酸鹽氮; 矽酸鹽,,,時間,2023–2025,15,海保署,需確認各提供者授權條件,高（涉及安全決策風險）,live_or_time_series_candidate,時序工具候選,海保署 座標或後設 資料。研究統計優先使用 qc 品管版本。不可列為 document_rag_candidate。歷史資料僅可回答歷史描述，不可提供當日下水安全判定。,確認時區（疑似 UTC+8）；確認授權（海保署）；確認 qc 與 realtime 時間範圍
歷史品管、即時海氣象水文觀測資料\海保署\濁水溪口外4海浬\LonLat.csv,歷史品管與即時海氣象水文觀測資料（海保署）,.csv,52,2026-09-17T18:54:08+08:00,CSV,utf-8-sig,CenterLongitude; CenterLatitude,CenterLongitude; CenterLatitude,,,,2,海保署,需確認各提供者授權條件,高（涉及安全決策風險）,live_or_time_series_candidate,時序工具候選,海保署 座標或後設 資料。研究統計優先使用 qc 品管版本。不可列為 document_rag_candidate。歷史資料僅可回答歷史描述，不可提供當日下水安全判定。,確認時區（疑似 UTC+8）；確認授權（海保署）；確認 qc 與 realtime 時間範圍
歷史品管、即時海氣象水文觀測資料\海保署\濂洞溪外海\2023_2025.csv,歷史品管與即時海氣象水文觀測資料（海保署）,.csv,1752,2026-09-17T18:54:08+08:00,CSV,utf-8-sig,測站編號; 時間; 氣溫; 鹽度; 水溫; 酸鹼值; 懸浮固體; 溶氧(電極法); 溶氧飽和度; 葉綠素a; 氨氮; 硝酸鹽氮; 正磷酸鹽; 亞硝酸鹽氮; 矽酸鹽,,,時間,2023–2025,15,海保署,需確認各提供者授權條件,高（涉及安全決策風險）,live_or_time_series_candidate,時序工具候選,海保署 座標或後設 資料。研究統計優先使用 qc 品管版本。不可列為 document_rag_candidate。歷史資料僅可回答歷史描述，不可提供當日下水安全判定。,確認時區（疑似 UTC+8）；確認授權（海保署）；確認 qc 與 realtime 時間範圍
歷史品管、即時海氣象水文觀測資料\海保署\濂洞溪外海\LonLat.csv,歷史品管與即時海氣象水文觀測資料（海保署）,.csv,52,2026-09-17T18:54:08+08:00,CSV,utf-8-sig,CenterLongitude; CenterLatitude,CenterLongitude; CenterLatitude,,,,2,海保署,需確認各提供者授權條件,高（涉及安全決策風險）,live_or_time_series_candidate,時序工具候選,海保署 座標或後設 資料。研究統計優先使用 qc 品管版本。不可列為 document_rag_candidate。歷史資料僅可回答歷史描述，不可提供當日下水安全判定。,確認時區（疑似 UTC+8）；確認授權（海保署）；確認 qc 與 realtime 時間範圍
歷史品管、即時海氣象水文觀測資料\海保署\烏崁海域\2023_2025.csv,歷史品管與即時海氣象水文觀測資料（海保署）,.csv,1728,2026-09-17T18:54:08+08:00,CSV,utf-8-sig,測站編號; 時間; 氣溫; 鹽度; 水溫; 酸鹼值; 懸浮固體; 溶氧(電極法); 溶氧飽和度; 葉綠素a; 氨氮; 硝酸鹽氮; 正磷酸鹽; 亞硝酸鹽氮; 矽酸鹽,,,時間,2023–2025,15,海保署,需確認各提供者授權條件,高（涉及安全決策風險）,live_or_time_series_candidate,時序工具候選,海保署 座標或後設 資料。研究統計優先使用 qc 品管版本。不可列為 document_rag_candidate。歷史資料僅可回答歷史描述，不可提供當日下水安全判定。,確認時區（疑似 UTC+8）；確認授權（海保署）；確認 qc 與 realtime 時間範圍
歷史品管、即時海氣象水文觀測資料\海保署\烏崁海域\LonLat.csv,歷史品管與即時海氣象水文觀測資料（海保署）,.csv,52,2026-09-17T18:54:08+08:00,CSV,utf-8-sig,CenterLongitude; CenterLatitude,CenterLongitude; CenterLatitude,,,,2,海保署,需確認各提供者授權條件,高（涉及安全決策風險）,live_or_time_series_candidate,時序工具候選,海保署 座標或後設 資料。研究統計優先使用 qc 品管版本。不可列為 document_rag_candidate。歷史資料僅可回答歷史描述，不可提供當日下水安全判定。,確認時區（疑似 UTC+8）；確認授權（海保署）；確認 qc 與 realtime 時間範圍
歷史品管、即時海氣象水文觀測資料\海保署\白沙尾港港外(右)\2023_2025.csv,歷史品管與即時海氣象水文觀測資料（海保署）,.csv,1238,2026-09-17T18:54:08+08:00,CSV,utf-8-sig,測站編號; 時間; 氣溫; 鹽度; 水溫; 酸鹼值; 懸浮固體; 溶氧(電極法); 溶氧飽和度; 葉綠素a; 氨氮; 硝酸鹽氮; 正磷酸鹽; 亞硝酸鹽氮; 矽酸鹽,,,時間,2023–2025,9,海保署,需確認各提供者授權條件,高（涉及安全決策風險）,live_or_time_series_candidate,時序工具候選,海保署 座標或後設 資料。研究統計優先使用 qc 品管版本。不可列為 document_rag_candidate。歷史資料僅可回答歷史描述，不可提供當日下水安全判定。,確認時區（疑似 UTC+8）；確認授權（海保署）；確認 qc 與 realtime 時間範圍
歷史品管、即時海氣象水文觀測資料\海保署\白沙尾港港外(右)\LonLat.csv,歷史品管與即時海氣象水文觀測資料（海保署）,.csv,50,2026-09-17T18:54:08+08:00,CSV,utf-8-sig,CenterLongitude; CenterLatitude,CenterLongitude; CenterLatitude,,,,2,海保署,需確認各提供者授權條件,高（涉及安全決策風險）,live_or_time_series_candidate,時序工具候選,海保署 座標或後設 資料。研究統計優先使用 qc 品管版本。不可列為 document_rag_candidate。歷史資料僅可回答歷史描述，不可提供當日下水安全判定。,確認時區（疑似 UTC+8）；確認授權（海保署）；確認 qc 與 realtime 時間範圍
歷史品管、即時海氣象水文觀測資料\海保署\白沙尾漁港港嘴\2023_2025.csv,歷史品管與即時海氣象水文觀測資料（海保署）,.csv,737,2026-09-17T18:54:08+08:00,CSV,utf-8-sig,測站編號; 時間; 氣溫; 鹽度; 水溫; 酸鹼值; 懸浮固體; 溶氧(電極法); 溶氧飽和度; 葉綠素a; 氨氮; 硝酸鹽氮; 正磷酸鹽; 亞硝酸鹽氮; 矽酸鹽,,,時間,2023–2025,5,海保署,需確認各提供者授權條件,高（涉及安全決策風險）,live_or_time_series_candidate,時序工具候選,海保署 座標或後設 資料。研究統計優先使用 qc 品管版本。不可列為 document_rag_candidate。歷史資料僅可回答歷史描述，不可提供當日下水安全判定。,確認時區（疑似 UTC+8）；確認授權（海保署）；確認 qc 與 realtime 時間範圍
歷史品管、即時海氣象水文觀測資料\海保署\白沙尾漁港港嘴\LonLat.csv,歷史品管與即時海氣象水文觀測資料（海保署）,.csv,48,2026-09-17T18:54:08+08:00,CSV,utf-8-sig,CenterLongitude; CenterLatitude,CenterLongitude; CenterLatitude,,,,2,海保署,需確認各提供者授權條件,高（涉及安全決策風險）,live_or_time_series_candidate,時序工具候選,海保署 座標或後設 資料。研究統計優先使用 qc 品管版本。不可列為 document_rag_candidate。歷史資料僅可回答歷史描述，不可提供當日下水安全判定。,確認時區（疑似 UTC+8）；確認授權（海保署）；確認 qc 與 realtime 時間範圍
歷史品管、即時海氣象水文觀測資料\海保署\白沙尾漁港港外(左)\2023_2025.csv,歷史品管與即時海氣象水文觀測資料（海保署）,.csv,1249,2026-09-17T18:54:08+08:00,CSV,utf-8-sig,測站編號; 時間; 氣溫; 鹽度; 水溫; 酸鹼值; 懸浮固體; 溶氧(電極法); 溶氧飽和度; 葉綠素a; 氨氮; 硝酸鹽氮; 正磷酸鹽; 亞硝酸鹽氮; 矽酸鹽,,,時間,2023–2025,9,海保署,需確認各提供者授權條件,高（涉及安全決策風險）,live_or_time_series_candidate,時序工具候選,海保署 座標或後設 資料。研究統計優先使用 qc 品管版本。不可列為 document_rag_candidate。歷史資料僅可回答歷史描述，不可提供當日下水安全判定。,確認時區（疑似 UTC+8）；確認授權（海保署）；確認 qc 與 realtime 時間範圍
歷史品管、即時海氣象水文觀測資料\海保署\白沙尾漁港港外(左)\LonLat.csv,歷史品管與即時海氣象水文觀測資料（海保署）,.csv,50,2026-09-17T18:54:08+08:00,CSV,utf-8-sig,CenterLongitude; CenterLatitude,CenterLongitude; CenterLatitude,,,,2,海保署,需確認各提供者授權條件,高（涉及安全決策風險）,live_or_time_series_candidate,時序工具候選,海保署 座標或後設 資料。研究統計優先使用 qc 品管版本。不可列為 document_rag_candidate。歷史資料僅可回答歷史描述，不可提供當日下水安全判定。,確認時區（疑似 UTC+8）；確認授權（海保署）；確認 qc 與 realtime 時間範圍
歷史品管、即時海氣象水文觀測資料\海保署\白沙尾漁港港外向外延伸500m(右)\2023_2025.csv,歷史品管與即時海氣象水文觀測資料（海保署）,.csv,1229,2026-09-17T18:54:08+08:00,CSV,utf-8-sig,測站編號; 時間; 氣溫; 鹽度; 水溫; 酸鹼值; 懸浮固體; 溶氧(電極法); 溶氧飽和度; 葉綠素a; 氨氮; 硝酸鹽氮; 正磷酸鹽; 亞硝酸鹽氮; 矽酸鹽,,,時間,2023–2025,9,海保署,需確認各提供者授權條件,高（涉及安全決策風險）,live_or_time_series_candidate,時序工具候選,海保署 座標或後設 資料。研究統計優先使用 qc 品管版本。不可列為 document_rag_candidate。歷史資料僅可回答歷史描述，不可提供當日下水安全判定。,確認時區（疑似 UTC+8）；確認授權（海保署）；確認 qc 與 realtime 時間範圍
歷史品管、即時海氣象水文觀測資料\海保署\白沙尾漁港港外向外延伸500m(右)\LonLat.csv,歷史品管與即時海氣象水文觀測資料（海保署）,.csv,50,2026-09-17T18:54:08+08:00,CSV,utf-8-sig,CenterLongitude; CenterLatitude,CenterLongitude; CenterLatitude,,,,2,海保署,需確認各提供者授權條件,高（涉及安全決策風險）,live_or_time_series_candidate,時序工具候選,海保署 座標或後設 資料。研究統計優先使用 qc 品管版本。不可列為 document_rag_candidate。歷史資料僅可回答歷史描述，不可提供當日下水安全判定。,確認時區（疑似 UTC+8）；確認授權（海保署）；確認 qc 與 realtime 時間範圍
歷史品管、即時海氣象水文觀測資料\海保署\白沙尾漁港港外向外延伸500m(左)\2023_2025.csv,歷史品管與即時海氣象水文觀測資料（海保署）,.csv,1218,2026-09-17T18:54:08+08:00,CSV,utf-8-sig,測站編號; 時間; 氣溫; 鹽度; 水溫; 酸鹼值; 懸浮固體; 溶氧(電極法); 溶氧飽和度; 葉綠素a; 氨氮; 硝酸鹽氮; 正磷酸鹽; 亞硝酸鹽氮; 矽酸鹽,,,時間,2023–2025,9,海保署,需確認各提供者授權條件,高（涉及安全決策風險）,live_or_time_series_candidate,時序工具候選,海保署 座標或後設 資料。研究統計優先使用 qc 品管版本。不可列為 document_rag_candidate。歷史資料僅可回答歷史描述，不可提供當日下水安全判定。,確認時區（疑似 UTC+8）；確認授權（海保署）；確認 qc 與 realtime 時間範圍
歷史品管、即時海氣象水文觀測資料\海保署\白沙尾漁港港外向外延伸500m(左)\LonLat.csv,歷史品管與即時海氣象水文觀測資料（海保署）,.csv,50,2026-09-17T18:54:08+08:00,CSV,utf-8-sig,CenterLongitude; CenterLatitude,CenterLongitude; CenterLatitude,,,,2,海保署,需確認各提供者授權條件,高（涉及安全決策風險）,live_or_time_series_candidate,時序工具候選,海保署 座標或後設 資料。研究統計優先使用 qc 品管版本。不可列為 document_rag_candidate。歷史資料僅可回答歷史描述，不可提供當日下水安全判定。,確認時區（疑似 UTC+8）；確認授權（海保署）；確認 qc 與 realtime 時間範圍
歷史品管、即時海氣象水文觀測資料\海保署\知本溪口\2023_2025.csv,歷史品管與即時海氣象水文觀測資料（海保署）,.csv,1729,2026-09-17T18:54:08+08:00,CSV,utf-8-sig,測站編號; 時間; 氣溫; 鹽度; 水溫; 酸鹼值; 懸浮固體; 溶氧(電極法); 溶氧飽和度; 葉綠素a; 氨氮; 硝酸鹽氮; 正磷酸鹽; 亞硝酸鹽氮; 矽酸鹽,,,時間,2023–2025,15,海保署,需確認各提供者授權條件,高（涉及安全決策風險）,live_or_time_series_candidate,時序工具候選,海保署 座標或後設 資料。研究統計優先使用 qc 品管版本。不可列為 document_rag_candidate。歷史資料僅可回答歷史描述，不可提供當日下水安全判定。,確認時區（疑似 UTC+8）；確認授權（海保署）；確認 qc 與 realtime 時間範圍
歷史品管、即時海氣象水文觀測資料\海保署\知本溪口\LonLat.csv,歷史品管與即時海氣象水文觀測資料（海保署）,.csv,52,2026-09-17T18:54:08+08:00,CSV,utf-8-sig,CenterLongitude; CenterLatitude,CenterLongitude; CenterLatitude,,,,2,海保署,需確認各提供者授權條件,高（涉及安全決策風險）,live_or_time_series_candidate,時序工具候選,海保署 座標或後設 資料。研究統計優先使用 qc 品管版本。不可列為 document_rag_candidate。歷史資料僅可回答歷史描述，不可提供當日下水安全判定。,確認時區（疑似 UTC+8）；確認授權（海保署）；確認 qc 與 realtime 時間範圍
歷史品管、即時海氣象水文觀測資料\海保署\石牛溪口\2023_2025.csv,歷史品管與即時海氣象水文觀測資料（海保署）,.csv,1731,2026-09-17T18:54:08+08:00,CSV,utf-8-sig,測站編號; 時間; 氣溫; 鹽度; 水溫; 酸鹼值; 懸浮固體; 溶氧(電極法); 溶氧飽和度; 葉綠素a; 氨氮; 硝酸鹽氮; 正磷酸鹽; 亞硝酸鹽氮; 矽酸鹽,,,時間,2023–2025,15,海保署,需確認各提供者授權條件,高（涉及安全決策風險）,live_or_time_series_candidate,時序工具候選,海保署 座標或後設 資料。研究統計優先使用 qc 品管版本。不可列為 document_rag_candidate。歷史資料僅可回答歷史描述，不可提供當日下水安全判定。,確認時區（疑似 UTC+8）；確認授權（海保署）；確認 qc 與 realtime 時間範圍
歷史品管、即時海氣象水文觀測資料\海保署\石牛溪口\LonLat.csv,歷史品管與即時海氣象水文觀測資料（海保署）,.csv,52,2026-09-17T18:54:08+08:00,CSV,utf-8-sig,CenterLongitude; CenterLatitude,CenterLongitude; CenterLatitude,,,,2,海保署,需確認各提供者授權條件,高（涉及安全決策風險）,live_or_time_series_candidate,時序工具候選,海保署 座標或後設 資料。研究統計優先使用 qc 品管版本。不可列為 document_rag_candidate。歷史資料僅可回答歷史描述，不可提供當日下水安全判定。,確認時區（疑似 UTC+8）；確認授權（海保署）；確認 qc 與 realtime 時間範圍
歷史品管、即時海氣象水文觀測資料\海保署\秀姑巒溪河口\2023_2025.csv,歷史品管與即時海氣象水文觀測資料（海保署）,.csv,1721,2026-09-17T18:54:08+08:00,CSV,utf-8-sig,測站編號; 時間; 氣溫; 鹽度; 水溫; 酸鹼值; 懸浮固體; 溶氧(電極法); 溶氧飽和度; 葉綠素a; 氨氮; 硝酸鹽氮; 正磷酸鹽; 亞硝酸鹽氮; 矽酸鹽,,,時間,2023–2025,15,海保署,需確認各提供者授權條件,高（涉及安全決策風險）,live_or_time_series_candidate,時序工具候選,海保署 座標或後設 資料。研究統計優先使用 qc 品管版本。不可列為 document_rag_candidate。歷史資料僅可回答歷史描述，不可提供當日下水安全判定。,確認時區（疑似 UTC+8）；確認授權（海保署）；確認 qc 與 realtime 時間範圍
歷史品管、即時海氣象水文觀測資料\海保署\秀姑巒溪河口\LonLat.csv,歷史品管與即時海氣象水文觀測資料（海保署）,.csv,52,2026-09-17T18:54:08+08:00,CSV,utf-8-sig,CenterLongitude; CenterLatitude,CenterLongitude; CenterLatitude,,,,2,海保署,需確認各提供者授權條件,高（涉及安全決策風險）,live_or_time_series_candidate,時序工具候選,海保署 座標或後設 資料。研究統計優先使用 qc 品管版本。不可列為 document_rag_candidate。歷史資料僅可回答歷史描述，不可提供當日下水安全判定。,確認時區（疑似 UTC+8）；確認授權（海保署）；確認 qc 與 realtime 時間範圍
歷史品管、即時海氣象水文觀測資料\海保署\立霧溪河口\2023_2025.csv,歷史品管與即時海氣象水文觀測資料（海保署）,.csv,1714,2026-09-17T18:54:08+08:00,CSV,utf-8-sig,測站編號; 時間; 氣溫; 鹽度; 水溫; 酸鹼值; 懸浮固體; 溶氧(電極法); 溶氧飽和度; 葉綠素a; 氨氮; 硝酸鹽氮; 正磷酸鹽; 亞硝酸鹽氮; 矽酸鹽,,,時間,2023–2025,15,海保署,需確認各提供者授權條件,高（涉及安全決策風險）,live_or_time_series_candidate,時序工具候選,海保署 座標或後設 資料。研究統計優先使用 qc 品管版本。不可列為 document_rag_candidate。歷史資料僅可回答歷史描述，不可提供當日下水安全判定。,確認時區（疑似 UTC+8）；確認授權（海保署）；確認 qc 與 realtime 時間範圍
歷史品管、即時海氣象水文觀測資料\海保署\立霧溪河口\LonLat.csv,歷史品管與即時海氣象水文觀測資料（海保署）,.csv,51,2026-09-17T18:54:08+08:00,CSV,utf-8-sig,CenterLongitude; CenterLatitude,CenterLongitude; CenterLatitude,,,,2,海保署,需確認各提供者授權條件,高（涉及安全決策風險）,live_or_time_series_candidate,時序工具候選,海保署 座標或後設 資料。研究統計優先使用 qc 品管版本。不可列為 document_rag_candidate。歷史資料僅可回答歷史描述，不可提供當日下水安全判定。,確認時區（疑似 UTC+8）；確認授權（海保署）；確認 qc 與 realtime 時間範圍
歷史品管、即時海氣象水文觀測資料\海保署\紅毛港外\2023_2025.csv,歷史品管與即時海氣象水文觀測資料（海保署）,.csv,1736,2026-09-17T18:54:08+08:00,CSV,utf-8-sig,測站編號; 時間; 氣溫; 鹽度; 水溫; 酸鹼值; 懸浮固體; 溶氧(電極法); 溶氧飽和度; 葉綠素a; 氨氮; 硝酸鹽氮; 正磷酸鹽; 亞硝酸鹽氮; 矽酸鹽,,,時間,2023–2025,15,海保署,需確認各提供者授權條件,高（涉及安全決策風險）,live_or_time_series_candidate,時序工具候選,海保署 座標或後設 資料。研究統計優先使用 qc 品管版本。不可列為 document_rag_candidate。歷史資料僅可回答歷史描述，不可提供當日下水安全判定。,確認時區（疑似 UTC+8）；確認授權（海保署）；確認 qc 與 realtime 時間範圍
歷史品管、即時海氣象水文觀測資料\海保署\紅毛港外\LonLat.csv,歷史品管與即時海氣象水文觀測資料（海保署）,.csv,52,2026-09-17T18:54:08+08:00,CSV,utf-8-sig,CenterLongitude; CenterLatitude,CenterLongitude; CenterLatitude,,,,2,海保署,需確認各提供者授權條件,高（涉及安全決策風險）,live_or_time_series_candidate,時序工具候選,海保署 座標或後設 資料。研究統計優先使用 qc 品管版本。不可列為 document_rag_candidate。歷史資料僅可回答歷史描述，不可提供當日下水安全判定。,確認時區（疑似 UTC+8）；確認授權（海保署）；確認 qc 與 realtime 時間範圍
歷史品管、即時海氣象水文觀測資料\海保署\紗帽山海域\2023_2025.csv,歷史品管與即時海氣象水文觀測資料（海保署）,.csv,1731,2026-09-17T18:54:08+08:00,CSV,utf-8-sig,測站編號; 時間; 氣溫; 鹽度; 水溫; 酸鹼值; 懸浮固體; 溶氧(電極法); 溶氧飽和度; 葉綠素a; 氨氮; 硝酸鹽氮; 正磷酸鹽; 亞硝酸鹽氮; 矽酸鹽,,,時間,2023–2025,15,海保署,需確認各提供者授權條件,高（涉及安全決策風險）,live_or_time_series_candidate,時序工具候選,海保署 座標或後設 資料。研究統計優先使用 qc 品管版本。不可列為 document_rag_candidate。歷史資料僅可回答歷史描述，不可提供當日下水安全判定。,確認時區（疑似 UTC+8）；確認授權（海保署）；確認 qc 與 realtime 時間範圍
歷史品管、即時海氣象水文觀測資料\海保署\紗帽山海域\LonLat.csv,歷史品管與即時海氣象水文觀測資料（海保署）,.csv,52,2026-09-17T18:54:08+08:00,CSV,utf-8-sig,CenterLongitude; CenterLatitude,CenterLongitude; CenterLatitude,,,,2,海保署,需確認各提供者授權條件,高（涉及安全決策風險）,live_or_time_series_candidate,時序工具候選,海保署 座標或後設 資料。研究統計優先使用 qc 品管版本。不可列為 document_rag_candidate。歷史資料僅可回答歷史描述，不可提供當日下水安全判定。,確認時區（疑似 UTC+8）；確認授權（海保署）；確認 qc 與 realtime 時間範圍
歷史品管、即時海氣象水文觀測資料\海保署\綠島\2023_2025.csv,歷史品管與即時海氣象水文觀測資料（海保署）,.csv,1722,2026-09-17T18:54:08+08:00,CSV,utf-8-sig,測站編號; 時間; 氣溫; 鹽度; 水溫; 酸鹼值; 懸浮固體; 溶氧(電極法); 溶氧飽和度; 葉綠素a; 氨氮; 硝酸鹽氮; 正磷酸鹽; 亞硝酸鹽氮; 矽酸鹽,,,時間,2023–2025,15,海保署,需確認各提供者授權條件,高（涉及安全決策風險）,live_or_time_series_candidate,時序工具候選,海保署 座標或後設 資料。研究統計優先使用 qc 品管版本。不可列為 document_rag_candidate。歷史資料僅可回答歷史描述，不可提供當日下水安全判定。,確認時區（疑似 UTC+8）；確認授權（海保署）；確認 qc 與 realtime 時間範圍
歷史品管、即時海氣象水文觀測資料\海保署\綠島\LonLat.csv,歷史品管與即時海氣象水文觀測資料（海保署）,.csv,52,2026-09-17T18:54:08+08:00,CSV,utf-8-sig,CenterLongitude; CenterLatitude,CenterLongitude; CenterLatitude,,,,2,海保署,需確認各提供者授權條件,高（涉及安全決策風險）,live_or_time_series_candidate,時序工具候選,海保署 座標或後設 資料。研究統計優先使用 qc 品管版本。不可列為 document_rag_candidate。歷史資料僅可回答歷史描述，不可提供當日下水安全判定。,確認時區（疑似 UTC+8）；確認授權（海保署）；確認 qc 與 realtime 時間範圍
歷史品管、即時海氣象水文觀測資料\海保署\線西水道口\2023_2025.csv,歷史品管與即時海氣象水文觀測資料（海保署）,.csv,1751,2026-09-17T18:54:08+08:00,CSV,utf-8-sig,測站編號; 時間; 氣溫; 鹽度; 水溫; 酸鹼值; 懸浮固體; 溶氧(電極法); 溶氧飽和度; 葉綠素a; 氨氮; 硝酸鹽氮; 正磷酸鹽; 亞硝酸鹽氮; 矽酸鹽,,,時間,2023–2025,15,海保署,需確認各提供者授權條件,高（涉及安全決策風險）,live_or_time_series_candidate,時序工具候選,海保署 座標或後設 資料。研究統計優先使用 qc 品管版本。不可列為 document_rag_candidate。歷史資料僅可回答歷史描述，不可提供當日下水安全判定。,確認時區（疑似 UTC+8）；確認授權（海保署）；確認 qc 與 realtime 時間範圍
歷史品管、即時海氣象水文觀測資料\海保署\線西水道口\LonLat.csv,歷史品管與即時海氣象水文觀測資料（海保署）,.csv,50,2026-09-17T18:54:08+08:00,CSV,utf-8-sig,CenterLongitude; CenterLatitude,CenterLongitude; CenterLatitude,,,,2,海保署,需確認各提供者授權條件,高（涉及安全決策風險）,live_or_time_series_candidate,時序工具候選,海保署 座標或後設 資料。研究統計優先使用 qc 品管版本。不可列為 document_rag_candidate。歷史資料僅可回答歷史描述，不可提供當日下水安全判定。,確認時區（疑似 UTC+8）；確認授權（海保署）；確認 qc 與 realtime 時間範圍
歷史品管、即時海氣象水文觀測資料\海保署\線西水道口外海\2023_2025.csv,歷史品管與即時海氣象水文觀測資料（海保署）,.csv,1719,2026-09-17T18:54:08+08:00,CSV,utf-8-sig,測站編號; 時間; 氣溫; 鹽度; 水溫; 酸鹼值; 懸浮固體; 溶氧(電極法); 溶氧飽和度; 葉綠素a; 氨氮; 硝酸鹽氮; 正磷酸鹽; 亞硝酸鹽氮; 矽酸鹽,,,時間,2023–2025,15,海保署,需確認各提供者授權條件,高（涉及安全決策風險）,live_or_time_series_candidate,時序工具候選,海保署 座標或後設 資料。研究統計優先使用 qc 品管版本。不可列為 document_rag_candidate。歷史資料僅可回答歷史描述，不可提供當日下水安全判定。,確認時區（疑似 UTC+8）；確認授權（海保署）；確認 qc 與 realtime 時間範圍
歷史品管、即時海氣象水文觀測資料\海保署\線西水道口外海\LonLat.csv,歷史品管與即時海氣象水文觀測資料（海保署）,.csv,50,2026-09-17T18:54:08+08:00,CSV,utf-8-sig,CenterLongitude; CenterLatitude,CenterLongitude; CenterLatitude,,,,2,海保署,需確認各提供者授權條件,高（涉及安全決策風險）,live_or_time_series_candidate,時序工具候選,海保署 座標或後設 資料。研究統計優先使用 qc 品管版本。不可列為 document_rag_candidate。歷史資料僅可回答歷史描述，不可提供當日下水安全判定。,確認時區（疑似 UTC+8）；確認授權（海保署）；確認 qc 與 realtime 時間範圍
歷史品管、即時海氣象水文觀測資料\海保署\美人洞10m\2023_2025.csv,歷史品管與即時海氣象水文觀測資料（海保署）,.csv,1425,2026-09-17T18:54:08+08:00,CSV,utf-8-sig,測站編號; 時間; 氣溫; 鹽度; 水溫; 酸鹼值; 懸浮固體; 溶氧(電極法); 溶氧飽和度; 葉綠素a; 氨氮; 硝酸鹽氮; 正磷酸鹽; 亞硝酸鹽氮; 矽酸鹽,,,時間,2023–2025,12,海保署,需確認各提供者授權條件,高（涉及安全決策風險）,live_or_time_series_candidate,時序工具候選,海保署 座標或後設 資料。研究統計優先使用 qc 品管版本。不可列為 document_rag_candidate。歷史資料僅可回答歷史描述，不可提供當日下水安全判定。,確認時區（疑似 UTC+8）；確認授權（海保署）；確認 qc 與 realtime 時間範圍
歷史品管、即時海氣象水文觀測資料\海保署\美人洞10m\LonLat.csv,歷史品管與即時海氣象水文觀測資料（海保署）,.csv,54,2026-09-17T18:54:08+08:00,CSV,utf-8-sig,CenterLongitude; CenterLatitude,CenterLongitude; CenterLatitude,,,,2,海保署,需確認各提供者授權條件,高（涉及安全決策風險）,live_or_time_series_candidate,時序工具候選,海保署 座標或後設 資料。研究統計優先使用 qc 品管版本。不可列為 document_rag_candidate。歷史資料僅可回答歷史描述，不可提供當日下水安全判定。,確認時區（疑似 UTC+8）；確認授權（海保署）；確認 qc 與 realtime 時間範圍
歷史品管、即時海氣象水文觀測資料\海保署\美人洞5m\2023_2025.csv,歷史品管與即時海氣象水文觀測資料（海保署）,.csv,1417,2026-09-17T18:54:08+08:00,CSV,utf-8-sig,測站編號; 時間; 氣溫; 鹽度; 水溫; 酸鹼值; 懸浮固體; 溶氧(電極法); 溶氧飽和度; 葉綠素a; 氨氮; 硝酸鹽氮; 正磷酸鹽; 亞硝酸鹽氮; 矽酸鹽,,,時間,2023–2025,12,海保署,需確認各提供者授權條件,高（涉及安全決策風險）,live_or_time_series_candidate,時序工具候選,海保署 座標或後設 資料。研究統計優先使用 qc 品管版本。不可列為 document_rag_candidate。歷史資料僅可回答歷史描述，不可提供當日下水安全判定。,確認時區（疑似 UTC+8）；確認授權（海保署）；確認 qc 與 realtime 時間範圍
歷史品管、即時海氣象水文觀測資料\海保署\美人洞5m\LonLat.csv,歷史品管與即時海氣象水文觀測資料（海保署）,.csv,54,2026-09-17T18:54:08+08:00,CSV,utf-8-sig,CenterLongitude; CenterLatitude,CenterLongitude; CenterLatitude,,,,2,海保署,需確認各提供者授權條件,高（涉及安全決策風險）,live_or_time_series_candidate,時序工具候選,海保署 座標或後設 資料。研究統計優先使用 qc 品管版本。不可列為 document_rag_candidate。歷史資料僅可回答歷史描述，不可提供當日下水安全判定。,確認時區（疑似 UTC+8）；確認授權（海保署）；確認 qc 與 realtime 時間範圍
歷史品管、即時海氣象水文觀測資料\海保署\美人洞潮間帶1m\2023_2025.csv,歷史品管與即時海氣象水文觀測資料（海保署）,.csv,1454,2026-09-17T18:54:08+08:00,CSV,utf-8-sig,測站編號; 時間; 氣溫; 鹽度; 水溫; 酸鹼值; 懸浮固體; 溶氧(電極法); 溶氧飽和度; 葉綠素a; 氨氮; 硝酸鹽氮; 正磷酸鹽; 亞硝酸鹽氮; 矽酸鹽,,,時間,2023–2025,12,海保署,需確認各提供者授權條件,高（涉及安全決策風險）,live_or_time_series_candidate,時序工具候選,海保署 座標或後設 資料。研究統計優先使用 qc 品管版本。不可列為 document_rag_candidate。歷史資料僅可回答歷史描述，不可提供當日下水安全判定。,確認時區（疑似 UTC+8）；確認授權（海保署）；確認 qc 與 realtime 時間範圍
歷史品管、即時海氣象水文觀測資料\海保署\美人洞潮間帶1m\LonLat.csv,歷史品管與即時海氣象水文觀測資料（海保署）,.csv,63,2026-09-17T18:54:08+08:00,CSV,utf-8-sig,CenterLongitude; CenterLatitude,CenterLongitude; CenterLatitude,,,,2,海保署,需確認各提供者授權條件,高（涉及安全決策風險）,live_or_time_series_candidate,時序工具候選,海保署 座標或後設 資料。研究統計優先使用 qc 品管版本。不可列為 document_rag_candidate。歷史資料僅可回答歷史描述，不可提供當日下水安全判定。,確認時區（疑似 UTC+8）；確認授權（海保署）；確認 qc 與 realtime 時間範圍
歷史品管、即時海氣象水文觀測資料\海保署\老人會館北邊200m處海域\2023_2025.csv,歷史品管與即時海氣象水文觀測資料（海保署）,.csv,741,2026-09-17T18:54:08+08:00,CSV,utf-8-sig,測站編號; 時間; 氣溫; 鹽度; 水溫; 酸鹼值; 懸浮固體; 溶氧(電極法); 溶氧飽和度; 葉綠素a; 氨氮; 硝酸鹽氮; 正磷酸鹽; 亞硝酸鹽氮; 矽酸鹽,,,時間,2023–2025,5,海保署,需確認各提供者授權條件,高（涉及安全決策風險）,live_or_time_series_candidate,時序工具候選,海保署 座標或後設 資料。研究統計優先使用 qc 品管版本。不可列為 document_rag_candidate。歷史資料僅可回答歷史描述，不可提供當日下水安全判定。,確認時區（疑似 UTC+8）；確認授權（海保署）；確認 qc 與 realtime 時間範圍
歷史品管、即時海氣象水文觀測資料\海保署\老人會館北邊200m處海域\LonLat.csv,歷史品管與即時海氣象水文觀測資料（海保署）,.csv,48,2026-09-17T18:54:08+08:00,CSV,utf-8-sig,CenterLongitude; CenterLatitude,CenterLongitude; CenterLatitude,,,,2,海保署,需確認各提供者授權條件,高（涉及安全決策風險）,live_or_time_series_candidate,時序工具候選,海保署 座標或後設 資料。研究統計優先使用 qc 品管版本。不可列為 document_rag_candidate。歷史資料僅可回答歷史描述，不可提供當日下水安全判定。,確認時區（疑似 UTC+8）；確認授權（海保署）；確認 qc 與 realtime 時間範圍
歷史品管、即時海氣象水文觀測資料\海保署\老街溪口\2023_2025.csv,歷史品管與即時海氣象水文觀測資料（海保署）,.csv,1730,2026-09-17T18:54:08+08:00,CSV,utf-8-sig,測站編號; 時間; 氣溫; 鹽度; 水溫; 酸鹼值; 懸浮固體; 溶氧(電極法); 溶氧飽和度; 葉綠素a; 氨氮; 硝酸鹽氮; 正磷酸鹽; 亞硝酸鹽氮; 矽酸鹽,,,時間,2023–2025,15,海保署,需確認各提供者授權條件,高（涉及安全決策風險）,live_or_time_series_candidate,時序工具候選,海保署 座標或後設 資料。研究統計優先使用 qc 品管版本。不可列為 document_rag_candidate。歷史資料僅可回答歷史描述，不可提供當日下水安全判定。,確認時區（疑似 UTC+8）；確認授權（海保署）；確認 qc 與 realtime 時間範圍
歷史品管、即時海氣象水文觀測資料\海保署\老街溪口\LonLat.csv,歷史品管與即時海氣象水文觀測資料（海保署）,.csv,53,2026-09-17T18:54:08+08:00,CSV,utf-8-sig,CenterLongitude; CenterLatitude,CenterLongitude; CenterLatitude,,,,2,海保署,需確認各提供者授權條件,高（涉及安全決策風險）,live_or_time_series_candidate,時序工具候選,海保署 座標或後設 資料。研究統計優先使用 qc 品管版本。不可列為 document_rag_candidate。歷史資料僅可回答歷史描述，不可提供當日下水安全判定。,確認時區（疑似 UTC+8）；確認授權（海保署）；確認 qc 與 realtime 時間範圍
歷史品管、即時海氣象水文觀測資料\海保署\老街溪口外海\2023_2025.csv,歷史品管與即時海氣象水文觀測資料（海保署）,.csv,1720,2026-09-17T18:54:08+08:00,CSV,utf-8-sig,測站編號; 時間; 氣溫; 鹽度; 水溫; 酸鹼值; 懸浮固體; 溶氧(電極法); 溶氧飽和度; 葉綠素a; 氨氮; 硝酸鹽氮; 正磷酸鹽; 亞硝酸鹽氮; 矽酸鹽,,,時間,2023–2025,15,海保署,需確認各提供者授權條件,高（涉及安全決策風險）,live_or_time_series_candidate,時序工具候選,海保署 座標或後設 資料。研究統計優先使用 qc 品管版本。不可列為 document_rag_candidate。歷史資料僅可回答歷史描述，不可提供當日下水安全判定。,確認時區（疑似 UTC+8）；確認授權（海保署）；確認 qc 與 realtime 時間範圍
歷史品管、即時海氣象水文觀測資料\海保署\老街溪口外海\LonLat.csv,歷史品管與即時海氣象水文觀測資料（海保署）,.csv,50,2026-09-17T18:54:08+08:00,CSV,utf-8-sig,CenterLongitude; CenterLatitude,CenterLongitude; CenterLatitude,,,,2,海保署,需確認各提供者授權條件,高（涉及安全決策風險）,live_or_time_series_candidate,時序工具候選,海保署 座標或後設 資料。研究統計優先使用 qc 品管版本。不可列為 document_rag_candidate。歷史資料僅可回答歷史描述，不可提供當日下水安全判定。,確認時區（疑似 UTC+8）；確認授權（海保署）；確認 qc 與 realtime 時間範圍
歷史品管、即時海氣象水文觀測資料\海保署\花蓮港\2023_2025.csv,歷史品管與即時海氣象水文觀測資料（海保署）,.csv,1735,2026-09-17T18:54:08+08:00,CSV,utf-8-sig,測站編號; 時間; 氣溫; 鹽度; 水溫; 酸鹼值; 懸浮固體; 溶氧(電極法); 溶氧飽和度; 葉綠素a; 氨氮; 硝酸鹽氮; 正磷酸鹽; 亞硝酸鹽氮; 矽酸鹽,,,時間,2023–2025,15,海保署,需確認各提供者授權條件,高（涉及安全決策風險）,live_or_time_series_candidate,時序工具候選,海保署 座標或後設 資料。研究統計優先使用 qc 品管版本。不可列為 document_rag_candidate。歷史資料僅可回答歷史描述，不可提供當日下水安全判定。,確認時區（疑似 UTC+8）；確認授權（海保署）；確認 qc 與 realtime 時間範圍
歷史品管、即時海氣象水文觀測資料\海保署\花蓮港\LonLat.csv,歷史品管與即時海氣象水文觀測資料（海保署）,.csv,52,2026-09-17T18:54:08+08:00,CSV,utf-8-sig,CenterLongitude; CenterLatitude,CenterLongitude; CenterLatitude,,,,2,海保署,需確認各提供者授權條件,高（涉及安全決策風險）,live_or_time_series_candidate,時序工具候選,海保署 座標或後設 資料。研究統計優先使用 qc 品管版本。不可列為 document_rag_candidate。歷史資料僅可回答歷史描述，不可提供當日下水安全判定。,確認時區（疑似 UTC+8）；確認授權（海保署）；確認 qc 與 realtime 時間範圍
歷史品管、即時海氣象水文觀測資料\海保署\花蓮溪河口\2023_2025.csv,歷史品管與即時海氣象水文觀測資料（海保署）,.csv,1746,2026-09-17T18:54:08+08:00,CSV,utf-8-sig,測站編號; 時間; 氣溫; 鹽度; 水溫; 酸鹼值; 懸浮固體; 溶氧(電極法); 溶氧飽和度; 葉綠素a; 氨氮; 硝酸鹽氮; 正磷酸鹽; 亞硝酸鹽氮; 矽酸鹽,,,時間,2023–2025,15,海保署,需確認各提供者授權條件,高（涉及安全決策風險）,live_or_time_series_candidate,時序工具候選,海保署 座標或後設 資料。研究統計優先使用 qc 品管版本。不可列為 document_rag_candidate。歷史資料僅可回答歷史描述，不可提供當日下水安全判定。,確認時區（疑似 UTC+8）；確認授權（海保署）；確認 qc 與 realtime 時間範圍
歷史品管、即時海氣象水文觀測資料\海保署\花蓮溪河口\LonLat.csv,歷史品管與即時海氣象水文觀測資料（海保署）,.csv,52,2026-09-17T18:54:08+08:00,CSV,utf-8-sig,CenterLongitude; CenterLatitude,CenterLongitude; CenterLatitude,,,,2,海保署,需確認各提供者授權條件,高（涉及安全決策風險）,live_or_time_series_candidate,時序工具候選,海保署 座標或後設 資料。研究統計優先使用 qc 品管版本。不可列為 document_rag_candidate。歷史資料僅可回答歷史描述，不可提供當日下水安全判定。,確認時區（疑似 UTC+8）；確認授權（海保署）；確認 qc 與 realtime 時間範圍
歷史品管、即時海氣象水文觀測資料\海保署\蘇澳港\2023_2025.csv,歷史品管與即時海氣象水文觀測資料（海保署）,.csv,1714,2026-09-17T18:54:08+08:00,CSV,utf-8-sig,測站編號; 時間; 氣溫; 鹽度; 水溫; 酸鹼值; 懸浮固體; 溶氧(電極法); 溶氧飽和度; 葉綠素a; 氨氮; 硝酸鹽氮; 正磷酸鹽; 亞硝酸鹽氮; 矽酸鹽,,,時間,2023–2025,15,海保署,需確認各提供者授權條件,高（涉及安全決策風險）,live_or_time_series_candidate,時序工具候選,海保署 座標或後設 資料。研究統計優先使用 qc 品管版本。不可列為 document_rag_candidate。歷史資料僅可回答歷史描述，不可提供當日下水安全判定。,確認時區（疑似 UTC+8）；確認授權（海保署）；確認 qc 與 realtime 時間範圍
歷史品管、即時海氣象水文觀測資料\海保署\蘇澳港\LonLat.csv,歷史品管與即時海氣象水文觀測資料（海保署）,.csv,52,2026-09-17T18:54:08+08:00,CSV,utf-8-sig,CenterLongitude; CenterLatitude,CenterLongitude; CenterLatitude,,,,2,海保署,需確認各提供者授權條件,高（涉及安全決策風險）,live_or_time_series_candidate,時序工具候選,海保署 座標或後設 資料。研究統計優先使用 qc 品管版本。不可列為 document_rag_candidate。歷史資料僅可回答歷史描述，不可提供當日下水安全判定。,確認時區（疑似 UTC+8）；確認授權（海保署）；確認 qc 與 realtime 時間範圍
歷史品管、即時海氣象水文觀測資料\海保署\蘭嶼\2023_2025.csv,歷史品管與即時海氣象水文觀測資料（海保署）,.csv,1736,2026-09-17T18:54:08+08:00,CSV,utf-8-sig,測站編號; 時間; 氣溫; 鹽度; 水溫; 酸鹼值; 懸浮固體; 溶氧(電極法); 溶氧飽和度; 葉綠素a; 氨氮; 硝酸鹽氮; 正磷酸鹽; 亞硝酸鹽氮; 矽酸鹽,,,時間,2023–2025,15,海保署,需確認各提供者授權條件,高（涉及安全決策風險）,live_or_time_series_candidate,時序工具候選,海保署 座標或後設 資料。研究統計優先使用 qc 品管版本。不可列為 document_rag_candidate。歷史資料僅可回答歷史描述，不可提供當日下水安全判定。,確認時區（疑似 UTC+8）；確認授權（海保署）；確認 qc 與 realtime 時間範圍
歷史品管、即時海氣象水文觀測資料\海保署\蘭嶼\LonLat.csv,歷史品管與即時海氣象水文觀測資料（海保署）,.csv,52,2026-09-17T18:54:08+08:00,CSV,utf-8-sig,CenterLongitude; CenterLatitude,CenterLongitude; CenterLatitude,,,,2,海保署,需確認各提供者授權條件,高（涉及安全決策風險）,live_or_time_series_candidate,時序工具候選,海保署 座標或後設 資料。研究統計優先使用 qc 品管版本。不可列為 document_rag_candidate。歷史資料僅可回答歷史描述，不可提供當日下水安全判定。,確認時區（疑似 UTC+8）；確認授權（海保署）；確認 qc 與 realtime 時間範圍
歷史品管、即時海氣象水文觀測資料\海保署\蘭陽溪口\2023_2025.csv,歷史品管與即時海氣象水文觀測資料（海保署）,.csv,1741,2026-09-17T18:54:08+08:00,CSV,utf-8-sig,測站編號; 時間; 氣溫; 鹽度; 水溫; 酸鹼值; 懸浮固體; 溶氧(電極法); 溶氧飽和度; 葉綠素a; 氨氮; 硝酸鹽氮; 正磷酸鹽; 亞硝酸鹽氮; 矽酸鹽,,,時間,2023–2025,15,海保署,需確認各提供者授權條件,高（涉及安全決策風險）,live_or_time_series_candidate,時序工具候選,海保署 座標或後設 資料。研究統計優先使用 qc 品管版本。不可列為 document_rag_candidate。歷史資料僅可回答歷史描述，不可提供當日下水安全判定。,確認時區（疑似 UTC+8）；確認授權（海保署）；確認 qc 與 realtime 時間範圍
歷史品管、即時海氣象水文觀測資料\海保署\蘭陽溪口\LonLat.csv,歷史品管與即時海氣象水文觀測資料（海保署）,.csv,52,2026-09-17T18:54:08+08:00,CSV,utf-8-sig,CenterLongitude; CenterLatitude,CenterLongitude; CenterLatitude,,,,2,海保署,需確認各提供者授權條件,高（涉及安全決策風險）,live_or_time_series_candidate,時序工具候選,海保署 座標或後設 資料。研究統計優先使用 qc 品管版本。不可列為 document_rag_candidate。歷史資料僅可回答歷史描述，不可提供當日下水安全判定。,確認時區（疑似 UTC+8）；確認授權（海保署）；確認 qc 與 realtime 時間範圍
歷史品管、即時海氣象水文觀測資料\海保署\觀音溪口\2023_2025.csv,歷史品管與即時海氣象水文觀測資料（海保署）,.csv,1784,2026-09-17T18:54:08+08:00,CSV,utf-8-sig,測站編號; 時間; 氣溫; 鹽度; 水溫; 酸鹼值; 懸浮固體; 溶氧(電極法); 溶氧飽和度; 葉綠素a; 氨氮; 硝酸鹽氮; 正磷酸鹽; 亞硝酸鹽氮; 矽酸鹽,,,時間,2023–2025,15,海保署,需確認各提供者授權條件,高（涉及安全決策風險）,live_or_time_series_candidate,時序工具候選,海保署 座標或後設 資料。研究統計優先使用 qc 品管版本。不可列為 document_rag_candidate。歷史資料僅可回答歷史描述，不可提供當日下水安全判定。,確認時區（疑似 UTC+8）；確認授權（海保署）；確認 qc 與 realtime 時間範圍
歷史品管、即時海氣象水文觀測資料\海保署\觀音溪口\LonLat.csv,歷史品管與即時海氣象水文觀測資料（海保署）,.csv,52,2026-09-17T18:54:08+08:00,CSV,utf-8-sig,CenterLongitude; CenterLatitude,CenterLongitude; CenterLatitude,,,,2,海保署,需確認各提供者授權條件,高（涉及安全決策風險）,live_or_time_series_candidate,時序工具候選,海保署 座標或後設 資料。研究統計優先使用 qc 品管版本。不可列為 document_rag_candidate。歷史資料僅可回答歷史描述，不可提供當日下水安全判定。,確認時區（疑似 UTC+8）；確認授權（海保署）；確認 qc 與 realtime 時間範圍
歷史品管、即時海氣象水文觀測資料\海保署\豐濱溪河口\2023_2025.csv,歷史品管與即時海氣象水文觀測資料（海保署）,.csv,1709,2026-09-17T18:54:08+08:00,CSV,utf-8-sig,測站編號; 時間; 氣溫; 鹽度; 水溫; 酸鹼值; 懸浮固體; 溶氧(電極法); 溶氧飽和度; 葉綠素a; 氨氮; 硝酸鹽氮; 正磷酸鹽; 亞硝酸鹽氮; 矽酸鹽,,,時間,2023–2025,15,海保署,需確認各提供者授權條件,高（涉及安全決策風險）,live_or_time_series_candidate,時序工具候選,海保署 座標或後設 資料。研究統計優先使用 qc 品管版本。不可列為 document_rag_candidate。歷史資料僅可回答歷史描述，不可提供當日下水安全判定。,確認時區（疑似 UTC+8）；確認授權（海保署）；確認 qc 與 realtime 時間範圍
歷史品管、即時海氣象水文觀測資料\海保署\豐濱溪河口\LonLat.csv,歷史品管與即時海氣象水文觀測資料（海保署）,.csv,52,2026-09-17T18:54:08+08:00,CSV,utf-8-sig,CenterLongitude; CenterLatitude,CenterLongitude; CenterLatitude,,,,2,海保署,需確認各提供者授權條件,高（涉及安全決策風險）,live_or_time_series_candidate,時序工具候選,海保署 座標或後設 資料。研究統計優先使用 qc 品管版本。不可列為 document_rag_candidate。歷史資料僅可回答歷史描述，不可提供當日下水安全判定。,確認時區（疑似 UTC+8）；確認授權（海保署）；確認 qc 與 realtime 時間範圍
歷史品管、即時海氣象水文觀測資料\海保署\通霄溪口\2023_2025.csv,歷史品管與即時海氣象水文觀測資料（海保署）,.csv,1733,2026-09-17T18:54:08+08:00,CSV,utf-8-sig,測站編號; 時間; 氣溫; 鹽度; 水溫; 酸鹼值; 懸浮固體; 溶氧(電極法); 溶氧飽和度; 葉綠素a; 氨氮; 硝酸鹽氮; 正磷酸鹽; 亞硝酸鹽氮; 矽酸鹽,,,時間,2023–2025,15,海保署,需確認各提供者授權條件,高（涉及安全決策風險）,live_or_time_series_candidate,時序工具候選,海保署 座標或後設 資料。研究統計優先使用 qc 品管版本。不可列為 document_rag_candidate。歷史資料僅可回答歷史描述，不可提供當日下水安全判定。,確認時區（疑似 UTC+8）；確認授權（海保署）；確認 qc 與 realtime 時間範圍
歷史品管、即時海氣象水文觀測資料\海保署\通霄溪口\LonLat.csv,歷史品管與即時海氣象水文觀測資料（海保署）,.csv,52,2026-09-17T18:54:08+08:00,CSV,utf-8-sig,CenterLongitude; CenterLatitude,CenterLongitude; CenterLatitude,,,,2,海保署,需確認各提供者授權條件,高（涉及安全決策風險）,live_or_time_series_candidate,時序工具候選,海保署 座標或後設 資料。研究統計優先使用 qc 品管版本。不可列為 document_rag_candidate。歷史資料僅可回答歷史描述，不可提供當日下水安全判定。,確認時區（疑似 UTC+8）；確認授權（海保署）；確認 qc 與 realtime 時間範圍
歷史品管、即時海氣象水文觀測資料\海保署\金烈水道南側\2023_2025.csv,歷史品管與即時海氣象水文觀測資料（海保署）,.csv,2007,2026-09-17T18:54:08+08:00,CSV,utf-8-sig,測站編號; 時間; 氣溫; 鹽度; 水溫; 酸鹼值; 懸浮固體; 溶氧(電極法); 溶氧飽和度; 葉綠素a; 氨氮; 硝酸鹽氮; 正磷酸鹽; 亞硝酸鹽氮; 矽酸鹽,,,時間,2023–2025,15,海保署,需確認各提供者授權條件,高（涉及安全決策風險）,live_or_time_series_candidate,時序工具候選,海保署 座標或後設 資料。研究統計優先使用 qc 品管版本。不可列為 document_rag_candidate。歷史資料僅可回答歷史描述，不可提供當日下水安全判定。,確認時區（疑似 UTC+8）；確認授權（海保署）；確認 qc 與 realtime 時間範圍
歷史品管、即時海氣象水文觀測資料\海保署\金烈水道南側\LonLat.csv,歷史品管與即時海氣象水文觀測資料（海保署）,.csv,52,2026-09-17T18:54:08+08:00,CSV,utf-8-sig,CenterLongitude; CenterLatitude,CenterLongitude; CenterLatitude,,,,2,海保署,需確認各提供者授權條件,高（涉及安全決策風險）,live_or_time_series_candidate,時序工具候選,海保署 座標或後設 資料。研究統計優先使用 qc 品管版本。不可列為 document_rag_candidate。歷史資料僅可回答歷史描述，不可提供當日下水安全判定。,確認時區（疑似 UTC+8）；確認授權（海保署）；確認 qc 與 realtime 時間範圍
歷史品管、即時海氣象水文觀測資料\海保署\金門后江灣外\2023_2025.csv,歷史品管與即時海氣象水文觀測資料（海保署）,.csv,1765,2026-09-17T18:54:08+08:00,CSV,utf-8-sig,測站編號; 時間; 氣溫; 鹽度; 水溫; 酸鹼值; 懸浮固體; 溶氧(電極法); 溶氧飽和度; 葉綠素a; 氨氮; 硝酸鹽氮; 正磷酸鹽; 亞硝酸鹽氮; 矽酸鹽,,,時間,2023–2025,15,海保署,需確認各提供者授權條件,高（涉及安全決策風險）,live_or_time_series_candidate,時序工具候選,海保署 座標或後設 資料。研究統計優先使用 qc 品管版本。不可列為 document_rag_candidate。歷史資料僅可回答歷史描述，不可提供當日下水安全判定。,確認時區（疑似 UTC+8）；確認授權（海保署）；確認 qc 與 realtime 時間範圍
歷史品管、即時海氣象水文觀測資料\海保署\金門后江灣外\LonLat.csv,歷史品管與即時海氣象水文觀測資料（海保署）,.csv,51,2026-09-17T18:54:08+08:00,CSV,utf-8-sig,CenterLongitude; CenterLatitude,CenterLongitude; CenterLatitude,,,,2,海保署,需確認各提供者授權條件,高（涉及安全決策風險）,live_or_time_series_candidate,時序工具候選,海保署 座標或後設 資料。研究統計優先使用 qc 品管版本。不可列為 document_rag_candidate。歷史資料僅可回答歷史描述，不可提供當日下水安全判定。,確認時區（疑似 UTC+8）；確認授權（海保署）；確認 qc 與 realtime 時間範圍
歷史品管、即時海氣象水文觀測資料\海保署\金門本島東側沿海\2023_2025.csv,歷史品管與即時海氣象水文觀測資料（海保署）,.csv,1775,2026-09-17T18:54:08+08:00,CSV,utf-8-sig,測站編號; 時間; 氣溫; 鹽度; 水溫; 酸鹼值; 懸浮固體; 溶氧(電極法); 溶氧飽和度; 葉綠素a; 氨氮; 硝酸鹽氮; 正磷酸鹽; 亞硝酸鹽氮; 矽酸鹽,,,時間,2023–2025,15,海保署,需確認各提供者授權條件,高（涉及安全決策風險）,live_or_time_series_candidate,時序工具候選,海保署 座標或後設 資料。研究統計優先使用 qc 品管版本。不可列為 document_rag_candidate。歷史資料僅可回答歷史描述，不可提供當日下水安全判定。,確認時區（疑似 UTC+8）；確認授權（海保署）；確認 qc 與 realtime 時間範圍
歷史品管、即時海氣象水文觀測資料\海保署\金門本島東側沿海\LonLat.csv,歷史品管與即時海氣象水文觀測資料（海保署）,.csv,52,2026-09-17T18:54:08+08:00,CSV,utf-8-sig,CenterLongitude; CenterLatitude,CenterLongitude; CenterLatitude,,,,2,海保署,需確認各提供者授權條件,高（涉及安全決策風險）,live_or_time_series_candidate,時序工具候選,海保署 座標或後設 資料。研究統計優先使用 qc 品管版本。不可列為 document_rag_candidate。歷史資料僅可回答歷史描述，不可提供當日下水安全判定。,確認時區（疑似 UTC+8）；確認授權（海保署）；確認 qc 與 realtime 時間範圍
歷史品管、即時海氣象水文觀測資料\海保署\阿公店溪口\2023_2025.csv,歷史品管與即時海氣象水文觀測資料（海保署）,.csv,1729,2026-09-17T18:54:08+08:00,CSV,utf-8-sig,測站編號; 時間; 氣溫; 鹽度; 水溫; 酸鹼值; 懸浮固體; 溶氧(電極法); 溶氧飽和度; 葉綠素a; 氨氮; 硝酸鹽氮; 正磷酸鹽; 亞硝酸鹽氮; 矽酸鹽,,,時間,2023–2025,15,海保署,需確認各提供者授權條件,高（涉及安全決策風險）,live_or_time_series_candidate,時序工具候選,海保署 座標或後設 資料。研究統計優先使用 qc 品管版本。不可列為 document_rag_candidate。歷史資料僅可回答歷史描述，不可提供當日下水安全判定。,確認時區（疑似 UTC+8）；確認授權（海保署）；確認 qc 與 realtime 時間範圍
歷史品管、即時海氣象水文觀測資料\海保署\阿公店溪口\LonLat.csv,歷史品管與即時海氣象水文觀測資料（海保署）,.csv,54,2026-09-17T18:54:08+08:00,CSV,utf-8-sig,CenterLongitude; CenterLatitude,CenterLongitude; CenterLatitude,,,,2,海保署,需確認各提供者授權條件,高（涉及安全決策風險）,live_or_time_series_candidate,時序工具候選,海保署 座標或後設 資料。研究統計優先使用 qc 品管版本。不可列為 document_rag_candidate。歷史資料僅可回答歷史描述，不可提供當日下水安全判定。,確認時區（疑似 UTC+8）；確認授權（海保署）；確認 qc 與 realtime 時間範圍
歷史品管、即時海氣象水文觀測資料\海保署\阿公店溪口外海\2023_2025.csv,歷史品管與即時海氣象水文觀測資料（海保署）,.csv,1704,2026-09-17T18:54:08+08:00,CSV,utf-8-sig,測站編號; 時間; 氣溫; 鹽度; 水溫; 酸鹼值; 懸浮固體; 溶氧(電極法); 溶氧飽和度; 葉綠素a; 氨氮; 硝酸鹽氮; 正磷酸鹽; 亞硝酸鹽氮; 矽酸鹽,,,時間,2023–2025,15,海保署,需確認各提供者授權條件,高（涉及安全決策風險）,live_or_time_series_candidate,時序工具候選,海保署 座標或後設 資料。研究統計優先使用 qc 品管版本。不可列為 document_rag_candidate。歷史資料僅可回答歷史描述，不可提供當日下水安全判定。,確認時區（疑似 UTC+8）；確認授權（海保署）；確認 qc 與 realtime 時間範圍
歷史品管、即時海氣象水文觀測資料\海保署\阿公店溪口外海\LonLat.csv,歷史品管與即時海氣象水文觀測資料（海保署）,.csv,50,2026-09-17T18:54:08+08:00,CSV,utf-8-sig,CenterLongitude; CenterLatitude,CenterLongitude; CenterLatitude,,,,2,海保署,需確認各提供者授權條件,高（涉及安全決策風險）,live_or_time_series_candidate,時序工具候選,海保署 座標或後設 資料。研究統計優先使用 qc 品管版本。不可列為 document_rag_candidate。歷史資料僅可回答歷史描述，不可提供當日下水安全判定。,確認時區（疑似 UTC+8）；確認授權（海保署）；確認 qc 與 realtime 時間範圍
歷史品管、即時海氣象水文觀測資料\海保署\頭前溪口南側\2023_2025.csv,歷史品管與即時海氣象水文觀測資料（海保署）,.csv,1724,2026-09-17T18:54:08+08:00,CSV,utf-8-sig,測站編號; 時間; 氣溫; 鹽度; 水溫; 酸鹼值; 懸浮固體; 溶氧(電極法); 溶氧飽和度; 葉綠素a; 氨氮; 硝酸鹽氮; 正磷酸鹽; 亞硝酸鹽氮; 矽酸鹽,,,時間,2023–2025,15,海保署,需確認各提供者授權條件,高（涉及安全決策風險）,live_or_time_series_candidate,時序工具候選,海保署 座標或後設 資料。研究統計優先使用 qc 品管版本。不可列為 document_rag_candidate。歷史資料僅可回答歷史描述，不可提供當日下水安全判定。,確認時區（疑似 UTC+8）；確認授權（海保署）；確認 qc 與 realtime 時間範圍
歷史品管、即時海氣象水文觀測資料\海保署\頭前溪口南側\LonLat.csv,歷史品管與即時海氣象水文觀測資料（海保署）,.csv,52,2026-09-17T18:54:08+08:00,CSV,utf-8-sig,CenterLongitude; CenterLatitude,CenterLongitude; CenterLatitude,,,,2,海保署,需確認各提供者授權條件,高（涉及安全決策風險）,live_or_time_series_candidate,時序工具候選,海保署 座標或後設 資料。研究統計優先使用 qc 品管版本。不可列為 document_rag_candidate。歷史資料僅可回答歷史描述，不可提供當日下水安全判定。,確認時區（疑似 UTC+8）；確認授權（海保署）；確認 qc 與 realtime 時間範圍
歷史品管、即時海氣象水文觀測資料\海保署\馬祖海峽\2023_2025.csv,歷史品管與即時海氣象水文觀測資料（海保署）,.csv,1764,2026-09-17T18:54:08+08:00,CSV,utf-8-sig,測站編號; 時間; 氣溫; 鹽度; 水溫; 酸鹼值; 懸浮固體; 溶氧(電極法); 溶氧飽和度; 葉綠素a; 氨氮; 硝酸鹽氮; 正磷酸鹽; 亞硝酸鹽氮; 矽酸鹽,,,時間,2023–2025,15,海保署,需確認各提供者授權條件,高（涉及安全決策風險）,live_or_time_series_candidate,時序工具候選,海保署 座標或後設 資料。研究統計優先使用 qc 品管版本。不可列為 document_rag_candidate。歷史資料僅可回答歷史描述，不可提供當日下水安全判定。,確認時區（疑似 UTC+8）；確認授權（海保署）；確認 qc 與 realtime 時間範圍
歷史品管、即時海氣象水文觀測資料\海保署\馬祖海峽\LonLat.csv,歷史品管與即時海氣象水文觀測資料（海保署）,.csv,51,2026-09-17T18:54:08+08:00,CSV,utf-8-sig,CenterLongitude; CenterLatitude,CenterLongitude; CenterLatitude,,,,2,海保署,需確認各提供者授權條件,高（涉及安全決策風險）,live_or_time_series_candidate,時序工具候選,海保署 座標或後設 資料。研究統計優先使用 qc 品管版本。不可列為 document_rag_candidate。歷史資料僅可回答歷史描述，不可提供當日下水安全判定。,確認時區（疑似 UTC+8）；確認授權（海保署）；確認 qc 與 realtime 時間範圍
歷史品管、即時海氣象水文觀測資料\海保署\高屏溪出海口\2023_2025.csv,歷史品管與即時海氣象水文觀測資料（海保署）,.csv,1765,2026-09-17T18:54:08+08:00,CSV,utf-8-sig,測站編號; 時間; 氣溫; 鹽度; 水溫; 酸鹼值; 懸浮固體; 溶氧(電極法); 溶氧飽和度; 葉綠素a; 氨氮; 硝酸鹽氮; 正磷酸鹽; 亞硝酸鹽氮; 矽酸鹽,,,時間,2023–2025,15,海保署,需確認各提供者授權條件,高（涉及安全決策風險）,live_or_time_series_candidate,時序工具候選,海保署 座標或後設 資料。研究統計優先使用 qc 品管版本。不可列為 document_rag_candidate。歷史資料僅可回答歷史描述，不可提供當日下水安全判定。,確認時區（疑似 UTC+8）；確認授權（海保署）；確認 qc 與 realtime 時間範圍
歷史品管、即時海氣象水文觀測資料\海保署\高屏溪出海口\LonLat.csv,歷史品管與即時海氣象水文觀測資料（海保署）,.csv,52,2026-09-17T18:54:08+08:00,CSV,utf-8-sig,CenterLongitude; CenterLatitude,CenterLongitude; CenterLatitude,,,,2,海保署,需確認各提供者授權條件,高（涉及安全決策風險）,live_or_time_series_candidate,時序工具候選,海保署 座標或後設 資料。研究統計優先使用 qc 品管版本。不可列為 document_rag_candidate。歷史資料僅可回答歷史描述，不可提供當日下水安全判定。,確認時區（疑似 UTC+8）；確認授權（海保署）；確認 qc 與 realtime 時間範圍
歷史品管、即時海氣象水文觀測資料\海保署\高屏溪口外4海浬\2023_2025.csv,歷史品管與即時海氣象水文觀測資料（海保署）,.csv,1974,2026-09-17T18:54:08+08:00,CSV,utf-8-sig,測站編號; 時間; 氣溫; 鹽度; 水溫; 酸鹼值; 懸浮固體; 溶氧(電極法); 溶氧飽和度; 葉綠素a; 氨氮; 硝酸鹽氮; 正磷酸鹽; 亞硝酸鹽氮; 矽酸鹽,,,時間,2023–2025,15,海保署,需確認各提供者授權條件,高（涉及安全決策風險）,live_or_time_series_candidate,時序工具候選,海保署 座標或後設 資料。研究統計優先使用 qc 品管版本。不可列為 document_rag_candidate。歷史資料僅可回答歷史描述，不可提供當日下水安全判定。,確認時區（疑似 UTC+8）；確認授權（海保署）；確認 qc 與 realtime 時間範圍
歷史品管、即時海氣象水文觀測資料\海保署\高屏溪口外4海浬\LonLat.csv,歷史品管與即時海氣象水文觀測資料（海保署）,.csv,52,2026-09-17T18:54:08+08:00,CSV,utf-8-sig,CenterLongitude; CenterLatitude,CenterLongitude; CenterLatitude,,,,2,海保署,需確認各提供者授權條件,高（涉及安全決策風險）,live_or_time_series_candidate,時序工具候選,海保署 座標或後設 資料。研究統計優先使用 qc 品管版本。不可列為 document_rag_candidate。歷史資料僅可回答歷史描述，不可提供當日下水安全判定。,確認時區（疑似 UTC+8）；確認授權（海保署）；確認 qc 與 realtime 時間範圍
歷史品管、即時海氣象水文觀測資料\海保署\高屏溪東港溪之間-1\2023_2025.csv,歷史品管與即時海氣象水文觀測資料（海保署）,.csv,1753,2026-09-17T18:54:08+08:00,CSV,utf-8-sig,測站編號; 時間; 氣溫; 鹽度; 水溫; 酸鹼值; 懸浮固體; 溶氧(電極法); 溶氧飽和度; 葉綠素a; 氨氮; 硝酸鹽氮; 正磷酸鹽; 亞硝酸鹽氮; 矽酸鹽,,,時間,2023–2025,15,海保署,需確認各提供者授權條件,高（涉及安全決策風險）,live_or_time_series_candidate,時序工具候選,海保署 座標或後設 資料。研究統計優先使用 qc 品管版本。不可列為 document_rag_candidate。歷史資料僅可回答歷史描述，不可提供當日下水安全判定。,確認時區（疑似 UTC+8）；確認授權（海保署）；確認 qc 與 realtime 時間範圍
歷史品管、即時海氣象水文觀測資料\海保署\高屏溪東港溪之間-1\LonLat.csv,歷史品管與即時海氣象水文觀測資料（海保署）,.csv,52,2026-09-17T18:54:08+08:00,CSV,utf-8-sig,CenterLongitude; CenterLatitude,CenterLongitude; CenterLatitude,,,,2,海保署,需確認各提供者授權條件,高（涉及安全決策風險）,live_or_time_series_candidate,時序工具候選,海保署 座標或後設 資料。研究統計優先使用 qc 品管版本。不可列為 document_rag_candidate。歷史資料僅可回答歷史描述，不可提供當日下水安全判定。,確認時區（疑似 UTC+8）；確認授權（海保署）；確認 qc 與 realtime 時間範圍
歷史品管、即時海氣象水文觀測資料\海保署\高雄港口外一\2023_2025.csv,歷史品管與即時海氣象水文觀測資料（海保署）,.csv,1745,2026-09-17T18:54:08+08:00,CSV,utf-8-sig,測站編號; 時間; 氣溫; 鹽度; 水溫; 酸鹼值; 懸浮固體; 溶氧(電極法); 溶氧飽和度; 葉綠素a; 氨氮; 硝酸鹽氮; 正磷酸鹽; 亞硝酸鹽氮; 矽酸鹽,,,時間,2023–2025,15,海保署,需確認各提供者授權條件,高（涉及安全決策風險）,live_or_time_series_candidate,時序工具候選,海保署 座標或後設 資料。研究統計優先使用 qc 品管版本。不可列為 document_rag_candidate。歷史資料僅可回答歷史描述，不可提供當日下水安全判定。,確認時區（疑似 UTC+8）；確認授權（海保署）；確認 qc 與 realtime 時間範圍
歷史品管、即時海氣象水文觀測資料\海保署\高雄港口外一\LonLat.csv,歷史品管與即時海氣象水文觀測資料（海保署）,.csv,52,2026-09-17T18:54:08+08:00,CSV,utf-8-sig,CenterLongitude; CenterLatitude,CenterLongitude; CenterLatitude,,,,2,海保署,需確認各提供者授權條件,高（涉及安全決策風險）,live_or_time_series_candidate,時序工具候選,海保署 座標或後設 資料。研究統計優先使用 qc 品管版本。不可列為 document_rag_candidate。歷史資料僅可回答歷史描述，不可提供當日下水安全判定。,確認時區（疑似 UTC+8）；確認授權（海保署）；確認 qc 與 realtime 時間範圍
歷史品管、即時海氣象水文觀測資料\海保署\高雄港口外三\2023_2025.csv,歷史品管與即時海氣象水文觀測資料（海保署）,.csv,1758,2026-09-17T18:54:08+08:00,CSV,utf-8-sig,測站編號; 時間; 氣溫; 鹽度; 水溫; 酸鹼值; 懸浮固體; 溶氧(電極法); 溶氧飽和度; 葉綠素a; 氨氮; 硝酸鹽氮; 正磷酸鹽; 亞硝酸鹽氮; 矽酸鹽,,,時間,2023–2025,15,海保署,需確認各提供者授權條件,高（涉及安全決策風險）,live_or_time_series_candidate,時序工具候選,海保署 座標或後設 資料。研究統計優先使用 qc 品管版本。不可列為 document_rag_candidate。歷史資料僅可回答歷史描述，不可提供當日下水安全判定。,確認時區（疑似 UTC+8）；確認授權（海保署）；確認 qc 與 realtime 時間範圍
歷史品管、即時海氣象水文觀測資料\海保署\高雄港口外三\LonLat.csv,歷史品管與即時海氣象水文觀測資料（海保署）,.csv,52,2026-09-17T18:54:09+08:00,CSV,utf-8-sig,CenterLongitude; CenterLatitude,CenterLongitude; CenterLatitude,,,,2,海保署,需確認各提供者授權條件,高（涉及安全決策風險）,live_or_time_series_candidate,時序工具候選,海保署 座標或後設 資料。研究統計優先使用 qc 品管版本。不可列為 document_rag_candidate。歷史資料僅可回答歷史描述，不可提供當日下水安全判定。,確認時區（疑似 UTC+8）；確認授權（海保署）；確認 qc 與 realtime 時間範圍
歷史品管、即時海氣象水文觀測資料\海保署\高雄港口外二\2023_2025.csv,歷史品管與即時海氣象水文觀測資料（海保署）,.csv,1758,2026-09-17T18:54:09+08:00,CSV,utf-8-sig,測站編號; 時間; 氣溫; 鹽度; 水溫; 酸鹼值; 懸浮固體; 溶氧(電極法); 溶氧飽和度; 葉綠素a; 氨氮; 硝酸鹽氮; 正磷酸鹽; 亞硝酸鹽氮; 矽酸鹽,,,時間,2023–2025,15,海保署,需確認各提供者授權條件,高（涉及安全決策風險）,live_or_time_series_candidate,時序工具候選,海保署 座標或後設 資料。研究統計優先使用 qc 品管版本。不可列為 document_rag_candidate。歷史資料僅可回答歷史描述，不可提供當日下水安全判定。,確認時區（疑似 UTC+8）；確認授權（海保署）；確認 qc 與 realtime 時間範圍
歷史品管、即時海氣象水文觀測資料\海保署\高雄港口外二\LonLat.csv,歷史品管與即時海氣象水文觀測資料（海保署）,.csv,52,2026-09-17T18:54:09+08:00,CSV,utf-8-sig,CenterLongitude; CenterLatitude,CenterLongitude; CenterLatitude,,,,2,海保署,需確認各提供者授權條件,高（涉及安全決策風險）,live_or_time_series_candidate,時序工具候選,海保署 座標或後設 資料。研究統計優先使用 qc 品管版本。不可列為 document_rag_candidate。歷史資料僅可回答歷史描述，不可提供當日下水安全判定。,確認時區（疑似 UTC+8）；確認授權（海保署）；確認 qc 與 realtime 時間範圍
歷史品管、即時海氣象水文觀測資料\海保署\鳳山溪北側\2023_2025.csv,歷史品管與即時海氣象水文觀測資料（海保署）,.csv,1746,2026-09-17T18:54:09+08:00,CSV,utf-8-sig,測站編號; 時間; 氣溫; 鹽度; 水溫; 酸鹼值; 懸浮固體; 溶氧(電極法); 溶氧飽和度; 葉綠素a; 氨氮; 硝酸鹽氮; 正磷酸鹽; 亞硝酸鹽氮; 矽酸鹽,,,時間,2023–2025,15,海保署,需確認各提供者授權條件,高（涉及安全決策風險）,live_or_time_series_candidate,時序工具候選,海保署 座標或後設 資料。研究統計優先使用 qc 品管版本。不可列為 document_rag_candidate。歷史資料僅可回答歷史描述，不可提供當日下水安全判定。,確認時區（疑似 UTC+8）；確認授權（海保署）；確認 qc 與 realtime 時間範圍
歷史品管、即時海氣象水文觀測資料\海保署\鳳山溪北側\LonLat.csv,歷史品管與即時海氣象水文觀測資料（海保署）,.csv,51,2026-09-17T18:54:09+08:00,CSV,utf-8-sig,CenterLongitude; CenterLatitude,CenterLongitude; CenterLatitude,,,,2,海保署,需確認各提供者授權條件,高（涉及安全決策風險）,live_or_time_series_candidate,時序工具候選,海保署 座標或後設 資料。研究統計優先使用 qc 品管版本。不可列為 document_rag_candidate。歷史資料僅可回答歷史描述，不可提供當日下水安全判定。,確認時區（疑似 UTC+8）；確認授權（海保署）；確認 qc 與 realtime 時間範圍
歷史品管、即時海氣象水文觀測資料\海保署\鹽水溪口\2023_2025.csv,歷史品管與即時海氣象水文觀測資料（海保署）,.csv,1737,2026-09-17T18:54:09+08:00,CSV,utf-8-sig,測站編號; 時間; 氣溫; 鹽度; 水溫; 酸鹼值; 懸浮固體; 溶氧(電極法); 溶氧飽和度; 葉綠素a; 氨氮; 硝酸鹽氮; 正磷酸鹽; 亞硝酸鹽氮; 矽酸鹽,,,時間,2023–2025,15,海保署,需確認各提供者授權條件,高（涉及安全決策風險）,live_or_time_series_candidate,時序工具候選,海保署 座標或後設 資料。研究統計優先使用 qc 品管版本。不可列為 document_rag_candidate。歷史資料僅可回答歷史描述，不可提供當日下水安全判定。,確認時區（疑似 UTC+8）；確認授權（海保署）；確認 qc 與 realtime 時間範圍
歷史品管、即時海氣象水文觀測資料\海保署\鹽水溪口\LonLat.csv,歷史品管與即時海氣象水文觀測資料（海保署）,.csv,50,2026-09-17T18:54:09+08:00,CSV,utf-8-sig,CenterLongitude; CenterLatitude,CenterLongitude; CenterLatitude,,,,2,海保署,需確認各提供者授權條件,高（涉及安全決策風險）,live_or_time_series_candidate,時序工具候選,海保署 座標或後設 資料。研究統計優先使用 qc 品管版本。不可列為 document_rag_candidate。歷史資料僅可回答歷史描述，不可提供當日下水安全判定。,確認時區（疑似 UTC+8）；確認授權（海保署）；確認 qc 與 realtime 時間範圍
歷史品管、即時海氣象水文觀測資料\海保署\鹿耳門溪口\2023_2025.csv,歷史品管與即時海氣象水文觀測資料（海保署）,.csv,1734,2026-09-17T18:54:09+08:00,CSV,utf-8-sig,測站編號; 時間; 氣溫; 鹽度; 水溫; 酸鹼值; 懸浮固體; 溶氧(電極法); 溶氧飽和度; 葉綠素a; 氨氮; 硝酸鹽氮; 正磷酸鹽; 亞硝酸鹽氮; 矽酸鹽,,,時間,2023–2025,15,海保署,需確認各提供者授權條件,高（涉及安全決策風險）,live_or_time_series_candidate,時序工具候選,海保署 座標或後設 資料。研究統計優先使用 qc 品管版本。不可列為 document_rag_candidate。歷史資料僅可回答歷史描述，不可提供當日下水安全判定。,確認時區（疑似 UTC+8）；確認授權（海保署）；確認 qc 與 realtime 時間範圍
歷史品管、即時海氣象水文觀測資料\海保署\鹿耳門溪口\LonLat.csv,歷史品管與即時海氣象水文觀測資料（海保署）,.csv,50,2026-09-17T18:54:09+08:00,CSV,utf-8-sig,CenterLongitude; CenterLatitude,CenterLongitude; CenterLatitude,,,,2,海保署,需確認各提供者授權條件,高（涉及安全決策風險）,live_or_time_series_candidate,時序工具候選,海保署 座標或後設 資料。研究統計優先使用 qc 品管版本。不可列為 document_rag_candidate。歷史資料僅可回答歷史描述，不可提供當日下水安全判定。,確認時區（疑似 UTC+8）；確認授權（海保署）；確認 qc 與 realtime 時間範圍
歷史品管、即時海氣象水文觀測資料\海保署\龍蝦洞10m\2023_2025.csv,歷史品管與即時海氣象水文觀測資料（海保署）,.csv,1483,2026-09-17T18:54:09+08:00,CSV,utf-8-sig,測站編號; 時間; 氣溫; 鹽度; 水溫; 酸鹼值; 懸浮固體; 溶氧(電極法); 溶氧飽和度; 葉綠素a; 氨氮; 硝酸鹽氮; 正磷酸鹽; 亞硝酸鹽氮; 矽酸鹽,,,時間,2023–2025,12,海保署,需確認各提供者授權條件,高（涉及安全決策風險）,live_or_time_series_candidate,時序工具候選,海保署 座標或後設 資料。研究統計優先使用 qc 品管版本。不可列為 document_rag_candidate。歷史資料僅可回答歷史描述，不可提供當日下水安全判定。,確認時區（疑似 UTC+8）；確認授權（海保署）；確認 qc 與 realtime 時間範圍
歷史品管、即時海氣象水文觀測資料\海保署\龍蝦洞10m\LonLat.csv,歷史品管與即時海氣象水文觀測資料（海保署）,.csv,52,2026-09-17T18:54:09+08:00,CSV,utf-8-sig,CenterLongitude; CenterLatitude,CenterLongitude; CenterLatitude,,,,2,海保署,需確認各提供者授權條件,高（涉及安全決策風險）,live_or_time_series_candidate,時序工具候選,海保署 座標或後設 資料。研究統計優先使用 qc 品管版本。不可列為 document_rag_candidate。歷史資料僅可回答歷史描述，不可提供當日下水安全判定。,確認時區（疑似 UTC+8）；確認授權（海保署）；確認 qc 與 realtime 時間範圍
歷史品管、即時海氣象水文觀測資料\海保署\龍蝦洞5m\2023_2025.csv,歷史品管與即時海氣象水文觀測資料（海保署）,.csv,1475,2026-09-17T18:54:09+08:00,CSV,utf-8-sig,測站編號; 時間; 氣溫; 鹽度; 水溫; 酸鹼值; 懸浮固體; 溶氧(電極法); 溶氧飽和度; 葉綠素a; 氨氮; 硝酸鹽氮; 正磷酸鹽; 亞硝酸鹽氮; 矽酸鹽,,,時間,2023–2025,12,海保署,需確認各提供者授權條件,高（涉及安全決策風險）,live_or_time_series_candidate,時序工具候選,海保署 座標或後設 資料。研究統計優先使用 qc 品管版本。不可列為 document_rag_candidate。歷史資料僅可回答歷史描述，不可提供當日下水安全判定。,確認時區（疑似 UTC+8）；確認授權（海保署）；確認 qc 與 realtime 時間範圍
歷史品管、即時海氣象水文觀測資料\海保署\龍蝦洞5m\LonLat.csv,歷史品管與即時海氣象水文觀測資料（海保署）,.csv,54,2026-09-17T18:54:09+08:00,CSV,utf-8-sig,CenterLongitude; CenterLatitude,CenterLongitude; CenterLatitude,,,,2,海保署,需確認各提供者授權條件,高（涉及安全決策風險）,live_or_time_series_candidate,時序工具候選,海保署 座標或後設 資料。研究統計優先使用 qc 品管版本。不可列為 document_rag_candidate。歷史資料僅可回答歷史描述，不可提供當日下水安全判定。,確認時區（疑似 UTC+8）；確認授權（海保署）；確認 qc 與 realtime 時間範圍
歷史品管、即時海氣象水文觀測資料\海保署\龍蝦洞潮間帶1m\2023_2025.csv,歷史品管與即時海氣象水文觀測資料（海保署）,.csv,1465,2026-09-17T18:54:09+08:00,CSV,utf-8-sig,測站編號; 時間; 氣溫; 鹽度; 水溫; 酸鹼值; 懸浮固體; 溶氧(電極法); 溶氧飽和度; 葉綠素a; 氨氮; 硝酸鹽氮; 正磷酸鹽; 亞硝酸鹽氮; 矽酸鹽,,,時間,2023–2025,12,海保署,需確認各提供者授權條件,高（涉及安全決策風險）,live_or_time_series_candidate,時序工具候選,海保署 座標或後設 資料。研究統計優先使用 qc 品管版本。不可列為 document_rag_candidate。歷史資料僅可回答歷史描述，不可提供當日下水安全判定。,確認時區（疑似 UTC+8）；確認授權（海保署）；確認 qc 與 realtime 時間範圍
歷史品管、即時海氣象水文觀測資料\海保署\龍蝦洞潮間帶1m\LonLat.csv,歷史品管與即時海氣象水文觀測資料（海保署）,.csv,54,2026-09-17T18:54:09+08:00,CSV,utf-8-sig,CenterLongitude; CenterLatitude,CenterLongitude; CenterLatitude,,,,2,海保署,需確認各提供者授權條件,高（涉及安全決策風險）,live_or_time_series_candidate,時序工具候選,海保署 座標或後設 資料。研究統計優先使用 qc 品管版本。不可列為 document_rag_candidate。歷史資料僅可回答歷史描述，不可提供當日下水安全判定。,確認時區（疑似 UTC+8）；確認授權（海保署）；確認 qc 與 realtime 時間範圍
歷史品管、即時海氣象水文觀測資料\海保署\龍門海域\2023_2025.csv,歷史品管與即時海氣象水文觀測資料（海保署）,.csv,1742,2026-09-17T18:54:09+08:00,CSV,utf-8-sig,測站編號; 時間; 氣溫; 鹽度; 水溫; 酸鹼值; 懸浮固體; 溶氧(電極法); 溶氧飽和度; 葉綠素a; 氨氮; 硝酸鹽氮; 正磷酸鹽; 亞硝酸鹽氮; 矽酸鹽,,,時間,2023–2025,15,海保署,需確認各提供者授權條件,高（涉及安全決策風險）,live_or_time_series_candidate,時序工具候選,海保署 座標或後設 資料。研究統計優先使用 qc 品管版本。不可列為 document_rag_candidate。歷史資料僅可回答歷史描述，不可提供當日下水安全判定。,確認時區（疑似 UTC+8）；確認授權（海保署）；確認 qc 與 realtime 時間範圍
歷史品管、即時海氣象水文觀測資料\海保署\龍門海域\LonLat.csv,歷史品管與即時海氣象水文觀測資料（海保署）,.csv,52,2026-09-17T18:54:09+08:00,CSV,utf-8-sig,CenterLongitude; CenterLatitude,CenterLongitude; CenterLatitude,,,,2,海保署,需確認各提供者授權條件,高（涉及安全決策風險）,live_or_time_series_candidate,時序工具候選,海保署 座標或後設 資料。研究統計優先使用 qc 品管版本。不可列為 document_rag_candidate。歷史資料僅可回答歷史描述，不可提供當日下水安全判定。,確認時區（疑似 UTC+8）；確認授權（海保署）；確認 qc 與 realtime 時間範圍
歷史品管、即時海氣象水文觀測資料\海保署\龍門鹽寮外海\2023_2025.csv,歷史品管與即時海氣象水文觀測資料（海保署）,.csv,1743,2026-09-17T18:54:09+08:00,CSV,utf-8-sig,測站編號; 時間; 氣溫; 鹽度; 水溫; 酸鹼值; 懸浮固體; 溶氧(電極法); 溶氧飽和度; 葉綠素a; 氨氮; 硝酸鹽氮; 正磷酸鹽; 亞硝酸鹽氮; 矽酸鹽,,,時間,2023–2025,15,海保署,需確認各提供者授權條件,高（涉及安全決策風險）,live_or_time_series_candidate,時序工具候選,海保署 座標或後設 資料。研究統計優先使用 qc 品管版本。不可列為 document_rag_candidate。歷史資料僅可回答歷史描述，不可提供當日下水安全判定。,確認時區（疑似 UTC+8）；確認授權（海保署）；確認 qc 與 realtime 時間範圍
歷史品管、即時海氣象水文觀測資料\海保署\龍門鹽寮外海\LonLat.csv,歷史品管與即時海氣象水文觀測資料（海保署）,.csv,52,2026-09-17T18:54:09+08:00,CSV,utf-8-sig,CenterLongitude; CenterLatitude,CenterLongitude; CenterLatitude,,,,2,海保署,需確認各提供者授權條件,高（涉及安全決策風險）,live_or_time_series_candidate,時序工具候選,海保署 座標或後設 資料。研究統計優先使用 qc 品管版本。不可列為 document_rag_candidate。歷史資料僅可回答歷史描述，不可提供當日下水安全判定。,確認時區（疑似 UTC+8）；確認授權（海保署）；確認 qc 與 realtime 時間範圍
歷史品管、即時海氣象水文觀測資料\海保署\龜山島\2023_2025.csv,歷史品管與即時海氣象水文觀測資料（海保署）,.csv,1899,2026-09-17T18:54:09+08:00,CSV,utf-8-sig,測站編號; 時間; 氣溫; 鹽度; 水溫; 酸鹼值; 懸浮固體; 溶氧(電極法); 溶氧飽和度; 葉綠素a; 氨氮; 硝酸鹽氮; 正磷酸鹽; 亞硝酸鹽氮; 矽酸鹽,,,時間,2023–2025,15,海保署,需確認各提供者授權條件,高（涉及安全決策風險）,live_or_time_series_candidate,時序工具候選,海保署 座標或後設 資料。研究統計優先使用 qc 品管版本。不可列為 document_rag_candidate。歷史資料僅可回答歷史描述，不可提供當日下水安全判定。,確認時區（疑似 UTC+8）；確認授權（海保署）；確認 qc 與 realtime 時間範圍
歷史品管、即時海氣象水文觀測資料\海保署\龜山島\LonLat.csv,歷史品管與即時海氣象水文觀測資料（海保署）,.csv,52,2026-09-17T18:54:09+08:00,CSV,utf-8-sig,CenterLongitude; CenterLatitude,CenterLongitude; CenterLatitude,,,,2,海保署,需確認各提供者授權條件,高（涉及安全決策風險）,live_or_time_series_candidate,時序工具候選,海保署 座標或後設 資料。研究統計優先使用 qc 品管版本。不可列為 document_rag_candidate。歷史資料僅可回答歷史描述，不可提供當日下水安全判定。,確認時區（疑似 UTC+8）；確認授權（海保署）；確認 qc 與 realtime 時間範圍
海域生態監測站點\10_花蓮磯崎.jpg,海域生態監測站點（影像）,.jpg,676365,2026-07-29T11:41:54+08:00,Image,binary,,,,,,,海保署／海洋委員會,未確認,中,excluded_or_link_only,排除,站點照片或影片。僅記錄檔案屬性，不可以檔名自動產生生態知識。若未來需要使用，需人工註解與著作權確認。,需人工註解與著作權確認
海域生態監測站點\11_臺東阿朗壹.jpg,海域生態監測站點（影像）,.jpg,688906,2026-07-29T11:41:54+08:00,Image,binary,,,,,,,海保署／海洋委員會,未確認,中,excluded_or_link_only,排除,站點照片或影片。僅記錄檔案屬性，不可以檔名自動產生生態知識。若未來需要使用，需人工註解與著作權確認。,需人工註解與著作權確認
海域生態監測站點\12_屏東九棚沙漠.jpg,海域生態監測站點（影像）,.jpg,390312,2026-07-29T11:41:54+08:00,Image,binary,,,,,,,海保署／海洋委員會,未確認,中,excluded_or_link_only,排除,站點照片或影片。僅記錄檔案屬性，不可以檔名自動產生生態知識。若未來需要使用，需人工註解與著作權確認。,需人工註解與著作權確認
海域生態監測站點\13_屏東南灣(海草床).jpg,海域生態監測站點（影像）,.jpg,705174,2026-07-29T11:41:55+08:00,Image,binary,,,,,,,海保署／海洋委員會,未確認,中,excluded_or_link_only,排除,站點照片或影片。僅記錄檔案屬性，不可以檔名自動產生生態知識。若未來需要使用，需人工註解與著作權確認。,需人工註解與著作權確認
海域生態監測站點\14_屏東南灣(珊瑚礁).jpg,海域生態監測站點（影像）,.jpg,370335,2026-07-29T11:41:55+08:00,Image,binary,,,,,,,海保署／海洋委員會,未確認,中,excluded_or_link_only,排除,站點照片或影片。僅記錄檔案屬性，不可以檔名自動產生生態知識。若未來需要使用，需人工註解與著作權確認。,需人工註解與著作權確認
海域生態監測站點\14_屏東南灣2_(潮間帶).jpg,海域生態監測站點（影像）,.jpg,260269,2026-07-29T11:41:55+08:00,Image,binary,,,,,,,海保署／海洋委員會,未確認,中,excluded_or_link_only,排除,站點照片或影片。僅記錄檔案屬性，不可以檔名自動產生生態知識。若未來需要使用，需人工註解與著作權確認。,需人工註解與著作權確認
海域生態監測站點\14_屏東南灣3_(亞潮帶).jpg,海域生態監測站點（影像）,.jpg,469119,2026-07-29T11:41:55+08:00,Image,binary,,,,,,,海保署／海洋委員會,未確認,中,excluded_or_link_only,排除,站點照片或影片。僅記錄檔案屬性，不可以檔名自動產生生態知識。若未來需要使用，需人工註解與著作權確認。,需人工註解與著作權確認
海域生態監測站點\15_屏東後灣.jpg,海域生態監測站點（影像）,.jpg,576863,2026-07-29T11:41:55+08:00,Image,binary,,,,,,,海保署／海洋委員會,未確認,中,excluded_or_link_only,排除,站點照片或影片。僅記錄檔案屬性，不可以檔名自動產生生態知識。若未來需要使用，需人工註解與著作權確認。,需人工註解與著作權確認
海域生態監測站點\16_屏東大鵬灣.jpg,海域生態監測站點（影像）,.jpg,342830,2026-07-29T11:41:55+08:00,Image,binary,,,,,,,海保署／海洋委員會,未確認,中,excluded_or_link_only,排除,站點照片或影片。僅記錄檔案屬性，不可以檔名自動產生生態知識。若未來需要使用，需人工註解與著作權確認。,需人工註解與著作權確認
海域生態監測站點\17_臺南七股(泥灘).jpg,海域生態監測站點（影像）,.jpg,857518,2026-07-29T11:41:56+08:00,Image,binary,,,,,,,海保署／海洋委員會,未確認,中,excluded_or_link_only,排除,站點照片或影片。僅記錄檔案屬性，不可以檔名自動產生生態知識。若未來需要使用，需人工註解與著作權確認。,需人工註解與著作權確認
海域生態監測站點\17_臺南七股1.JPG,海域生態監測站點（影像）,.jpg,368110,2026-07-29T11:41:56+08:00,Image,binary,,,,,,,海保署／海洋委員會,未確認,中,excluded_or_link_only,排除,站點照片或影片。僅記錄檔案屬性，不可以檔名自動產生生態知識。若未來需要使用，需人工註解與著作權確認。,需人工註解與著作權確認
海域生態監測站點\18_臺南七股(沙洲潟湖).jpg,海域生態監測站點（影像）,.jpg,941450,2026-07-29T11:41:57+08:00,Image,binary,,,,,,,海保署／海洋委員會,未確認,中,excluded_or_link_only,排除,站點照片或影片。僅記錄檔案屬性，不可以檔名自動產生生態知識。若未來需要使用，需人工註解與著作權確認。,需人工註解與著作權確認
海域生態監測站點\18_臺南七股2_(A).JPG,海域生態監測站點（影像）,.jpg,353695,2026-07-29T11:41:56+08:00,Image,binary,,,,,,,海保署／海洋委員會,未確認,中,excluded_or_link_only,排除,站點照片或影片。僅記錄檔案屬性，不可以檔名自動產生生態知識。若未來需要使用，需人工註解與著作權確認。,需人工註解與著作權確認
海域生態監測站點\18_臺南七股2_(B).JPG,海域生態監測站點（影像）,.jpg,377221,2026-07-29T11:41:56+08:00,Image,binary,,,,,,,海保署／海洋委員會,未確認,中,excluded_or_link_only,排除,站點照片或影片。僅記錄檔案屬性，不可以檔名自動產生生態知識。若未來需要使用，需人工註解與著作權確認。,需人工註解與著作權確認
海域生態監測站點\19_臺南七股(紅樹林、海草床).jpg,海域生態監測站點（影像）,.jpg,701626,2026-07-29T11:41:58+08:00,Image,binary,,,,,,,海保署／海洋委員會,未確認,中,excluded_or_link_only,排除,站點照片或影片。僅記錄檔案屬性，不可以檔名自動產生生態知識。若未來需要使用，需人工註解與著作權確認。,需人工註解與著作權確認
海域生態監測站點\1_淡水河口水域(河口).jpg,海域生態監測站點（影像）,.jpg,572059,2026-07-29T11:41:58+08:00,Image,binary,,,,,,,海保署／海洋委員會,未確認,中,excluded_or_link_only,排除,站點照片或影片。僅記錄檔案屬性，不可以檔名自動產生生態知識。若未來需要使用，需人工註解與著作權確認。,需人工註解與著作權確認
海域生態監測站點\20_嘉義好美寮.jpg,海域生態監測站點（影像）,.jpg,539224,2026-07-29T11:41:57+08:00,Image,binary,,,,,,,海保署／海洋委員會,未確認,中,excluded_or_link_only,排除,站點照片或影片。僅記錄檔案屬性，不可以檔名自動產生生態知識。若未來需要使用，需人工註解與著作權確認。,需人工註解與著作權確認
海域生態監測站點\21_嘉義朴子溪口水域(河口).jpg,海域生態監測站點（影像）,.jpg,351006,2026-07-29T11:41:57+08:00,Image,binary,,,,,,,海保署／海洋委員會,未確認,中,excluded_or_link_only,排除,站點照片或影片。僅記錄檔案屬性，不可以檔名自動產生生態知識。若未來需要使用，需人工註解與著作權確認。,需人工註解與著作權確認
海域生態監測站點\22_嘉義朴子溪口水域(紅樹林).jpg,海域生態監測站點（影像）,.jpg,560719,2026-07-29T11:41:58+08:00,Image,binary,,,,,,,海保署／海洋委員會,未確認,中,excluded_or_link_only,排除,站點照片或影片。僅記錄檔案屬性，不可以檔名自動產生生態知識。若未來需要使用，需人工註解與著作權確認。,需人工註解與著作權確認
海域生態監測站點\23_嘉義朴子溪口水域(海草床).jpg,海域生態監測站點（影像）,.jpg,497067,2026-07-29T11:41:59+08:00,Image,binary,,,,,,,海保署／海洋委員會,未確認,中,excluded_or_link_only,排除,站點照片或影片。僅記錄檔案屬性，不可以檔名自動產生生態知識。若未來需要使用，需人工註解與著作權確認。,需人工註解與著作權確認
海域生態監測站點\24_嘉義朴子溪口水域(泥灘).jpg,海域生態監測站點（影像）,.jpg,521743,2026-07-29T11:41:58+08:00,Image,binary,,,,,,,海保署／海洋委員會,未確認,中,excluded_or_link_only,排除,站點照片或影片。僅記錄檔案屬性，不可以檔名自動產生生態知識。若未來需要使用，需人工註解與著作權確認。,需人工註解與著作權確認
海域生態監測站點\25_嘉義外傘頂洲.jpg,海域生態監測站點（影像）,.jpg,469346,2026-07-29T11:41:59+08:00,Image,binary,,,,,,,海保署／海洋委員會,未確認,中,excluded_or_link_only,排除,站點照片或影片。僅記錄檔案屬性，不可以檔名自動產生生態知識。若未來需要使用，需人工註解與著作權確認。,需人工註解與著作權確認
海域生態監測站點\25_嘉義外傘頂洲_衛星.jpg,海域生態監測站點（影像）,.jpg,374655,2026-07-29T11:41:59+08:00,Image,binary,,,,,,,海保署／海洋委員會,未確認,中,excluded_or_link_only,排除,站點照片或影片。僅記錄檔案屬性，不可以檔名自動產生生態知識。若未來需要使用，需人工註解與著作權確認。,需人工註解與著作權確認
海域生態監測站點\26_彰化大肚溪口濕地.jpg,海域生態監測站點（影像）,.jpg,418595,2026-07-29T11:41:59+08:00,Image,binary,,,,,,,海保署／海洋委員會,未確認,中,excluded_or_link_only,排除,站點照片或影片。僅記錄檔案屬性，不可以檔名自動產生生態知識。若未來需要使用，需人工註解與著作權確認。,需人工註解與著作權確認
海域生態監測站點\27_臺中高美濕地.jpg,海域生態監測站點（影像）,.jpg,409211,2026-07-29T11:41:59+08:00,Image,binary,,,,,,,海保署／海洋委員會,未確認,中,excluded_or_link_only,排除,站點照片或影片。僅記錄檔案屬性，不可以檔名自動產生生態知識。若未來需要使用，需人工註解與著作權確認。,需人工註解與著作權確認
海域生態監測站點\28_苗栗灣瓦.jpg,海域生態監測站點（影像）,.jpg,373291,2026-07-29T11:42:00+08:00,Image,binary,,,,,,,海保署／海洋委員會,未確認,中,excluded_or_link_only,排除,站點照片或影片。僅記錄檔案屬性，不可以檔名自動產生生態知識。若未來需要使用，需人工註解與著作權確認。,需人工註解與著作權確認
海域生態監測站點\29_新竹香山濕地.jpg,海域生態監測站點（影像）,.jpg,548475,2026-07-29T11:42:00+08:00,Image,binary,,,,,,,海保署／海洋委員會,未確認,中,excluded_or_link_only,排除,站點照片或影片。僅記錄檔案屬性，不可以檔名自動產生生態知識。若未來需要使用，需人工註解與著作權確認。,需人工註解與著作權確認
海域生態監測站點\2_淡水河口水域(紅樹林).jpg,海域生態監測站點（影像）,.jpg,620052,2026-07-29T11:42:00+08:00,Image,binary,,,,,,,海保署／海洋委員會,未確認,中,excluded_or_link_only,排除,站點照片或影片。僅記錄檔案屬性，不可以檔名自動產生生態知識。若未來需要使用，需人工註解與著作權確認。,需人工註解與著作權確認
海域生態監測站點\30_桃園觀新藻礁.jpg,海域生態監測站點（影像）,.jpg,369188,2026-07-29T11:42:00+08:00,Image,binary,,,,,,,海保署／海洋委員會,未確認,中,excluded_or_link_only,排除,站點照片或影片。僅記錄檔案屬性，不可以檔名自動產生生態知識。若未來需要使用，需人工註解與著作權確認。,需人工註解與著作權確認
海域生態監測站點\31_桃園草漯.jpg,海域生態監測站點（影像）,.jpg,427031,2026-07-29T11:42:00+08:00,Image,binary,,,,,,,海保署／海洋委員會,未確認,中,excluded_or_link_only,排除,站點照片或影片。僅記錄檔案屬性，不可以檔名自動產生生態知識。若未來需要使用，需人工註解與著作權確認。,需人工註解與著作權確認
海域生態監測站點\32_北方三島(棉花嶼).jpg,海域生態監測站點（影像）,.jpg,1059481,2026-07-29T11:42:01+08:00,Image,binary,,,,,,,海保署／海洋委員會,未確認,中,excluded_or_link_only,排除,站點照片或影片。僅記錄檔案屬性，不可以檔名自動產生生態知識。若未來需要使用，需人工註解與著作權確認。,需人工註解與著作權確認
海域生態監測站點\33_北方三島(花瓶嶼).jpg,海域生態監測站點（影像）,.jpg,887942,2026-07-29T11:42:01+08:00,Image,binary,,,,,,,海保署／海洋委員會,未確認,中,excluded_or_link_only,排除,站點照片或影片。僅記錄檔案屬性，不可以檔名自動產生生態知識。若未來需要使用，需人工註解與著作權確認。,需人工註解與著作權確認
海域生態監測站點\33_北方三島(花瓶嶼)_1_示範海域海洋生物資訊蒐集及資源調查(北部海域)_2021.mp4,海域生態監測站點（影像）,.mp4,8967332,2026-07-29T11:42:09+08:00,Video,binary,,,,,2021–2021,,海保署／海洋委員會,未確認,中,excluded_or_link_only,排除,站點照片或影片。僅記錄檔案屬性，不可以檔名自動產生生態知識。若未來需要使用，需人工註解與著作權確認。,需人工註解與著作權確認
海域生態監測站點\34_北方三島(彭佳嶼).jpg,海域生態監測站點（影像）,.jpg,767478,2026-07-29T11:42:02+08:00,Image,binary,,,,,,,海保署／海洋委員會,未確認,中,excluded_or_link_only,排除,站點照片或影片。僅記錄檔案屬性，不可以檔名自動產生生態知識。若未來需要使用，需人工註解與著作權確認。,需人工註解與著作權確認
海域生態監測站點\35_龜山島淺海熱泉.jpg,海域生態監測站點（影像）,.jpg,264633,2026-07-29T11:42:02+08:00,Image,binary,,,,,,,海保署／海洋委員會,未確認,中,excluded_or_link_only,排除,站點照片或影片。僅記錄檔案屬性，不可以檔名自動產生生態知識。若未來需要使用，需人工註解與著作權確認。,需人工註解與著作權確認
海域生態監測站點\36_綠島北岸(珊瑚礁).jpg,海域生態監測站點（影像）,.jpg,664526,2026-07-29T11:42:02+08:00,Image,binary,,,,,,,海保署／海洋委員會,未確認,中,excluded_or_link_only,排除,站點照片或影片。僅記錄檔案屬性，不可以檔名自動產生生態知識。若未來需要使用，需人工註解與著作權確認。,需人工註解與著作權確認
海域生態監測站點\37_蘭嶼.jpg,海域生態監測站點（影像）,.jpg,1072404,2026-07-29T11:42:04+08:00,Image,binary,,,,,,,海保署／海洋委員會,未確認,中,excluded_or_link_only,排除,站點照片或影片。僅記錄檔案屬性，不可以檔名自動產生生態知識。若未來需要使用，需人工註解與著作權確認。,需人工註解與著作權確認
海域生態監測站點\38_小琉球厚石群礁.JPG,海域生態監測站點（影像）,.jpg,741594,2026-07-29T11:42:04+08:00,Image,binary,,,,,,,海保署／海洋委員會,未確認,中,excluded_or_link_only,排除,站點照片或影片。僅記錄檔案屬性，不可以檔名自動產生生態知識。若未來需要使用，需人工註解與著作權確認。,需人工註解與著作權確認
海域生態監測站點\38_小琉球厚石群礁_衛星.jpg,海域生態監測站點（影像）,.jpg,586337,2026-07-29T11:42:04+08:00,Image,binary,,,,,,,海保署／海洋委員會,未確認,中,excluded_or_link_only,排除,站點照片或影片。僅記錄檔案屬性，不可以檔名自動產生生態知識。若未來需要使用，需人工註解與著作權確認。,需人工註解與著作權確認
海域生態監測站點\39_澎湖本島周遭海域(珊瑚礁).jpg,海域生態監測站點（影像）,.jpg,803205,2026-07-29T11:42:05+08:00,Image,binary,,,,,,,海保署／海洋委員會,未確認,中,excluded_or_link_only,排除,站點照片或影片。僅記錄檔案屬性，不可以檔名自動產生生態知識。若未來需要使用，需人工註解與著作權確認。,需人工註解與著作權確認
海域生態監測站點\39_澎湖本島周遭海域1_(青灣A).jpg,海域生態監測站點（影像）,.jpg,796252,2026-07-29T11:42:05+08:00,Image,binary,,,,,,,海保署／海洋委員會,未確認,中,excluded_or_link_only,排除,站點照片或影片。僅記錄檔案屬性，不可以檔名自動產生生態知識。若未來需要使用，需人工註解與著作權確認。,需人工註解與著作權確認
海域生態監測站點\39_澎湖本島周遭海域1_(青灣B).jpg,海域生態監測站點（影像）,.jpg,681647,2026-07-29T11:42:06+08:00,Image,binary,,,,,,,海保署／海洋委員會,未確認,中,excluded_or_link_only,排除,站點照片或影片。僅記錄檔案屬性，不可以檔名自動產生生態知識。若未來需要使用，需人工註解與著作權確認。,需人工註解與著作權確認
海域生態監測站點\39_澎湖本島周遭海域1_(青灣C).jpg,海域生態監測站點（影像）,.jpg,616110,2026-07-29T11:42:06+08:00,Image,binary,,,,,,,海保署／海洋委員會,未確認,中,excluded_or_link_only,排除,站點照片或影片。僅記錄檔案屬性，不可以檔名自動產生生態知識。若未來需要使用，需人工註解與著作權確認。,需人工註解與著作權確認
海域生態監測站點\3_新北麟山鼻.jpg,海域生態監測站點（影像）,.jpg,546825,2026-07-29T11:42:06+08:00,Image,binary,,,,,,,海保署／海洋委員會,未確認,中,excluded_or_link_only,排除,站點照片或影片。僅記錄檔案屬性，不可以檔名自動產生生態知識。若未來需要使用，需人工註解與著作權確認。,需人工註解與著作權確認
海域生態監測站點\40_澎湖本島周遭海域(海草床).jpg,海域生態監測站點（影像）,.jpg,1048037,2026-07-29T11:42:07+08:00,Image,binary,,,,,,,海保署／海洋委員會,未確認,中,excluded_or_link_only,排除,站點照片或影片。僅記錄檔案屬性，不可以檔名自動產生生態知識。若未來需要使用，需人工註解與著作權確認。,需人工註解與著作權確認
海域生態監測站點\40_澎湖本島周遭海域2_(岐頭A).jpg,海域生態監測站點（影像）,.jpg,968278,2026-07-29T11:42:08+08:00,Image,binary,,,,,,,海保署／海洋委員會,未確認,中,excluded_or_link_only,排除,站點照片或影片。僅記錄檔案屬性，不可以檔名自動產生生態知識。若未來需要使用，需人工註解與著作權確認。,需人工註解與著作權確認
海域生態監測站點\40_澎湖本島周遭海域2_(岐頭B).jpg,海域生態監測站點（影像）,.jpg,882172,2026-07-29T11:42:08+08:00,Image,binary,,,,,,,海保署／海洋委員會,未確認,中,excluded_or_link_only,排除,站點照片或影片。僅記錄檔案屬性，不可以檔名自動產生生態知識。若未來需要使用，需人工註解與著作權確認。,需人工註解與著作權確認
海域生態監測站點\40_澎湖本島周遭海域2_(岐頭C).jpg,海域生態監測站點（影像）,.jpg,764614,2026-07-29T11:42:08+08:00,Image,binary,,,,,,,海保署／海洋委員會,未確認,中,excluded_or_link_only,排除,站點照片或影片。僅記錄檔案屬性，不可以檔名自動產生生態知識。若未來需要使用，需人工註解與著作權確認。,需人工註解與著作權確認
海域生態監測站點\41_東西吉嶼廊道.jpg,海域生態監測站點（影像）,.jpg,261545,2026-07-29T11:42:09+08:00,Image,binary,,,,,,,海保署／海洋委員會,未確認,中,excluded_or_link_only,排除,站點照片或影片。僅記錄檔案屬性，不可以檔名自動產生生態知識。若未來需要使用，需人工註解與著作權確認。,需人工註解與著作權確認
海域生態監測站點\42_金門浯江溪口.jpg,海域生態監測站點（影像）,.jpg,387857,2026-07-29T11:42:09+08:00,Image,binary,,,,,,,海保署／海洋委員會,未確認,中,excluded_or_link_only,排除,站點照片或影片。僅記錄檔案屬性，不可以檔名自動產生生態知識。若未來需要使用，需人工註解與著作權確認。,需人工註解與著作權確認
海域生態監測站點\42_金門浯江溪口_衛星.jpg,海域生態監測站點（影像）,.jpg,575304,2026-07-29T11:42:10+08:00,Image,binary,,,,,,,海保署／海洋委員會,未確認,中,excluded_or_link_only,排除,站點照片或影片。僅記錄檔案屬性，不可以檔名自動產生生態知識。若未來需要使用，需人工註解與著作權確認。,需人工註解與著作權確認
海域生態監測站點\43_馬祖莒光青帆港(岩礁).jpg,海域生態監測站點（影像）,.jpg,616147,2026-07-29T11:42:10+08:00,Image,binary,,,,,,,海保署／海洋委員會,未確認,中,excluded_or_link_only,排除,站點照片或影片。僅記錄檔案屬性，不可以檔名自動產生生態知識。若未來需要使用，需人工註解與著作權確認。,需人工註解與著作權確認
海域生態監測站點\43_馬祖莒光青帆港.jpg,海域生態監測站點（影像）,.jpg,470852,2026-07-29T11:42:10+08:00,Image,binary,,,,,,,海保署／海洋委員會,未確認,中,excluded_or_link_only,排除,站點照片或影片。僅記錄檔案屬性，不可以檔名自動產生生態知識。若未來需要使用，需人工註解與著作權確認。,需人工註解與著作權確認
海域生態監測站點\44_馬祖南竿鯨豚觀測點1.jpg,海域生態監測站點（影像）,.jpg,651266,2026-07-29T11:42:11+08:00,Image,binary,,,,,,,海保署／海洋委員會,未確認,中,excluded_or_link_only,排除,站點照片或影片。僅記錄檔案屬性，不可以檔名自動產生生態知識。若未來需要使用，需人工註解與著作權確認。,需人工註解與著作權確認
海域生態監測站點\44_馬祖南竿鯨豚觀測點1_(55據點).jpg,海域生態監測站點（影像）,.jpg,408570,2026-07-29T11:42:10+08:00,Image,binary,,,,,,,海保署／海洋委員會,未確認,中,excluded_or_link_only,排除,站點照片或影片。僅記錄檔案屬性，不可以檔名自動產生生態知識。若未來需要使用，需人工註解與著作權確認。,需人工註解與著作權確認
海域生態監測站點\45_馬祖南竿鯨豚觀測點2.jpg,海域生態監測站點（影像）,.jpg,625156,2026-07-29T11:42:11+08:00,Image,binary,,,,,,,海保署／海洋委員會,未確認,中,excluded_or_link_only,排除,站點照片或影片。僅記錄檔案屬性，不可以檔名自動產生生態知識。若未來需要使用，需人工註解與著作權確認。,需人工註解與著作權確認
海域生態監測站點\45_馬祖南竿鯨豚觀測點2_(鐵堡).jpg,海域生態監測站點（影像）,.jpg,534602,2026-07-29T11:42:11+08:00,Image,binary,,,,,,,海保署／海洋委員會,未確認,中,excluded_or_link_only,排除,站點照片或影片。僅記錄檔案屬性，不可以檔名自動產生生態知識。若未來需要使用，需人工註解與著作權確認。,需人工註解與著作權確認
海域生態監測站點\46_東沙環礁(海草床、珊瑚礁).jpg,海域生態監測站點（影像）,.jpg,581493,2026-07-29T11:42:11+08:00,Image,binary,,,,,,,海保署／海洋委員會,未確認,中,excluded_or_link_only,排除,站點照片或影片。僅記錄檔案屬性，不可以檔名自動產生生態知識。若未來需要使用，需人工註解與著作權確認。,需人工註解與著作權確認
海域生態監測站點\47_南沙太平島.jpg,海域生態監測站點（影像）,.jpg,1019619,2026-07-29T11:42:13+08:00,Image,binary,,,,,,,海保署／海洋委員會,未確認,中,excluded_or_link_only,排除,站點照片或影片。僅記錄檔案屬性，不可以檔名自動產生生態知識。若未來需要使用，需人工註解與著作權確認。,需人工註解與著作權確認
海域生態監測站點\47_南沙太平島_衛星.jpg,海域生態監測站點（影像）,.jpg,614745,2026-07-29T11:42:12+08:00,Image,binary,,,,,,,海保署／海洋委員會,未確認,中,excluded_or_link_only,排除,站點照片或影片。僅記錄檔案屬性，不可以檔名自動產生生態知識。若未來需要使用，需人工註解與著作權確認。,需人工註解與著作權確認
海域生態監測站點\48_雲林麥寮台塑六輕工業區外海.jpg,海域生態監測站點（影像）,.jpg,489383,2026-07-29T11:42:12+08:00,Image,binary,,,,,,,海保署／海洋委員會,未確認,中,excluded_or_link_only,排除,站點照片或影片。僅記錄檔案屬性，不可以檔名自動產生生態知識。若未來需要使用，需人工註解與著作權確認。,需人工註解與著作權確認
海域生態監測站點\48_雲林麥寮台塑六輕工業區外海_衛星.jpg,海域生態監測站點（影像）,.jpg,336137,2026-07-29T11:42:12+08:00,Image,binary,,,,,,,海保署／海洋委員會,未確認,中,excluded_or_link_only,排除,站點照片或影片。僅記錄檔案屬性，不可以檔名自動產生生態知識。若未來需要使用，需人工註解與著作權確認。,需人工註解與著作權確認
海域生態監測站點\49_離岸風場之苗栗外海.jpg,海域生態監測站點（影像）,.jpg,388201,2026-07-29T11:42:13+08:00,Image,binary,,,,,,,海保署／海洋委員會,未確認,中,excluded_or_link_only,排除,站點照片或影片。僅記錄檔案屬性，不可以檔名自動產生生態知識。若未來需要使用，需人工註解與著作權確認。,需人工註解與著作權確認
海域生態監測站點\49_離岸風場之苗栗外海1_(竹南A).jpg,海域生態監測站點（影像）,.jpg,569509,2026-07-29T11:42:13+08:00,Image,binary,,,,,,,海保署／海洋委員會,未確認,中,excluded_or_link_only,排除,站點照片或影片。僅記錄檔案屬性，不可以檔名自動產生生態知識。若未來需要使用，需人工註解與著作權確認。,需人工註解與著作權確認
海域生態監測站點\49_離岸風場之苗栗外海2_(竹南B).jpg,海域生態監測站點（影像）,.jpg,155311,2026-07-29T11:42:13+08:00,Image,binary,,,,,,,海保署／海洋委員會,未確認,中,excluded_or_link_only,排除,站點照片或影片。僅記錄檔案屬性，不可以檔名自動產生生態知識。若未來需要使用，需人工註解與著作權確認。,需人工註解與著作權確認
海域生態監測站點\4_新北石門(亞潮帶)_1_示範海域海洋生物資訊蒐集及資源調查(北部海域)_2021.mp4,海域生態監測站點（影像）,.mp4,25801438,2026-07-29T11:42:37+08:00,Video,binary,,,,,2021–2021,,海保署／海洋委員會,未確認,中,excluded_or_link_only,排除,站點照片或影片。僅記錄檔案屬性，不可以檔名自動產生生態知識。若未來需要使用，需人工註解與著作權確認。,需人工註解與著作權確認
海域生態監測站點\4_新北石門(亞潮帶)_2_示範海域海洋生物資訊蒐集及資源調查(北部海域)_2021.mp4,海域生態監測站點（影像）,.mp4,5979044,2026-07-29T11:42:20+08:00,Video,binary,,,,,2021–2021,,海保署／海洋委員會,未確認,中,excluded_or_link_only,排除,站點照片或影片。僅記錄檔案屬性，不可以檔名自動產生生態知識。若未來需要使用，需人工註解與著作權確認。,需人工註解與著作權確認
海域生態監測站點\4_新北石門.jpg,海域生態監測站點（影像）,.jpg,672596,2026-07-29T11:42:14+08:00,Image,binary,,,,,,,海保署／海洋委員會,未確認,中,excluded_or_link_only,排除,站點照片或影片。僅記錄檔案屬性，不可以檔名自動產生生態知識。若未來需要使用，需人工註解與著作權確認。,需人工註解與著作權確認
海域生態監測站點\50_臺灣淺灘.jpg,海域生態監測站點（影像）,.jpg,291927,2026-07-29T11:42:14+08:00,Image,binary,,,,,,,海保署／海洋委員會,未確認,中,excluded_or_link_only,排除,站點照片或影片。僅記錄檔案屬性，不可以檔名自動產生生態知識。若未來需要使用，需人工註解與著作權確認。,需人工註解與著作權確認
海域生態監測站點\50_臺灣淺灘_(A).jpg,海域生態監測站點（影像）,.jpg,618736,2026-07-29T11:42:15+08:00,Image,binary,,,,,,,海保署／海洋委員會,未確認,中,excluded_or_link_only,排除,站點照片或影片。僅記錄檔案屬性，不可以檔名自動產生生態知識。若未來需要使用，需人工註解與著作權確認。,需人工註解與著作權確認
海域生態監測站點\50_臺灣淺灘_(B).jpg,海域生態監測站點（影像）,.jpg,538277,2026-07-29T11:42:16+08:00,Image,binary,,,,,,,海保署／海洋委員會,未確認,中,excluded_or_link_only,排除,站點照片或影片。僅記錄檔案屬性，不可以檔名自動產生生態知識。若未來需要使用，需人工註解與著作權確認。,需人工註解與著作權確認
海域生態監測站點\51_海纜觀測系統.jpg,海域生態監測站點（影像）,.jpg,500868,2026-07-29T11:42:17+08:00,Image,binary,,,,,,,海保署／海洋委員會,未確認,中,excluded_or_link_only,排除,站點照片或影片。僅記錄檔案屬性，不可以檔名自動產生生態知識。若未來需要使用，需人工註解與著作權確認。,需人工註解與著作權確認
海域生態監測站點\52_三仙台外海.jpg,海域生態監測站點（影像）,.jpg,402220,2026-07-29T11:42:18+08:00,Image,binary,,,,,,,海保署／海洋委員會,未確認,中,excluded_or_link_only,排除,站點照片或影片。僅記錄檔案屬性，不可以檔名自動產生生態知識。若未來需要使用，需人工註解與著作權確認。,需人工註解與著作權確認
海域生態監測站點\53_知本外海.jpg,海域生態監測站點（影像）,.jpg,498823,2026-07-29T11:42:19+08:00,Image,binary,,,,,,,海保署／海洋委員會,未確認,中,excluded_or_link_only,排除,站點照片或影片。僅記錄檔案屬性，不可以檔名自動產生生態知識。若未來需要使用，需人工註解與著作權確認。,需人工註解與著作權確認
海域生態監測站點\54_高屏大陸坡至高屏峽谷間之海脊.jpg,海域生態監測站點（影像）,.jpg,553814,2026-07-29T11:42:20+08:00,Image,binary,,,,,,,海保署／海洋委員會,未確認,中,excluded_or_link_only,排除,站點照片或影片。僅記錄檔案屬性，不可以檔名自動產生生態知識。若未來需要使用，需人工註解與著作權確認。,需人工註解與著作權確認
海域生態監測站點\54_高屏大陸坡至高屏峽谷間之海脊_(A).jpg,海域生態監測站點（影像）,.jpg,343728,2026-07-29T11:42:20+08:00,Image,binary,,,,,,,海保署／海洋委員會,未確認,中,excluded_or_link_only,排除,站點照片或影片。僅記錄檔案屬性，不可以檔名自動產生生態知識。若未來需要使用，需人工註解與著作權確認。,需人工註解與著作權確認
海域生態監測站點\54_高屏大陸坡至高屏峽谷間之海脊_(B).jpg,海域生態監測站點（影像）,.jpg,495512,2026-07-29T11:42:21+08:00,Image,binary,,,,,,,海保署／海洋委員會,未確認,中,excluded_or_link_only,排除,站點照片或影片。僅記錄檔案屬性，不可以檔名自動產生生態知識。若未來需要使用，需人工註解與著作權確認。,需人工註解與著作權確認
海域生態監測站點\5_基隆潮境公園.jpg,海域生態監測站點（影像）,.jpg,578926,2026-07-29T11:42:21+08:00,Image,binary,,,,,,,海保署／海洋委員會,未確認,中,excluded_or_link_only,排除,站點照片或影片。僅記錄檔案屬性，不可以檔名自動產生生態知識。若未來需要使用，需人工註解與著作權確認。,需人工註解與著作權確認
海域生態監測站點\6_新北野柳(亞潮帶)_1_示範海域海洋生物資訊蒐集及資源調查(北部海域)_2021.mp4,海域生態監測站點（影像）,.mp4,4527869,2026-07-29T11:42:25+08:00,Video,binary,,,,,2021–2021,,海保署／海洋委員會,未確認,中,excluded_or_link_only,排除,站點照片或影片。僅記錄檔案屬性，不可以檔名自動產生生態知識。若未來需要使用，需人工註解與著作權確認。,需人工註解與著作權確認
海域生態監測站點\6_新北野柳(亞潮帶)_2_示範海域海洋生物資訊蒐集及資源調查(北部海域)_2021.mp4,海域生態監測站點（影像）,.mp4,4799667,2026-07-29T11:42:25+08:00,Video,binary,,,,,2021–2021,,海保署／海洋委員會,未確認,中,excluded_or_link_only,排除,站點照片或影片。僅記錄檔案屬性，不可以檔名自動產生生態知識。若未來需要使用，需人工註解與著作權確認。,需人工註解與著作權確認
海域生態監測站點\6_新北野柳.jpg,海域生態監測站點（影像）,.jpg,1138664,2026-07-29T11:42:26+08:00,Image,binary,,,,,,,海保署／海洋委員會,未確認,中,excluded_or_link_only,排除,站點照片或影片。僅記錄檔案屬性，不可以檔名自動產生生態知識。若未來需要使用，需人工註解與著作權確認。,需人工註解與著作權確認
海域生態監測站點\7_新北深澳.jpg,海域生態監測站點（影像）,.jpg,311219,2026-07-29T11:42:25+08:00,Image,binary,,,,,,,海保署／海洋委員會,未確認,中,excluded_or_link_only,排除,站點照片或影片。僅記錄檔案屬性，不可以檔名自動產生生態知識。若未來需要使用，需人工註解與著作權確認。,需人工註解與著作權確認
海域生態監測站點\8_新北龍洞.jpg,海域生態監測站點（影像）,.jpg,656861,2026-07-29T11:42:26+08:00,Image,binary,,,,,,,海保署／海洋委員會,未確認,中,excluded_or_link_only,排除,站點照片或影片。僅記錄檔案屬性，不可以檔名自動產生生態知識。若未來需要使用，需人工註解與著作權確認。,需人工註解與著作權確認
海域生態監測站點\9_新北卯澳(潮間帶)_1_示範海域海洋生物資訊蒐集及資源調查(北部海域)_2021.mp4,海域生態監測站點（影像）,.mp4,13984208,2026-07-29T11:42:39+08:00,Video,binary,,,,,2021–2021,,海保署／海洋委員會,未確認,中,excluded_or_link_only,排除,站點照片或影片。僅記錄檔案屬性，不可以檔名自動產生生態知識。若未來需要使用，需人工註解與著作權確認。,需人工註解與著作權確認
海域生態監測站點\9_新北卯澳.jpg,海域生態監測站點（影像）,.jpg,556960,2026-07-29T11:42:27+08:00,Image,binary,,,,,,,海保署／海洋委員會,未確認,中,excluded_or_link_only,排除,站點照片或影片。僅記錄檔案屬性，不可以檔名自動產生生態知識。若未來需要使用，需人工註解與著作權確認。,需人工註解與著作權確認
海域生態監測站點\null.jpg,海域生態監測站點（影像）,.jpg,230462,2026-07-29T11:42:27+08:00,Image,binary,,,,,,,海保署／海洋委員會,未確認,中,excluded_or_link_only,排除,站點照片或影片。僅記錄檔案屬性，不可以檔名自動產生生態知識。若未來需要使用，需人工註解與著作權確認。,需人工註解與著作權確認
海域生態監測站點\海域生態監測站點.json,海域生態監測站點,.json,72039,2026-07-29T11:45:01+08:00,JSON,utf-8,GeoProductID; Id; CenterLatitude; CenterLongitude; AccessURL; WestBoundLongitude; EastBoundLongitude; SouthBoundLatitude; NorthBoundLatitude; Title; TitleEng; Class1; Class2; Class3; Class4,CenterLatitude; CenterLongitude; WestBoundLongitude; EastBoundLongitude; SouthBoundLatitude; NorthBoundLatitude; AccessType,,,,large,海保署／海洋委員會,未確認,中,structured_evidence_candidate,候選,海域生態監測站點資料。歷史觀測不等於目前可見。,確認欄位結構與授權
海洋生物擱淺紀錄\海洋生物擱淺紀錄_海龜.json,海洋生物擱淺紀錄,.json,771689,2026-07-27T14:37:28+08:00,JSON,utf-8,GeoProductID; Id; CenterLatitude; CenterLongitude; AccessURL; WestBoundLongitude; EastBoundLongitude; SouthBoundLatitude; NorthBoundLatitude; Title; EarliestDate; LatestDate; Class1; Class2; Class3,CenterLatitude; CenterLongitude; WestBoundLongitude; EastBoundLongitude; SouthBoundLatitude; NorthBoundLatitude; LatestDate; AccessType,,EarliestDate; LatestDate; DateTime,,large,海保署,可能為 OGL 1.0（需確認）,中（可能含敏感物種位置）,structured_evidence_candidate,候選,海龜與鯨豚擱淺 JSON。歷史記錄，可作為保育背景。歷史觀測不等於目前可見。,確認欄位結構與授權；評估是否含敏感物種位置
海洋生物擱淺紀錄\海洋生物擱淺紀錄_鯨豚.json,海洋生物擱淺紀錄,.json,353014,2026-07-27T14:36:39+08:00,JSON,utf-8,GeoProductID; Id; CenterLatitude; CenterLongitude; AccessURL; WestBoundLongitude; EastBoundLongitude; SouthBoundLatitude; NorthBoundLatitude; Title; EarliestDate; LatestDate; Class1; Class2; Class3,CenterLatitude; CenterLongitude; WestBoundLongitude; EastBoundLongitude; SouthBoundLatitude; NorthBoundLatitude; LatestDate; AccessType,,EarliestDate; LatestDate; DateTime,,large,海保署,可能為 OGL 1.0（需確認）,中（可能含敏感物種位置）,structured_evidence_candidate,候選,海龜與鯨豚擱淺 JSON。歷史記錄，可作為保育背景。歷史觀測不等於目前可見。,確認欄位結構與授權；評估是否含敏感物種位置
臺灣底拖與深海採集資料\dwca-bottom_trawl-v4.1\dwca-bottom_trawl-v4.1.csv,臺灣底拖與深海採集資料（DwC-A）,.csv,2347602,2026-09-17T18:53:34+08:00,CSV,utf-8-sig,id; modified; language; rightsHolder; institutionCode; collectionCode; basisOfRecord; occurrenceID; catalogNumber; recordedBy; individualCount; lifeStage; samplingProtocol; eventDate; habitat,recordedBy; waterBody; country; locality; maximumDepthInMeters; decimalLatitude; decimalLongitude; coordinateUncertaintyInMeters,,eventDate; dateIdentified,,3851,TaiBIF / 學術研究機構,可能為 CC BY 4.0（DwC-A 慣例）,低,structured_evidence_candidate,候選,底拖與深海魚類 Darwin Core Archive CSV。深海採集超出休閒潛水範圍，但底拖近岸資料可能有參考價值。歷史觀測不等於目前可見。,確認授權（DwC-A 通常 CC BY）；區分近岸與深海子集
臺灣底拖與深海採集資料\dwca-deep-sea-fishes-v10.1\dwca-deep-sea-fishes-v10.1.csv,臺灣底拖與深海採集資料（DwC-A）,.csv,1724851,2026-09-17T18:53:39+08:00,CSV,utf-8-sig,id; type; modified; language; rightsHolder; basisOfRecord; occurrenceID; individualCount; lifeStage; samplingProtocol; eventDate; eventTime; waterBody; country; countryCode,type; waterBody; country; countryCode; maximumDepthInMeters; decimalLatitude; decimalLongitude; coordinateUncertaintyInMeters,,eventDate; eventTime; dateIdentified,,3901,TaiBIF / 學術研究機構,可能為 CC BY 4.0（DwC-A 慣例）,低,structured_evidence_candidate,候選,底拖與深海魚類 Darwin Core Archive CSV。深海採集超出休閒潛水範圍，但底拖近岸資料可能有參考價值。歷史觀測不等於目前可見。,確認授權（DwC-A 通常 CC BY）；區分近岸與深海子集
臺灣魚類資料庫\臺灣魚類資料庫.csv,臺灣魚類資料庫,.csv,1179681,2023-05-18T16:31:58+08:00,CSV,utf-8-sig,gid; DateLastModified; GlobalUniqueIdentifier; BasisOfRecord; Kingdom; Phylum; Class; Subclass; Order; Suborder; Family; Family_ID; ScientificName; AuthorYearOfScientificName; KingdomInChinese,Phylum; Family; Family_ID; AuthorYearOfScientificName; PhylumInChinese; FamilyInChinese,,DateLastModified; AuthorYearOfScientificName,,5151,中研院生物多樣性研究中心 / TaiBIF,未確認,低,structured_evidence_candidate,候選,臺灣魚類分類與分布 CSV。歷史觀測不等於目前可見。可作為物種背景參考。,確認欄位結構；確認來源與授權（中研院 TaiCoL / TaiBIF）
